[12-Mar-2025 08:47:18 Europe/Berlin] Attempting to connect to database: mysql:host=localhost;dbname=upang_link
[12-Mar-2025 08:47:18 Europe/Berlin] Database connection successful
[12-Mar-2025 08:47:18 Europe/Berlin] Validating session for token: 8700a4abbd7028d63e8d828f4de5eab0dd32a0ae4afc542e647afb1898582a6b
[12-Mar-2025 08:47:18 Europe/Berlin] Executing query: SELECT us.*, u.email_verified 
                FROM user_sessions us
                JOIN users u ON us.user_id = u.user_id
                WHERE us.token = ? AND us.is_active = 1 AND us.expires_at > NOW()
[12-Mar-2025 08:47:18 Europe/Berlin] Query executed. Row count: 1
[12-Mar-2025 08:47:18 Europe/Berlin] Session found: {"session_id":3,"user_id":2,"token":"8700a4abbd7028d63e8d828f4de5eab0dd32a0ae4afc542e647afb1898582a6b","device_info":"okhttp\/4.12.0","ip_address":"192.168.1.9","last_activity":"2025-03-11 22:43:09","expires_at":"2025-03-13 03:20:33","is_active":1,"created_at":"2025-03-11 19:20:33","email_verified":1}
[12-Mar-2025 08:47:18 Europe/Berlin] Updating session activity for token: 8700a4abbd7028d63e8d828f4de5eab0dd32a0ae4afc542e647afb1898582a6b
[12-Mar-2025 08:47:18 Europe/Berlin] Session activity update result: success
[12-Mar-2025 08:47:25 Europe/Berlin] Attempting to connect to database: mysql:host=localhost;dbname=upang_link
[12-Mar-2025 08:47:25 Europe/Berlin] Database connection successful
[12-Mar-2025 08:47:25 Europe/Berlin] Initializing RequestController
[12-Mar-2025 08:47:25 Europe/Berlin] Attempting to connect to database: mysql:host=localhost;dbname=upang_link
[12-Mar-2025 08:47:25 Europe/Berlin] Database connection successful
[12-Mar-2025 08:47:25 Europe/Berlin] RequestController initialized successfully
[12-Mar-2025 08:47:25 Europe/Berlin] Handling request: Method=GET, Endpoint=requests/types
[12-Mar-2025 08:47:25 Europe/Berlin] Normalized endpoint: types
[12-Mar-2025 08:47:25 Europe/Berlin] Getting request types
[12-Mar-2025 08:47:25 Europe/Berlin] Fetching request types
[12-Mar-2025 08:47:25 Europe/Berlin] Executing request types query
[12-Mar-2025 08:47:25 Europe/Berlin] Found 7 request types
[12-Mar-2025 08:47:25 Europe/Berlin] Successfully formatted 7 request types
[12-Mar-2025 08:47:25 Europe/Berlin] Attempting to connect to database: mysql:host=localhost;dbname=upang_link
[12-Mar-2025 08:47:25 Europe/Berlin] Database connection successful
[12-Mar-2025 08:47:25 Europe/Berlin] Validating session for token: 8700a4abbd7028d63e8d828f4de5eab0dd32a0ae4afc542e647afb1898582a6b
[12-Mar-2025 08:47:25 Europe/Berlin] Executing query: SELECT us.*, u.email_verified 
                FROM user_sessions us
                JOIN users u ON us.user_id = u.user_id
                WHERE us.token = ? AND us.is_active = 1 AND us.expires_at > NOW()
[12-Mar-2025 08:47:25 Europe/Berlin] Query executed. Row count: 1
[12-Mar-2025 08:47:25 Europe/Berlin] Session found: {"session_id":3,"user_id":2,"token":"8700a4abbd7028d63e8d828f4de5eab0dd32a0ae4afc542e647afb1898582a6b","device_info":"okhttp\/4.12.0","ip_address":"192.168.1.9","last_activity":"2025-03-12 00:47:18","expires_at":"2025-03-13 03:20:33","is_active":1,"created_at":"2025-03-11 19:20:33","email_verified":1}
[12-Mar-2025 08:47:25 Europe/Berlin] Updating session activity for token: 8700a4abbd7028d63e8d828f4de5eab0dd32a0ae4afc542e647afb1898582a6b
[12-Mar-2025 08:47:25 Europe/Berlin] Session activity update result: success
[12-Mar-2025 08:47:25 Europe/Berlin] Initializing RequestController
[12-Mar-2025 08:47:25 Europe/Berlin] Attempting to connect to database: mysql:host=localhost;dbname=upang_link
[12-Mar-2025 08:47:25 Europe/Berlin] Database connection successful
[12-Mar-2025 08:47:25 Europe/Berlin] RequestController initialized successfully
[12-Mar-2025 08:47:25 Europe/Berlin] Handling request: Method=GET, Endpoint=requests/statistics
[12-Mar-2025 08:47:25 Europe/Berlin] Normalized endpoint: statistics
[12-Mar-2025 08:47:25 Europe/Berlin] Getting request statistics
[12-Mar-2025 08:47:27 Europe/Berlin] Attempting to connect to database: mysql:host=localhost;dbname=upang_link
[12-Mar-2025 08:47:27 Europe/Berlin] Database connection successful
[12-Mar-2025 08:47:27 Europe/Berlin] Initializing RequestController
[12-Mar-2025 08:47:27 Europe/Berlin] Attempting to connect to database: mysql:host=localhost;dbname=upang_link
[12-Mar-2025 08:47:27 Europe/Berlin] Database connection successful
[12-Mar-2025 08:47:27 Europe/Berlin] RequestController initialized successfully
[12-Mar-2025 08:47:27 Europe/Berlin] Handling request: Method=GET, Endpoint=requests/types
[12-Mar-2025 08:47:27 Europe/Berlin] Normalized endpoint: types
[12-Mar-2025 08:47:27 Europe/Berlin] Getting request types
[12-Mar-2025 08:47:27 Europe/Berlin] Fetching request types
[12-Mar-2025 08:47:27 Europe/Berlin] Executing request types query
[12-Mar-2025 08:47:27 Europe/Berlin] Found 7 request types
[12-Mar-2025 08:47:27 Europe/Berlin] Successfully formatted 7 request types
[12-Mar-2025 09:28:02 Europe/Berlin] Attempting to connect to database: mysql:host=localhost;dbname=upang_link
[12-Mar-2025 09:28:02 Europe/Berlin] Database connection successful
[12-Mar-2025 09:28:02 Europe/Berlin] Initializing RequestController
[12-Mar-2025 09:28:02 Europe/Berlin] Attempting to connect to database: mysql:host=localhost;dbname=upang_link
[12-Mar-2025 09:28:02 Europe/Berlin] Database connection successful
[12-Mar-2025 09:28:02 Europe/Berlin] RequestController initialized successfully
[12-Mar-2025 09:28:02 Europe/Berlin] Handling request: Method=GET, Endpoint=requests/types
[12-Mar-2025 09:28:02 Europe/Berlin] Normalized endpoint: types
[12-Mar-2025 09:28:02 Europe/Berlin] Getting request types
[12-Mar-2025 09:28:02 Europe/Berlin] Fetching request types
[12-Mar-2025 09:28:02 Europe/Berlin] Executing request types query
[12-Mar-2025 09:28:02 Europe/Berlin] Found 7 request types
[12-Mar-2025 09:28:02 Europe/Berlin] Successfully formatted 7 request types
[12-Mar-2025 09:28:43 Europe/Berlin] Attempting to connect to database: mysql:host=localhost;dbname=upang_link
[12-Mar-2025 09:28:43 Europe/Berlin] Database connection successful
[12-Mar-2025 09:28:43 Europe/Berlin] Initializing RequestController
[12-Mar-2025 09:28:43 Europe/Berlin] Attempting to connect to database: mysql:host=localhost;dbname=upang_link
[12-Mar-2025 09:28:43 Europe/Berlin] Database connection successful
[12-Mar-2025 09:28:43 Europe/Berlin] RequestController initialized successfully
[12-Mar-2025 09:28:43 Europe/Berlin] Handling request: Method=GET, Endpoint=requests/types
[12-Mar-2025 09:28:43 Europe/Berlin] Normalized endpoint: types
[12-Mar-2025 09:28:43 Europe/Berlin] Getting request types
[12-Mar-2025 09:28:43 Europe/Berlin] Fetching request types
[12-Mar-2025 09:28:43 Europe/Berlin] Executing request types query
[12-Mar-2025 09:28:43 Europe/Berlin] Found 7 request types
[12-Mar-2025 09:28:43 Europe/Berlin] Successfully formatted 7 request types
[12-Mar-2025 09:28:52 Europe/Berlin] Attempting to connect to database: mysql:host=localhost;dbname=upang_link
[12-Mar-2025 09:28:52 Europe/Berlin] Database connection successful
[12-Mar-2025 09:28:52 Europe/Berlin] Initializing RequestController
[12-Mar-2025 09:28:52 Europe/Berlin] Attempting to connect to database: mysql:host=localhost;dbname=upang_link
[12-Mar-2025 09:28:52 Europe/Berlin] Database connection successful
[12-Mar-2025 09:28:52 Europe/Berlin] RequestController initialized successfully
[12-Mar-2025 09:28:52 Europe/Berlin] Handling request: Method=GET, Endpoint=requests/types
[12-Mar-2025 09:28:52 Europe/Berlin] Normalized endpoint: types
[12-Mar-2025 09:28:52 Europe/Berlin] Getting request types
[12-Mar-2025 09:28:52 Europe/Berlin] Fetching request types
[12-Mar-2025 09:28:52 Europe/Berlin] Executing request types query
[12-Mar-2025 09:28:52 Europe/Berlin] Found 7 request types
[12-Mar-2025 09:28:52 Europe/Berlin] Successfully formatted 7 request types
[12-Mar-2025 09:31:37 Europe/Berlin] Attempting to connect to database: mysql:host=localhost;dbname=upang_link
[12-Mar-2025 09:31:37 Europe/Berlin] Database connection successful
[12-Mar-2025 09:31:37 Europe/Berlin] Validating session for token: 8700a4abbd7028d63e8d828f4de5eab0dd32a0ae4afc542e647afb1898582a6b
[12-Mar-2025 09:31:37 Europe/Berlin] Executing query: SELECT us.*, u.email_verified 
                FROM user_sessions us
                JOIN users u ON us.user_id = u.user_id
                WHERE us.token = ? AND us.is_active = 1 AND us.expires_at > NOW()
[12-Mar-2025 09:31:37 Europe/Berlin] Query executed. Row count: 1
[12-Mar-2025 09:31:37 Europe/Berlin] Session found: {"session_id":3,"user_id":2,"token":"8700a4abbd7028d63e8d828f4de5eab0dd32a0ae4afc542e647afb1898582a6b","device_info":"okhttp\/4.12.0","ip_address":"192.168.1.9","last_activity":"2025-03-12 00:47:25","expires_at":"2025-03-13 03:20:33","is_active":1,"created_at":"2025-03-11 19:20:33","email_verified":1}
[12-Mar-2025 09:31:37 Europe/Berlin] Updating session activity for token: 8700a4abbd7028d63e8d828f4de5eab0dd32a0ae4afc542e647afb1898582a6b
[12-Mar-2025 09:31:37 Europe/Berlin] Session activity update result: success
[12-Mar-2025 09:31:38 Europe/Berlin] Attempting to connect to database: mysql:host=localhost;dbname=upang_link
[12-Mar-2025 09:31:38 Europe/Berlin] Attempting to connect to database: mysql:host=localhost;dbname=upang_link
[12-Mar-2025 09:31:38 Europe/Berlin] Database connection successful
[12-Mar-2025 09:31:38 Europe/Berlin] Database connection successful
[12-Mar-2025 09:31:38 Europe/Berlin] Initializing RequestController
[12-Mar-2025 09:31:38 Europe/Berlin] Attempting to connect to database: mysql:host=localhost;dbname=upang_link
[12-Mar-2025 09:31:38 Europe/Berlin] Validating session for token: 8700a4abbd7028d63e8d828f4de5eab0dd32a0ae4afc542e647afb1898582a6b
[12-Mar-2025 09:31:38 Europe/Berlin] Executing query: SELECT us.*, u.email_verified 
                FROM user_sessions us
                JOIN users u ON us.user_id = u.user_id
                WHERE us.token = ? AND us.is_active = 1 AND us.expires_at > NOW()
[12-Mar-2025 09:31:38 Europe/Berlin] Query executed. Row count: 1
[12-Mar-2025 09:31:38 Europe/Berlin] Session found: {"session_id":3,"user_id":2,"token":"8700a4abbd7028d63e8d828f4de5eab0dd32a0ae4afc542e647afb1898582a6b","device_info":"okhttp\/4.12.0","ip_address":"192.168.1.9","last_activity":"2025-03-12 01:31:38","expires_at":"2025-03-13 03:20:33","is_active":1,"created_at":"2025-03-11 19:20:33","email_verified":1}
[12-Mar-2025 09:31:38 Europe/Berlin] Database connection successful
[12-Mar-2025 09:31:38 Europe/Berlin] Updating session activity for token: 8700a4abbd7028d63e8d828f4de5eab0dd32a0ae4afc542e647afb1898582a6b
[12-Mar-2025 09:31:38 Europe/Berlin] RequestController initialized successfully
[12-Mar-2025 09:31:39 Europe/Berlin] Session activity update result: success
[12-Mar-2025 09:31:39 Europe/Berlin] Handling request: Method=GET, Endpoint=requests/types
[12-Mar-2025 09:31:39 Europe/Berlin] Normalized endpoint: types
[12-Mar-2025 09:31:39 Europe/Berlin] Getting request types
[12-Mar-2025 09:31:39 Europe/Berlin] Fetching request types
[12-Mar-2025 09:31:39 Europe/Berlin] Executing request types query
[12-Mar-2025 09:31:39 Europe/Berlin] Initializing RequestController
[12-Mar-2025 09:31:39 Europe/Berlin] Attempting to connect to database: mysql:host=localhost;dbname=upang_link
[12-Mar-2025 09:31:39 Europe/Berlin] Found 7 request types
[12-Mar-2025 09:31:39 Europe/Berlin] Successfully formatted 7 request types
[12-Mar-2025 09:31:39 Europe/Berlin] Database connection successful
[12-Mar-2025 09:31:39 Europe/Berlin] RequestController initialized successfully
[12-Mar-2025 09:31:39 Europe/Berlin] Handling request: Method=GET, Endpoint=requests/statistics
[12-Mar-2025 09:31:39 Europe/Berlin] Normalized endpoint: statistics
[12-Mar-2025 09:31:39 Europe/Berlin] Getting request statistics
[12-Mar-2025 09:31:39 Europe/Berlin] Attempting to connect to database: mysql:host=localhost;dbname=upang_link
[12-Mar-2025 09:31:39 Europe/Berlin] Database connection successful
[12-Mar-2025 09:31:39 Europe/Berlin] Initializing RequestController
[12-Mar-2025 09:31:39 Europe/Berlin] Attempting to connect to database: mysql:host=localhost;dbname=upang_link
[12-Mar-2025 09:31:39 Europe/Berlin] Database connection successful
[12-Mar-2025 09:31:39 Europe/Berlin] RequestController initialized successfully
[12-Mar-2025 09:31:39 Europe/Berlin] Handling request: Method=GET, Endpoint=requests/types
[12-Mar-2025 09:31:39 Europe/Berlin] Normalized endpoint: types
[12-Mar-2025 09:31:39 Europe/Berlin] Getting request types
[12-Mar-2025 09:31:39 Europe/Berlin] Fetching request types
[12-Mar-2025 09:31:39 Europe/Berlin] Executing request types query
[12-Mar-2025 09:31:39 Europe/Berlin] Found 7 request types
[12-Mar-2025 09:31:39 Europe/Berlin] Successfully formatted 7 request types
[12-Mar-2025 09:34:33 Europe/Berlin] Attempting to connect to database: mysql:host=localhost;dbname=upang_link
[12-Mar-2025 09:34:33 Europe/Berlin] Database connection successful
[12-Mar-2025 09:34:33 Europe/Berlin] Initializing RequestController
[12-Mar-2025 09:34:33 Europe/Berlin] Attempting to connect to database: mysql:host=localhost;dbname=upang_link
[12-Mar-2025 09:34:33 Europe/Berlin] Database connection successful
[12-Mar-2025 09:34:33 Europe/Berlin] RequestController initialized successfully
[12-Mar-2025 09:34:33 Europe/Berlin] Handling request: Method=GET, Endpoint=requests/types
[12-Mar-2025 09:34:33 Europe/Berlin] Normalized endpoint: types
[12-Mar-2025 09:34:33 Europe/Berlin] Getting request types
[12-Mar-2025 09:34:33 Europe/Berlin] Fetching request types
[12-Mar-2025 09:34:33 Europe/Berlin] Executing request types query
[12-Mar-2025 09:34:33 Europe/Berlin] Found 7 request types
[12-Mar-2025 09:34:33 Europe/Berlin] Successfully formatted 7 request types
[12-Mar-2025 09:52:09 Europe/Berlin] Attempting to connect to database: mysql:host=localhost;dbname=upang_link
[12-Mar-2025 09:52:10 Europe/Berlin] Database connection successful
[12-Mar-2025 09:52:10 Europe/Berlin] Validating session for token: 8700a4abbd7028d63e8d828f4de5eab0dd32a0ae4afc542e647afb1898582a6b
[12-Mar-2025 09:52:10 Europe/Berlin] Executing query: SELECT us.*, u.email_verified 
                FROM user_sessions us
                JOIN users u ON us.user_id = u.user_id
                WHERE us.token = ? AND us.is_active = 1 AND us.expires_at > NOW()
[12-Mar-2025 09:52:10 Europe/Berlin] Query executed. Row count: 1
[12-Mar-2025 09:52:10 Europe/Berlin] Session found: {"session_id":3,"user_id":2,"token":"8700a4abbd7028d63e8d828f4de5eab0dd32a0ae4afc542e647afb1898582a6b","device_info":"okhttp\/4.12.0","ip_address":"192.168.1.9","last_activity":"2025-03-12 01:34:32","expires_at":"2025-03-13 03:20:33","is_active":1,"created_at":"2025-03-11 19:20:33","email_verified":1}
[12-Mar-2025 09:52:10 Europe/Berlin] Updating session activity for token: 8700a4abbd7028d63e8d828f4de5eab0dd32a0ae4afc542e647afb1898582a6b
[12-Mar-2025 09:52:10 Europe/Berlin] Session activity update result: success
[12-Mar-2025 09:52:17 Europe/Berlin] Attempting to connect to database: mysql:host=localhost;dbname=upang_link
[12-Mar-2025 09:52:17 Europe/Berlin] Attempting to connect to database: mysql:host=localhost;dbname=upang_link
[12-Mar-2025 09:52:17 Europe/Berlin] Database connection successful
[12-Mar-2025 09:52:17 Europe/Berlin] Database connection successful
[12-Mar-2025 09:52:17 Europe/Berlin] Validating session for token: 8700a4abbd7028d63e8d828f4de5eab0dd32a0ae4afc542e647afb1898582a6b
[12-Mar-2025 09:52:17 Europe/Berlin] Executing query: SELECT us.*, u.email_verified 
                FROM user_sessions us
                JOIN users u ON us.user_id = u.user_id
                WHERE us.token = ? AND us.is_active = 1 AND us.expires_at > NOW()
[12-Mar-2025 09:52:17 Europe/Berlin] Query executed. Row count: 1
[12-Mar-2025 09:52:17 Europe/Berlin] Session found: {"session_id":3,"user_id":2,"token":"8700a4abbd7028d63e8d828f4de5eab0dd32a0ae4afc542e647afb1898582a6b","device_info":"okhttp\/4.12.0","ip_address":"192.168.1.9","last_activity":"2025-03-12 01:52:17","expires_at":"2025-03-13 03:20:33","is_active":1,"created_at":"2025-03-11 19:20:33","email_verified":1}
[12-Mar-2025 09:52:17 Europe/Berlin] Updating session activity for token: 8700a4abbd7028d63e8d828f4de5eab0dd32a0ae4afc542e647afb1898582a6b
[12-Mar-2025 09:52:17 Europe/Berlin] Session activity update result: success
[12-Mar-2025 09:52:17 Europe/Berlin] Initializing RequestController
[12-Mar-2025 09:52:17 Europe/Berlin] Attempting to connect to database: mysql:host=localhost;dbname=upang_link
[12-Mar-2025 09:52:17 Europe/Berlin] Database connection successful
[12-Mar-2025 09:52:17 Europe/Berlin] Initializing RequestController
[12-Mar-2025 09:52:17 Europe/Berlin] Attempting to connect to database: mysql:host=localhost;dbname=upang_link
[12-Mar-2025 09:52:17 Europe/Berlin] RequestController initialized successfully
[12-Mar-2025 09:52:17 Europe/Berlin] Handling request: Method=GET, Endpoint=requests/statistics
[12-Mar-2025 09:52:17 Europe/Berlin] Normalized endpoint: statistics
[12-Mar-2025 09:52:17 Europe/Berlin] Getting request statistics
[12-Mar-2025 09:52:17 Europe/Berlin] Database connection successful
[12-Mar-2025 09:52:17 Europe/Berlin] RequestController initialized successfully
[12-Mar-2025 09:52:17 Europe/Berlin] Handling request: Method=GET, Endpoint=requests/types
[12-Mar-2025 09:52:17 Europe/Berlin] Normalized endpoint: types
[12-Mar-2025 09:52:17 Europe/Berlin] Getting request types
[12-Mar-2025 09:52:17 Europe/Berlin] Fetching request types
[12-Mar-2025 09:52:17 Europe/Berlin] Executing request types query
[12-Mar-2025 09:52:17 Europe/Berlin] Found 7 request types
[12-Mar-2025 09:52:18 Europe/Berlin] Successfully formatted 7 request types
[12-Mar-2025 09:52:18 Europe/Berlin] Attempting to connect to database: mysql:host=localhost;dbname=upang_link
[12-Mar-2025 09:52:18 Europe/Berlin] Database connection successful
[12-Mar-2025 09:52:18 Europe/Berlin] Initializing RequestController
[12-Mar-2025 09:52:18 Europe/Berlin] Attempting to connect to database: mysql:host=localhost;dbname=upang_link
[12-Mar-2025 09:52:18 Europe/Berlin] Database connection successful
[12-Mar-2025 09:52:18 Europe/Berlin] RequestController initialized successfully
[12-Mar-2025 09:52:18 Europe/Berlin] Handling request: Method=GET, Endpoint=requests/types
[12-Mar-2025 09:52:18 Europe/Berlin] Normalized endpoint: types
[12-Mar-2025 09:52:18 Europe/Berlin] Getting request types
[12-Mar-2025 09:52:18 Europe/Berlin] Fetching request types
[12-Mar-2025 09:52:18 Europe/Berlin] Executing request types query
[12-Mar-2025 09:52:18 Europe/Berlin] Found 7 request types
[12-Mar-2025 09:52:18 Europe/Berlin] Successfully formatted 7 request types
[12-Mar-2025 09:56:13 Europe/Berlin] Attempting to connect to database: mysql:host=localhost;dbname=upang_link
[12-Mar-2025 09:56:13 Europe/Berlin] Database connection successful
[12-Mar-2025 09:56:13 Europe/Berlin] Validating session for token: 8700a4abbd7028d63e8d828f4de5eab0dd32a0ae4afc542e647afb1898582a6b
[12-Mar-2025 09:56:13 Europe/Berlin] Executing query: SELECT us.*, u.email_verified 
                FROM user_sessions us
                JOIN users u ON us.user_id = u.user_id
                WHERE us.token = ? AND us.is_active = 1 AND us.expires_at > NOW()
[12-Mar-2025 09:56:13 Europe/Berlin] Query executed. Row count: 1
[12-Mar-2025 09:56:13 Europe/Berlin] Session found: {"session_id":3,"user_id":2,"token":"8700a4abbd7028d63e8d828f4de5eab0dd32a0ae4afc542e647afb1898582a6b","device_info":"okhttp\/4.12.0","ip_address":"192.168.1.9","last_activity":"2025-03-12 01:52:18","expires_at":"2025-03-13 03:20:33","is_active":1,"created_at":"2025-03-11 19:20:33","email_verified":1}
[12-Mar-2025 09:56:13 Europe/Berlin] Updating session activity for token: 8700a4abbd7028d63e8d828f4de5eab0dd32a0ae4afc542e647afb1898582a6b
[12-Mar-2025 09:56:13 Europe/Berlin] Session activity update result: success
[12-Mar-2025 09:56:17 Europe/Berlin] Attempting to connect to database: mysql:host=localhost;dbname=upang_link
[12-Mar-2025 09:56:17 Europe/Berlin] Database connection successful
[12-Mar-2025 09:56:17 Europe/Berlin] Attempting to connect to database: mysql:host=localhost;dbname=upang_link
[12-Mar-2025 09:56:17 Europe/Berlin] Database connection successful
[12-Mar-2025 09:56:17 Europe/Berlin] Validating session for token: 8700a4abbd7028d63e8d828f4de5eab0dd32a0ae4afc542e647afb1898582a6b
[12-Mar-2025 09:56:17 Europe/Berlin] Executing query: SELECT us.*, u.email_verified 
                FROM user_sessions us
                JOIN users u ON us.user_id = u.user_id
                WHERE us.token = ? AND us.is_active = 1 AND us.expires_at > NOW()
[12-Mar-2025 09:56:17 Europe/Berlin] Query executed. Row count: 1
[12-Mar-2025 09:56:17 Europe/Berlin] Session found: {"session_id":3,"user_id":2,"token":"8700a4abbd7028d63e8d828f4de5eab0dd32a0ae4afc542e647afb1898582a6b","device_info":"okhttp\/4.12.0","ip_address":"192.168.1.9","last_activity":"2025-03-12 01:56:17","expires_at":"2025-03-13 03:20:33","is_active":1,"created_at":"2025-03-11 19:20:33","email_verified":1}
[12-Mar-2025 09:56:17 Europe/Berlin] Updating session activity for token: 8700a4abbd7028d63e8d828f4de5eab0dd32a0ae4afc542e647afb1898582a6b
[12-Mar-2025 09:56:17 Europe/Berlin] Session activity update result: success
[12-Mar-2025 09:56:17 Europe/Berlin] Initializing RequestController
[12-Mar-2025 09:56:17 Europe/Berlin] Attempting to connect to database: mysql:host=localhost;dbname=upang_link
[12-Mar-2025 09:56:17 Europe/Berlin] Initializing RequestController
[12-Mar-2025 09:56:17 Europe/Berlin] Database connection successful
[12-Mar-2025 09:56:17 Europe/Berlin] Attempting to connect to database: mysql:host=localhost;dbname=upang_link
[12-Mar-2025 09:56:17 Europe/Berlin] RequestController initialized successfully
[12-Mar-2025 09:56:17 Europe/Berlin] Handling request: Method=GET, Endpoint=requests/types
[12-Mar-2025 09:56:17 Europe/Berlin] Normalized endpoint: types
[12-Mar-2025 09:56:17 Europe/Berlin] Getting request types
[12-Mar-2025 09:56:17 Europe/Berlin] Fetching request types
[12-Mar-2025 09:56:17 Europe/Berlin] Database connection successful
[12-Mar-2025 09:56:17 Europe/Berlin] Executing request types query
[12-Mar-2025 09:56:17 Europe/Berlin] RequestController initialized successfully
[12-Mar-2025 09:56:17 Europe/Berlin] Handling request: Method=GET, Endpoint=requests/statistics
[12-Mar-2025 09:56:17 Europe/Berlin] Normalized endpoint: statistics
[12-Mar-2025 09:56:17 Europe/Berlin] Getting request statistics
[12-Mar-2025 09:56:17 Europe/Berlin] Found 7 request types
[12-Mar-2025 09:56:17 Europe/Berlin] Successfully formatted 7 request types
[12-Mar-2025 09:56:20 Europe/Berlin] Attempting to connect to database: mysql:host=localhost;dbname=upang_link
[12-Mar-2025 09:56:20 Europe/Berlin] Database connection successful
[12-Mar-2025 09:56:20 Europe/Berlin] Initializing RequestController
[12-Mar-2025 09:56:20 Europe/Berlin] Attempting to connect to database: mysql:host=localhost;dbname=upang_link
[12-Mar-2025 09:56:20 Europe/Berlin] Database connection successful
[12-Mar-2025 09:56:20 Europe/Berlin] RequestController initialized successfully
[12-Mar-2025 09:56:20 Europe/Berlin] Handling request: Method=GET, Endpoint=requests/types
[12-Mar-2025 09:56:20 Europe/Berlin] Normalized endpoint: types
[12-Mar-2025 09:56:20 Europe/Berlin] Getting request types
[12-Mar-2025 09:56:20 Europe/Berlin] Fetching request types
[12-Mar-2025 09:56:20 Europe/Berlin] Executing request types query
[12-Mar-2025 09:56:20 Europe/Berlin] Found 7 request types
[12-Mar-2025 09:56:20 Europe/Berlin] Successfully formatted 7 request types
[12-Mar-2025 10:05:46 Europe/Berlin] Attempting to connect to database: mysql:host=localhost;dbname=upang_link
[12-Mar-2025 10:05:47 Europe/Berlin] Database connection successful
[12-Mar-2025 10:05:47 Europe/Berlin] Validating session for token: 8700a4abbd7028d63e8d828f4de5eab0dd32a0ae4afc542e647afb1898582a6b
[12-Mar-2025 10:05:47 Europe/Berlin] Executing query: SELECT us.*, u.email_verified 
                FROM user_sessions us
                JOIN users u ON us.user_id = u.user_id
                WHERE us.token = ? AND us.is_active = 1 AND us.expires_at > NOW()
[12-Mar-2025 10:05:47 Europe/Berlin] Query executed. Row count: 1
[12-Mar-2025 10:05:47 Europe/Berlin] Session found: {"session_id":3,"user_id":2,"token":"8700a4abbd7028d63e8d828f4de5eab0dd32a0ae4afc542e647afb1898582a6b","device_info":"okhttp\/4.12.0","ip_address":"192.168.1.9","last_activity":"2025-03-12 01:56:18","expires_at":"2025-03-13 03:20:33","is_active":1,"created_at":"2025-03-11 19:20:33","email_verified":1}
[12-Mar-2025 10:05:47 Europe/Berlin] Updating session activity for token: 8700a4abbd7028d63e8d828f4de5eab0dd32a0ae4afc542e647afb1898582a6b
[12-Mar-2025 10:05:47 Europe/Berlin] Session activity update result: success
[12-Mar-2025 10:05:49 Europe/Berlin] Attempting to connect to database: mysql:host=localhost;dbname=upang_link
[12-Mar-2025 10:05:49 Europe/Berlin] Attempting to connect to database: mysql:host=localhost;dbname=upang_link
[12-Mar-2025 10:05:49 Europe/Berlin] Database connection successful
[12-Mar-2025 10:05:49 Europe/Berlin] Database connection successful
[12-Mar-2025 10:05:49 Europe/Berlin] Validating session for token: 8700a4abbd7028d63e8d828f4de5eab0dd32a0ae4afc542e647afb1898582a6b
[12-Mar-2025 10:05:49 Europe/Berlin] Executing query: SELECT us.*, u.email_verified 
                FROM user_sessions us
                JOIN users u ON us.user_id = u.user_id
                WHERE us.token = ? AND us.is_active = 1 AND us.expires_at > NOW()
[12-Mar-2025 10:05:49 Europe/Berlin] Query executed. Row count: 1
[12-Mar-2025 10:05:49 Europe/Berlin] Session found: {"session_id":3,"user_id":2,"token":"8700a4abbd7028d63e8d828f4de5eab0dd32a0ae4afc542e647afb1898582a6b","device_info":"okhttp\/4.12.0","ip_address":"192.168.1.9","last_activity":"2025-03-12 02:05:49","expires_at":"2025-03-13 03:20:33","is_active":1,"created_at":"2025-03-11 19:20:33","email_verified":1}
[12-Mar-2025 10:05:49 Europe/Berlin] Updating session activity for token: 8700a4abbd7028d63e8d828f4de5eab0dd32a0ae4afc542e647afb1898582a6b
[12-Mar-2025 10:05:49 Europe/Berlin] Session activity update result: success
[12-Mar-2025 10:05:49 Europe/Berlin] Initializing RequestController
[12-Mar-2025 10:05:49 Europe/Berlin] Attempting to connect to database: mysql:host=localhost;dbname=upang_link
[12-Mar-2025 10:05:49 Europe/Berlin] Initializing RequestController
[12-Mar-2025 10:05:49 Europe/Berlin] Attempting to connect to database: mysql:host=localhost;dbname=upang_link
[12-Mar-2025 10:05:49 Europe/Berlin] Database connection successful
[12-Mar-2025 10:05:49 Europe/Berlin] RequestController initialized successfully
[12-Mar-2025 10:05:49 Europe/Berlin] Handling request: Method=GET, Endpoint=requests/types
[12-Mar-2025 10:05:49 Europe/Berlin] Database connection successful
[12-Mar-2025 10:05:49 Europe/Berlin] Normalized endpoint: types
[12-Mar-2025 10:05:49 Europe/Berlin] RequestController initialized successfully
[12-Mar-2025 10:05:49 Europe/Berlin] Getting request types
[12-Mar-2025 10:05:49 Europe/Berlin] Handling request: Method=GET, Endpoint=requests/statistics
[12-Mar-2025 10:05:49 Europe/Berlin] Fetching request types
[12-Mar-2025 10:05:49 Europe/Berlin] Normalized endpoint: statistics
[12-Mar-2025 10:05:49 Europe/Berlin] Executing request types query
[12-Mar-2025 10:05:49 Europe/Berlin] Getting request statistics
[12-Mar-2025 10:05:49 Europe/Berlin] Found 7 request types
[12-Mar-2025 10:05:49 Europe/Berlin] Successfully formatted 7 request types
[12-Mar-2025 10:05:50 Europe/Berlin] Attempting to connect to database: mysql:host=localhost;dbname=upang_link
[12-Mar-2025 10:05:50 Europe/Berlin] Database connection successful
[12-Mar-2025 10:05:50 Europe/Berlin] Initializing RequestController
[12-Mar-2025 10:05:50 Europe/Berlin] Attempting to connect to database: mysql:host=localhost;dbname=upang_link
[12-Mar-2025 10:05:50 Europe/Berlin] Database connection successful
[12-Mar-2025 10:05:50 Europe/Berlin] RequestController initialized successfully
[12-Mar-2025 10:05:50 Europe/Berlin] Handling request: Method=GET, Endpoint=requests/types
[12-Mar-2025 10:05:50 Europe/Berlin] Normalized endpoint: types
[12-Mar-2025 10:05:50 Europe/Berlin] Getting request types
[12-Mar-2025 10:05:50 Europe/Berlin] Fetching request types
[12-Mar-2025 10:05:50 Europe/Berlin] Executing request types query
[12-Mar-2025 10:05:50 Europe/Berlin] Found 7 request types
[12-Mar-2025 10:05:50 Europe/Berlin] Successfully formatted 7 request types
[12-Mar-2025 14:01:49 Europe/Berlin] Attempting to connect to database: mysql:host=localhost;dbname=upang_link
[12-Mar-2025 14:01:49 Europe/Berlin] Database connection successful
[12-Mar-2025 14:01:49 Europe/Berlin] Validating session for token: 8700a4abbd7028d63e8d828f4de5eab0dd32a0ae4afc542e647afb1898582a6b
[12-Mar-2025 14:01:49 Europe/Berlin] Executing query: SELECT us.*, u.email_verified 
                FROM user_sessions us
                JOIN users u ON us.user_id = u.user_id
                WHERE us.token = ? AND us.is_active = 1 AND us.expires_at > NOW()
[12-Mar-2025 14:01:49 Europe/Berlin] Query executed. Row count: 1
[12-Mar-2025 14:01:49 Europe/Berlin] Session found: {"session_id":3,"user_id":2,"token":"8700a4abbd7028d63e8d828f4de5eab0dd32a0ae4afc542e647afb1898582a6b","device_info":"okhttp\/4.12.0","ip_address":"192.168.1.9","last_activity":"2025-03-12 02:05:49","expires_at":"2025-03-13 03:20:33","is_active":1,"created_at":"2025-03-11 19:20:33","email_verified":1}
[12-Mar-2025 14:01:49 Europe/Berlin] Updating session activity for token: 8700a4abbd7028d63e8d828f4de5eab0dd32a0ae4afc542e647afb1898582a6b
[12-Mar-2025 14:01:49 Europe/Berlin] Session activity update result: success
[12-Mar-2025 14:01:51 Europe/Berlin] Attempting to connect to database: mysql:host=localhost;dbname=upang_link
[12-Mar-2025 14:01:51 Europe/Berlin] Attempting to connect to database: mysql:host=localhost;dbname=upang_link
[12-Mar-2025 14:01:51 Europe/Berlin] Database connection successful
[12-Mar-2025 14:01:51 Europe/Berlin] Database connection successful
[12-Mar-2025 14:01:51 Europe/Berlin] Validating session for token: 8700a4abbd7028d63e8d828f4de5eab0dd32a0ae4afc542e647afb1898582a6b
[12-Mar-2025 14:01:51 Europe/Berlin] Executing query: SELECT us.*, u.email_verified 
                FROM user_sessions us
                JOIN users u ON us.user_id = u.user_id
                WHERE us.token = ? AND us.is_active = 1 AND us.expires_at > NOW()
[12-Mar-2025 14:01:51 Europe/Berlin] Initializing RequestController
[12-Mar-2025 14:01:51 Europe/Berlin] Attempting to connect to database: mysql:host=localhost;dbname=upang_link
[12-Mar-2025 14:01:51 Europe/Berlin] Query executed. Row count: 1
[12-Mar-2025 14:01:51 Europe/Berlin] Session found: {"session_id":3,"user_id":2,"token":"8700a4abbd7028d63e8d828f4de5eab0dd32a0ae4afc542e647afb1898582a6b","device_info":"okhttp\/4.12.0","ip_address":"192.168.1.9","last_activity":"2025-03-12 06:01:51","expires_at":"2025-03-13 03:20:33","is_active":1,"created_at":"2025-03-11 19:20:33","email_verified":1}
[12-Mar-2025 14:01:51 Europe/Berlin] Updating session activity for token: 8700a4abbd7028d63e8d828f4de5eab0dd32a0ae4afc542e647afb1898582a6b
[12-Mar-2025 14:01:51 Europe/Berlin] Session activity update result: success
[12-Mar-2025 14:01:51 Europe/Berlin] Database connection successful
[12-Mar-2025 14:01:51 Europe/Berlin] RequestController initialized successfully
[12-Mar-2025 14:01:51 Europe/Berlin] Handling request: Method=GET, Endpoint=requests/types
[12-Mar-2025 14:01:51 Europe/Berlin] Normalized endpoint: types
[12-Mar-2025 14:01:51 Europe/Berlin] Getting request types
[12-Mar-2025 14:01:51 Europe/Berlin] Fetching request types
[12-Mar-2025 14:01:51 Europe/Berlin] Executing request types query
[12-Mar-2025 14:01:51 Europe/Berlin] Initializing RequestController
[12-Mar-2025 14:01:51 Europe/Berlin] Attempting to connect to database: mysql:host=localhost;dbname=upang_link
[12-Mar-2025 14:01:51 Europe/Berlin] Database connection successful
[12-Mar-2025 14:01:51 Europe/Berlin] RequestController initialized successfully
[12-Mar-2025 14:01:51 Europe/Berlin] Found 7 request types
[12-Mar-2025 14:01:51 Europe/Berlin] Handling request: Method=GET, Endpoint=requests/statistics
[12-Mar-2025 14:01:51 Europe/Berlin] Normalized endpoint: statistics
[12-Mar-2025 14:01:51 Europe/Berlin] Successfully formatted 7 request types
[12-Mar-2025 14:01:51 Europe/Berlin] Getting request statistics
[12-Mar-2025 14:01:52 Europe/Berlin] Attempting to connect to database: mysql:host=localhost;dbname=upang_link
[12-Mar-2025 14:01:52 Europe/Berlin] Database connection successful
[12-Mar-2025 14:01:52 Europe/Berlin] Initializing RequestController
[12-Mar-2025 14:01:52 Europe/Berlin] Attempting to connect to database: mysql:host=localhost;dbname=upang_link
[12-Mar-2025 14:01:52 Europe/Berlin] Database connection successful
[12-Mar-2025 14:01:52 Europe/Berlin] RequestController initialized successfully
[12-Mar-2025 14:01:52 Europe/Berlin] Handling request: Method=GET, Endpoint=requests/types
[12-Mar-2025 14:01:52 Europe/Berlin] Normalized endpoint: types
[12-Mar-2025 14:01:52 Europe/Berlin] Getting request types
[12-Mar-2025 14:01:52 Europe/Berlin] Fetching request types
[12-Mar-2025 14:01:52 Europe/Berlin] Executing request types query
[12-Mar-2025 14:01:52 Europe/Berlin] Found 7 request types
[12-Mar-2025 14:01:52 Europe/Berlin] Successfully formatted 7 request types
[12-Mar-2025 14:02:17 Europe/Berlin] Attempting to connect to database: mysql:host=localhost;dbname=upang_link
[12-Mar-2025 14:02:17 Europe/Berlin] Database connection successful
[12-Mar-2025 14:02:17 Europe/Berlin] Validating session for token: 8700a4abbd7028d63e8d828f4de5eab0dd32a0ae4afc542e647afb1898582a6b
[12-Mar-2025 14:02:17 Europe/Berlin] Executing query: SELECT us.*, u.email_verified 
                FROM user_sessions us
                JOIN users u ON us.user_id = u.user_id
                WHERE us.token = ? AND us.is_active = 1 AND us.expires_at > NOW()
[12-Mar-2025 14:02:17 Europe/Berlin] Query executed. Row count: 1
[12-Mar-2025 14:02:17 Europe/Berlin] Session found: {"session_id":3,"user_id":2,"token":"8700a4abbd7028d63e8d828f4de5eab0dd32a0ae4afc542e647afb1898582a6b","device_info":"okhttp\/4.12.0","ip_address":"192.168.1.9","last_activity":"2025-03-12 06:01:51","expires_at":"2025-03-13 03:20:33","is_active":1,"created_at":"2025-03-11 19:20:33","email_verified":1}
[12-Mar-2025 14:02:17 Europe/Berlin] Updating session activity for token: 8700a4abbd7028d63e8d828f4de5eab0dd32a0ae4afc542e647afb1898582a6b
[12-Mar-2025 14:02:17 Europe/Berlin] Session activity update result: success
[12-Mar-2025 14:02:20 Europe/Berlin] Attempting to connect to database: mysql:host=localhost;dbname=upang_link
[12-Mar-2025 14:02:20 Europe/Berlin] Database connection successful
[12-Mar-2025 14:02:20 Europe/Berlin] Attempting to connect to database: mysql:host=localhost;dbname=upang_link
[12-Mar-2025 14:02:20 Europe/Berlin] Initializing RequestController
[12-Mar-2025 14:02:20 Europe/Berlin] Attempting to connect to database: mysql:host=localhost;dbname=upang_link
[12-Mar-2025 14:02:20 Europe/Berlin] Database connection successful
[12-Mar-2025 14:02:20 Europe/Berlin] Database connection successful
[12-Mar-2025 14:02:20 Europe/Berlin] RequestController initialized successfully
[12-Mar-2025 14:02:20 Europe/Berlin] Handling request: Method=GET, Endpoint=requests/types
[12-Mar-2025 14:02:20 Europe/Berlin] Normalized endpoint: types
[12-Mar-2025 14:02:20 Europe/Berlin] Getting request types
[12-Mar-2025 14:02:20 Europe/Berlin] Fetching request types
[12-Mar-2025 14:02:20 Europe/Berlin] Executing request types query
[12-Mar-2025 14:02:20 Europe/Berlin] Validating session for token: 8700a4abbd7028d63e8d828f4de5eab0dd32a0ae4afc542e647afb1898582a6b
[12-Mar-2025 14:02:20 Europe/Berlin] Executing query: SELECT us.*, u.email_verified 
                FROM user_sessions us
                JOIN users u ON us.user_id = u.user_id
                WHERE us.token = ? AND us.is_active = 1 AND us.expires_at > NOW()
[12-Mar-2025 14:02:20 Europe/Berlin] Found 7 request types
[12-Mar-2025 14:02:20 Europe/Berlin] Successfully formatted 7 request types
[12-Mar-2025 14:02:20 Europe/Berlin] Query executed. Row count: 1
[12-Mar-2025 14:02:20 Europe/Berlin] Session found: {"session_id":3,"user_id":2,"token":"8700a4abbd7028d63e8d828f4de5eab0dd32a0ae4afc542e647afb1898582a6b","device_info":"okhttp\/4.12.0","ip_address":"192.168.1.9","last_activity":"2025-03-12 06:02:20","expires_at":"2025-03-13 03:20:33","is_active":1,"created_at":"2025-03-11 19:20:33","email_verified":1}
[12-Mar-2025 14:02:20 Europe/Berlin] Updating session activity for token: 8700a4abbd7028d63e8d828f4de5eab0dd32a0ae4afc542e647afb1898582a6b
[12-Mar-2025 14:02:20 Europe/Berlin] Session activity update result: success
[12-Mar-2025 14:02:20 Europe/Berlin] Initializing RequestController
[12-Mar-2025 14:02:20 Europe/Berlin] Attempting to connect to database: mysql:host=localhost;dbname=upang_link
[12-Mar-2025 14:02:20 Europe/Berlin] Database connection successful
[12-Mar-2025 14:02:20 Europe/Berlin] RequestController initialized successfully
[12-Mar-2025 14:02:20 Europe/Berlin] Handling request: Method=GET, Endpoint=requests/statistics
[12-Mar-2025 14:02:20 Europe/Berlin] Normalized endpoint: statistics
[12-Mar-2025 14:02:20 Europe/Berlin] Getting request statistics
[12-Mar-2025 14:02:20 Europe/Berlin] Attempting to connect to database: mysql:host=localhost;dbname=upang_link
[12-Mar-2025 14:02:20 Europe/Berlin] Database connection successful
[12-Mar-2025 14:02:20 Europe/Berlin] Initializing RequestController
[12-Mar-2025 14:02:20 Europe/Berlin] Attempting to connect to database: mysql:host=localhost;dbname=upang_link
[12-Mar-2025 14:02:20 Europe/Berlin] Database connection successful
[12-Mar-2025 14:02:20 Europe/Berlin] RequestController initialized successfully
[12-Mar-2025 14:02:20 Europe/Berlin] Handling request: Method=GET, Endpoint=requests/types
[12-Mar-2025 14:02:20 Europe/Berlin] Normalized endpoint: types
[12-Mar-2025 14:02:20 Europe/Berlin] Getting request types
[12-Mar-2025 14:02:20 Europe/Berlin] Fetching request types
[12-Mar-2025 14:02:21 Europe/Berlin] Executing request types query
[12-Mar-2025 14:02:21 Europe/Berlin] Found 7 request types
[12-Mar-2025 14:02:21 Europe/Berlin] Successfully formatted 7 request types
[12-Mar-2025 14:02:45 Europe/Berlin] Attempting to connect to database: mysql:host=localhost;dbname=upang_link
[12-Mar-2025 14:02:45 Europe/Berlin] Database connection successful
[12-Mar-2025 14:02:45 Europe/Berlin] Validating session for token: 8700a4abbd7028d63e8d828f4de5eab0dd32a0ae4afc542e647afb1898582a6b
[12-Mar-2025 14:02:45 Europe/Berlin] Executing query: SELECT us.*, u.email_verified 
                FROM user_sessions us
                JOIN users u ON us.user_id = u.user_id
                WHERE us.token = ? AND us.is_active = 1 AND us.expires_at > NOW()
[12-Mar-2025 14:02:45 Europe/Berlin] Query executed. Row count: 1
[12-Mar-2025 14:02:45 Europe/Berlin] Session found: {"session_id":3,"user_id":2,"token":"8700a4abbd7028d63e8d828f4de5eab0dd32a0ae4afc542e647afb1898582a6b","device_info":"okhttp\/4.12.0","ip_address":"192.168.1.9","last_activity":"2025-03-12 06:02:20","expires_at":"2025-03-13 03:20:33","is_active":1,"created_at":"2025-03-11 19:20:33","email_verified":1}
[12-Mar-2025 14:02:45 Europe/Berlin] Updating session activity for token: 8700a4abbd7028d63e8d828f4de5eab0dd32a0ae4afc542e647afb1898582a6b
[12-Mar-2025 14:02:45 Europe/Berlin] Session activity update result: success
[12-Mar-2025 14:02:48 Europe/Berlin] Attempting to connect to database: mysql:host=localhost;dbname=upang_link
[12-Mar-2025 14:02:48 Europe/Berlin] Database connection successful
[12-Mar-2025 14:02:48 Europe/Berlin] Attempting to connect to database: mysql:host=localhost;dbname=upang_link
[12-Mar-2025 14:02:48 Europe/Berlin] Database connection successful
[12-Mar-2025 14:02:48 Europe/Berlin] Validating session for token: 8700a4abbd7028d63e8d828f4de5eab0dd32a0ae4afc542e647afb1898582a6b
[12-Mar-2025 14:02:48 Europe/Berlin] Executing query: SELECT us.*, u.email_verified 
                FROM user_sessions us
                JOIN users u ON us.user_id = u.user_id
                WHERE us.token = ? AND us.is_active = 1 AND us.expires_at > NOW()
[12-Mar-2025 14:02:48 Europe/Berlin] Initializing RequestController
[12-Mar-2025 14:02:48 Europe/Berlin] Attempting to connect to database: mysql:host=localhost;dbname=upang_link
[12-Mar-2025 14:02:48 Europe/Berlin] Query executed. Row count: 1
[12-Mar-2025 14:02:48 Europe/Berlin] Session found: {"session_id":3,"user_id":2,"token":"8700a4abbd7028d63e8d828f4de5eab0dd32a0ae4afc542e647afb1898582a6b","device_info":"okhttp\/4.12.0","ip_address":"192.168.1.9","last_activity":"2025-03-12 06:02:48","expires_at":"2025-03-13 03:20:33","is_active":1,"created_at":"2025-03-11 19:20:33","email_verified":1}
[12-Mar-2025 14:02:48 Europe/Berlin] Updating session activity for token: 8700a4abbd7028d63e8d828f4de5eab0dd32a0ae4afc542e647afb1898582a6b
[12-Mar-2025 14:02:48 Europe/Berlin] Session activity update result: success
[12-Mar-2025 14:02:48 Europe/Berlin] Database connection successful
[12-Mar-2025 14:02:48 Europe/Berlin] Initializing RequestController
[12-Mar-2025 14:02:48 Europe/Berlin] Attempting to connect to database: mysql:host=localhost;dbname=upang_link
[12-Mar-2025 14:02:48 Europe/Berlin] RequestController initialized successfully
[12-Mar-2025 14:02:48 Europe/Berlin] Database connection successful
[12-Mar-2025 14:02:48 Europe/Berlin] RequestController initialized successfully
[12-Mar-2025 14:02:48 Europe/Berlin] Handling request: Method=GET, Endpoint=requests/statistics
[12-Mar-2025 14:02:48 Europe/Berlin] Normalized endpoint: statistics
[12-Mar-2025 14:02:48 Europe/Berlin] Getting request statistics
[12-Mar-2025 14:02:48 Europe/Berlin] Handling request: Method=GET, Endpoint=requests/types
[12-Mar-2025 14:02:48 Europe/Berlin] Normalized endpoint: types
[12-Mar-2025 14:02:48 Europe/Berlin] Getting request types
[12-Mar-2025 14:02:48 Europe/Berlin] Fetching request types
[12-Mar-2025 14:02:48 Europe/Berlin] Executing request types query
[12-Mar-2025 14:02:48 Europe/Berlin] Found 7 request types
[12-Mar-2025 14:02:48 Europe/Berlin] Successfully formatted 7 request types
[12-Mar-2025 14:02:56 Europe/Berlin] Attempting to connect to database: mysql:host=localhost;dbname=upang_link
[12-Mar-2025 14:02:56 Europe/Berlin] Database connection successful
[12-Mar-2025 14:02:56 Europe/Berlin] Initializing RequestController
[12-Mar-2025 14:02:56 Europe/Berlin] Attempting to connect to database: mysql:host=localhost;dbname=upang_link
[12-Mar-2025 14:02:56 Europe/Berlin] Database connection successful
[12-Mar-2025 14:02:56 Europe/Berlin] RequestController initialized successfully
[12-Mar-2025 14:02:56 Europe/Berlin] Handling request: Method=GET, Endpoint=requests/types
[12-Mar-2025 14:02:56 Europe/Berlin] Normalized endpoint: types
[12-Mar-2025 14:02:56 Europe/Berlin] Getting request types
[12-Mar-2025 14:02:56 Europe/Berlin] Fetching request types
[12-Mar-2025 14:02:56 Europe/Berlin] Executing request types query
[12-Mar-2025 14:02:56 Europe/Berlin] Found 7 request types
[12-Mar-2025 14:02:56 Europe/Berlin] Successfully formatted 7 request types
[12-Mar-2025 14:13:08 Europe/Berlin] Attempting to connect to database: mysql:host=localhost;dbname=upang_link
[12-Mar-2025 14:13:08 Europe/Berlin] Database connection successful
[12-Mar-2025 14:13:08 Europe/Berlin] Validating session for token: 8700a4abbd7028d63e8d828f4de5eab0dd32a0ae4afc542e647afb1898582a6b
[12-Mar-2025 14:13:08 Europe/Berlin] Executing query: SELECT us.*, u.email_verified 
                FROM user_sessions us
                JOIN users u ON us.user_id = u.user_id
                WHERE us.token = ? AND us.is_active = 1 AND us.expires_at > NOW()
[12-Mar-2025 14:13:08 Europe/Berlin] Query executed. Row count: 1
[12-Mar-2025 14:13:08 Europe/Berlin] Session found: {"session_id":3,"user_id":2,"token":"8700a4abbd7028d63e8d828f4de5eab0dd32a0ae4afc542e647afb1898582a6b","device_info":"okhttp\/4.12.0","ip_address":"192.168.1.9","last_activity":"2025-03-12 06:02:48","expires_at":"2025-03-13 03:20:33","is_active":1,"created_at":"2025-03-11 19:20:33","email_verified":1}
[12-Mar-2025 14:13:08 Europe/Berlin] Updating session activity for token: 8700a4abbd7028d63e8d828f4de5eab0dd32a0ae4afc542e647afb1898582a6b
[12-Mar-2025 14:13:08 Europe/Berlin] Session activity update result: success
[12-Mar-2025 14:13:09 Europe/Berlin] Attempting to connect to database: mysql:host=localhost;dbname=upang_link
[12-Mar-2025 14:13:09 Europe/Berlin] Database connection successful
[12-Mar-2025 14:13:09 Europe/Berlin] Attempting to connect to database: mysql:host=localhost;dbname=upang_link
[12-Mar-2025 14:13:10 Europe/Berlin] Validating session for token: 8700a4abbd7028d63e8d828f4de5eab0dd32a0ae4afc542e647afb1898582a6b
[12-Mar-2025 14:13:10 Europe/Berlin] Executing query: SELECT us.*, u.email_verified 
                FROM user_sessions us
                JOIN users u ON us.user_id = u.user_id
                WHERE us.token = ? AND us.is_active = 1 AND us.expires_at > NOW()
[12-Mar-2025 14:13:10 Europe/Berlin] Database connection successful
[12-Mar-2025 14:13:10 Europe/Berlin] Query executed. Row count: 1
[12-Mar-2025 14:13:10 Europe/Berlin] Session found: {"session_id":3,"user_id":2,"token":"8700a4abbd7028d63e8d828f4de5eab0dd32a0ae4afc542e647afb1898582a6b","device_info":"okhttp\/4.12.0","ip_address":"192.168.1.9","last_activity":"2025-03-12 06:13:09","expires_at":"2025-03-13 03:20:33","is_active":1,"created_at":"2025-03-11 19:20:33","email_verified":1}
[12-Mar-2025 14:13:10 Europe/Berlin] Updating session activity for token: 8700a4abbd7028d63e8d828f4de5eab0dd32a0ae4afc542e647afb1898582a6b
[12-Mar-2025 14:13:10 Europe/Berlin] Session activity update result: success
[12-Mar-2025 14:13:10 Europe/Berlin] Initializing RequestController
[12-Mar-2025 14:13:10 Europe/Berlin] Attempting to connect to database: mysql:host=localhost;dbname=upang_link
[12-Mar-2025 14:13:10 Europe/Berlin] Initializing RequestController
[12-Mar-2025 14:13:10 Europe/Berlin] Attempting to connect to database: mysql:host=localhost;dbname=upang_link
[12-Mar-2025 14:13:10 Europe/Berlin] Database connection successful
[12-Mar-2025 14:13:10 Europe/Berlin] RequestController initialized successfully
[12-Mar-2025 14:13:10 Europe/Berlin] Handling request: Method=GET, Endpoint=requests/types
[12-Mar-2025 14:13:10 Europe/Berlin] Database connection successful
[12-Mar-2025 14:13:10 Europe/Berlin] Normalized endpoint: types
[12-Mar-2025 14:13:10 Europe/Berlin] Getting request types
[12-Mar-2025 14:13:10 Europe/Berlin] RequestController initialized successfully
[12-Mar-2025 14:13:10 Europe/Berlin] Fetching request types
[12-Mar-2025 14:13:10 Europe/Berlin] Handling request: Method=GET, Endpoint=requests/statistics
[12-Mar-2025 14:13:10 Europe/Berlin] Normalized endpoint: statistics
[12-Mar-2025 14:13:10 Europe/Berlin] Executing request types query
[12-Mar-2025 14:13:10 Europe/Berlin] Getting request statistics
[12-Mar-2025 14:13:10 Europe/Berlin] Found 7 request types
[12-Mar-2025 14:13:10 Europe/Berlin] Successfully formatted 7 request types
[12-Mar-2025 14:13:11 Europe/Berlin] Attempting to connect to database: mysql:host=localhost;dbname=upang_link
[12-Mar-2025 14:13:11 Europe/Berlin] Database connection successful
[12-Mar-2025 14:13:11 Europe/Berlin] Initializing RequestController
[12-Mar-2025 14:13:11 Europe/Berlin] Attempting to connect to database: mysql:host=localhost;dbname=upang_link
[12-Mar-2025 14:13:11 Europe/Berlin] Database connection successful
[12-Mar-2025 14:13:11 Europe/Berlin] RequestController initialized successfully
[12-Mar-2025 14:13:11 Europe/Berlin] Handling request: Method=GET, Endpoint=requests/types
[12-Mar-2025 14:13:11 Europe/Berlin] Normalized endpoint: types
[12-Mar-2025 14:13:11 Europe/Berlin] Getting request types
[12-Mar-2025 14:13:11 Europe/Berlin] Fetching request types
[12-Mar-2025 14:13:11 Europe/Berlin] Executing request types query
[12-Mar-2025 14:13:11 Europe/Berlin] Found 7 request types
[12-Mar-2025 14:13:11 Europe/Berlin] Successfully formatted 7 request types
[12-Mar-2025 14:13:23 Europe/Berlin] Attempting to connect to database: mysql:host=localhost;dbname=upang_link
[12-Mar-2025 14:13:23 Europe/Berlin] Database connection successful
[12-Mar-2025 14:13:23 Europe/Berlin] Initializing RequestController
[12-Mar-2025 14:13:23 Europe/Berlin] Attempting to connect to database: mysql:host=localhost;dbname=upang_link
[12-Mar-2025 14:13:23 Europe/Berlin] Database connection successful
[12-Mar-2025 14:13:24 Europe/Berlin] RequestController initialized successfully
[12-Mar-2025 14:13:24 Europe/Berlin] Handling request: Method=GET, Endpoint=requests/types
[12-Mar-2025 14:13:24 Europe/Berlin] Normalized endpoint: types
[12-Mar-2025 14:13:24 Europe/Berlin] Getting request types
[12-Mar-2025 14:13:24 Europe/Berlin] Fetching request types
[12-Mar-2025 14:13:24 Europe/Berlin] Executing request types query
[12-Mar-2025 14:13:24 Europe/Berlin] Found 7 request types
[12-Mar-2025 14:13:24 Europe/Berlin] Successfully formatted 7 request types
[12-Mar-2025 14:19:28 Europe/Berlin] Attempting to connect to database: mysql:host=localhost;dbname=upang_link
[12-Mar-2025 14:19:28 Europe/Berlin] Database connection successful
[12-Mar-2025 14:19:28 Europe/Berlin] Validating session for token: 8700a4abbd7028d63e8d828f4de5eab0dd32a0ae4afc542e647afb1898582a6b
[12-Mar-2025 14:19:28 Europe/Berlin] Executing query: SELECT us.*, u.email_verified 
                FROM user_sessions us
                JOIN users u ON us.user_id = u.user_id
                WHERE us.token = ? AND us.is_active = 1 AND us.expires_at > NOW()
[12-Mar-2025 14:19:28 Europe/Berlin] Query executed. Row count: 1
[12-Mar-2025 14:19:28 Europe/Berlin] Session found: {"session_id":3,"user_id":2,"token":"8700a4abbd7028d63e8d828f4de5eab0dd32a0ae4afc542e647afb1898582a6b","device_info":"okhttp\/4.12.0","ip_address":"192.168.1.9","last_activity":"2025-03-12 06:13:22","expires_at":"2025-03-13 03:20:33","is_active":1,"created_at":"2025-03-11 19:20:33","email_verified":1}
[12-Mar-2025 14:19:28 Europe/Berlin] Updating session activity for token: 8700a4abbd7028d63e8d828f4de5eab0dd32a0ae4afc542e647afb1898582a6b
[12-Mar-2025 14:19:28 Europe/Berlin] Session activity update result: success
[12-Mar-2025 14:19:31 Europe/Berlin] Attempting to connect to database: mysql:host=localhost;dbname=upang_link
[12-Mar-2025 14:19:31 Europe/Berlin] Database connection successful
[12-Mar-2025 14:19:31 Europe/Berlin] Attempting to connect to database: mysql:host=localhost;dbname=upang_link
[12-Mar-2025 14:19:31 Europe/Berlin] Database connection successful
[12-Mar-2025 14:19:31 Europe/Berlin] Validating session for token: 8700a4abbd7028d63e8d828f4de5eab0dd32a0ae4afc542e647afb1898582a6b
[12-Mar-2025 14:19:31 Europe/Berlin] Executing query: SELECT us.*, u.email_verified 
                FROM user_sessions us
                JOIN users u ON us.user_id = u.user_id
                WHERE us.token = ? AND us.is_active = 1 AND us.expires_at > NOW()
[12-Mar-2025 14:19:31 Europe/Berlin] Query executed. Row count: 1
[12-Mar-2025 14:19:31 Europe/Berlin] Session found: {"session_id":3,"user_id":2,"token":"8700a4abbd7028d63e8d828f4de5eab0dd32a0ae4afc542e647afb1898582a6b","device_info":"okhttp\/4.12.0","ip_address":"192.168.1.9","last_activity":"2025-03-12 06:19:31","expires_at":"2025-03-13 03:20:33","is_active":1,"created_at":"2025-03-11 19:20:33","email_verified":1}
[12-Mar-2025 14:19:31 Europe/Berlin] Updating session activity for token: 8700a4abbd7028d63e8d828f4de5eab0dd32a0ae4afc542e647afb1898582a6b
[12-Mar-2025 14:19:31 Europe/Berlin] Session activity update result: success
[12-Mar-2025 14:19:31 Europe/Berlin] Initializing RequestController
[12-Mar-2025 14:19:31 Europe/Berlin] Initializing RequestController
[12-Mar-2025 14:19:31 Europe/Berlin] Attempting to connect to database: mysql:host=localhost;dbname=upang_link
[12-Mar-2025 14:19:31 Europe/Berlin] Attempting to connect to database: mysql:host=localhost;dbname=upang_link
[12-Mar-2025 14:19:31 Europe/Berlin] Database connection successful
[12-Mar-2025 14:19:31 Europe/Berlin] Database connection successful
[12-Mar-2025 14:19:31 Europe/Berlin] RequestController initialized successfully
[12-Mar-2025 14:19:31 Europe/Berlin] RequestController initialized successfully
[12-Mar-2025 14:19:31 Europe/Berlin] Handling request: Method=GET, Endpoint=requests/statistics
[12-Mar-2025 14:19:31 Europe/Berlin] Handling request: Method=GET, Endpoint=requests/types
[12-Mar-2025 14:19:31 Europe/Berlin] Normalized endpoint: statistics
[12-Mar-2025 14:19:31 Europe/Berlin] Normalized endpoint: types
[12-Mar-2025 14:19:31 Europe/Berlin] Getting request statistics
[12-Mar-2025 14:19:31 Europe/Berlin] Getting request types
[12-Mar-2025 14:19:31 Europe/Berlin] Fetching request types
[12-Mar-2025 14:19:31 Europe/Berlin] Executing request types query
[12-Mar-2025 14:19:31 Europe/Berlin] Found 7 request types
[12-Mar-2025 14:19:31 Europe/Berlin] Successfully formatted 7 request types
[12-Mar-2025 14:19:32 Europe/Berlin] Attempting to connect to database: mysql:host=localhost;dbname=upang_link
[12-Mar-2025 14:19:32 Europe/Berlin] Database connection successful
[12-Mar-2025 14:19:32 Europe/Berlin] Initializing RequestController
[12-Mar-2025 14:19:32 Europe/Berlin] Attempting to connect to database: mysql:host=localhost;dbname=upang_link
[12-Mar-2025 14:19:32 Europe/Berlin] Database connection successful
[12-Mar-2025 14:19:32 Europe/Berlin] RequestController initialized successfully
[12-Mar-2025 14:19:32 Europe/Berlin] Handling request: Method=GET, Endpoint=requests/types
[12-Mar-2025 14:19:32 Europe/Berlin] Normalized endpoint: types
[12-Mar-2025 14:19:32 Europe/Berlin] Getting request types
[12-Mar-2025 14:19:32 Europe/Berlin] Fetching request types
[12-Mar-2025 14:19:32 Europe/Berlin] Executing request types query
[12-Mar-2025 14:19:32 Europe/Berlin] Found 7 request types
[12-Mar-2025 14:19:32 Europe/Berlin] Successfully formatted 7 request types
[12-Mar-2025 14:23:42 Europe/Berlin] Attempting to connect to database: mysql:host=localhost;dbname=upang_link
[12-Mar-2025 14:23:42 Europe/Berlin] Database connection successful
[12-Mar-2025 14:23:42 Europe/Berlin] Validating session for token: 8700a4abbd7028d63e8d828f4de5eab0dd32a0ae4afc542e647afb1898582a6b
[12-Mar-2025 14:23:42 Europe/Berlin] Executing query: SELECT us.*, u.email_verified 
                FROM user_sessions us
                JOIN users u ON us.user_id = u.user_id
                WHERE us.token = ? AND us.is_active = 1 AND us.expires_at > NOW()
[12-Mar-2025 14:23:42 Europe/Berlin] Query executed. Row count: 1
[12-Mar-2025 14:23:42 Europe/Berlin] Session found: {"session_id":3,"user_id":2,"token":"8700a4abbd7028d63e8d828f4de5eab0dd32a0ae4afc542e647afb1898582a6b","device_info":"okhttp\/4.12.0","ip_address":"192.168.1.9","last_activity":"2025-03-12 06:19:32","expires_at":"2025-03-13 03:20:33","is_active":1,"created_at":"2025-03-11 19:20:33","email_verified":1}
[12-Mar-2025 14:23:42 Europe/Berlin] Updating session activity for token: 8700a4abbd7028d63e8d828f4de5eab0dd32a0ae4afc542e647afb1898582a6b
[12-Mar-2025 14:23:42 Europe/Berlin] Session activity update result: success
[12-Mar-2025 14:23:52 Europe/Berlin] Attempting to connect to database: mysql:host=localhost;dbname=upang_link
[12-Mar-2025 14:23:52 Europe/Berlin] Database connection successful
[12-Mar-2025 14:23:52 Europe/Berlin] Initializing RequestController
[12-Mar-2025 14:23:52 Europe/Berlin] Attempting to connect to database: mysql:host=localhost;dbname=upang_link
[12-Mar-2025 14:23:52 Europe/Berlin] Database connection successful
[12-Mar-2025 14:23:52 Europe/Berlin] Attempting to connect to database: mysql:host=localhost;dbname=upang_link
[12-Mar-2025 14:23:52 Europe/Berlin] RequestController initialized successfully
[12-Mar-2025 14:23:52 Europe/Berlin] Handling request: Method=GET, Endpoint=requests/types
[12-Mar-2025 14:23:52 Europe/Berlin] Normalized endpoint: types
[12-Mar-2025 14:23:52 Europe/Berlin] Getting request types
[12-Mar-2025 14:23:52 Europe/Berlin] Fetching request types
[12-Mar-2025 14:23:52 Europe/Berlin] Database connection successful
[12-Mar-2025 14:23:52 Europe/Berlin] Executing request types query
[12-Mar-2025 14:23:52 Europe/Berlin] Found 7 request types
[12-Mar-2025 14:23:52 Europe/Berlin] Successfully formatted 7 request types
[12-Mar-2025 14:23:52 Europe/Berlin] Validating session for token: 8700a4abbd7028d63e8d828f4de5eab0dd32a0ae4afc542e647afb1898582a6b
[12-Mar-2025 14:23:52 Europe/Berlin] Executing query: SELECT us.*, u.email_verified 
                FROM user_sessions us
                JOIN users u ON us.user_id = u.user_id
                WHERE us.token = ? AND us.is_active = 1 AND us.expires_at > NOW()
[12-Mar-2025 14:23:52 Europe/Berlin] Query executed. Row count: 1
[12-Mar-2025 14:23:52 Europe/Berlin] Session found: {"session_id":3,"user_id":2,"token":"8700a4abbd7028d63e8d828f4de5eab0dd32a0ae4afc542e647afb1898582a6b","device_info":"okhttp\/4.12.0","ip_address":"192.168.1.9","last_activity":"2025-03-12 06:23:52","expires_at":"2025-03-13 03:20:33","is_active":1,"created_at":"2025-03-11 19:20:33","email_verified":1}
[12-Mar-2025 14:23:52 Europe/Berlin] Updating session activity for token: 8700a4abbd7028d63e8d828f4de5eab0dd32a0ae4afc542e647afb1898582a6b
[12-Mar-2025 14:23:52 Europe/Berlin] Session activity update result: success
[12-Mar-2025 14:23:52 Europe/Berlin] Initializing RequestController
[12-Mar-2025 14:23:52 Europe/Berlin] Attempting to connect to database: mysql:host=localhost;dbname=upang_link
[12-Mar-2025 14:23:52 Europe/Berlin] Database connection successful
[12-Mar-2025 14:23:52 Europe/Berlin] RequestController initialized successfully
[12-Mar-2025 14:23:52 Europe/Berlin] Handling request: Method=GET, Endpoint=requests/statistics
[12-Mar-2025 14:23:52 Europe/Berlin] Normalized endpoint: statistics
[12-Mar-2025 14:23:52 Europe/Berlin] Getting request statistics
[12-Mar-2025 14:23:54 Europe/Berlin] Attempting to connect to database: mysql:host=localhost;dbname=upang_link
[12-Mar-2025 14:23:54 Europe/Berlin] Database connection successful
[12-Mar-2025 14:23:54 Europe/Berlin] Initializing RequestController
[12-Mar-2025 14:23:54 Europe/Berlin] Attempting to connect to database: mysql:host=localhost;dbname=upang_link
[12-Mar-2025 14:23:54 Europe/Berlin] Database connection successful
[12-Mar-2025 14:23:54 Europe/Berlin] RequestController initialized successfully
[12-Mar-2025 14:23:54 Europe/Berlin] Handling request: Method=GET, Endpoint=requests/types
[12-Mar-2025 14:23:54 Europe/Berlin] Normalized endpoint: types
[12-Mar-2025 14:23:54 Europe/Berlin] Getting request types
[12-Mar-2025 14:23:54 Europe/Berlin] Fetching request types
[12-Mar-2025 14:23:54 Europe/Berlin] Executing request types query
[12-Mar-2025 14:23:54 Europe/Berlin] Found 7 request types
[12-Mar-2025 14:23:54 Europe/Berlin] Successfully formatted 7 request types
[12-Mar-2025 14:29:25 Europe/Berlin] Attempting to connect to database: mysql:host=localhost;dbname=upang_link
[12-Mar-2025 14:29:25 Europe/Berlin] Database connection successful
[12-Mar-2025 14:29:25 Europe/Berlin] Validating session for token: 8700a4abbd7028d63e8d828f4de5eab0dd32a0ae4afc542e647afb1898582a6b
[12-Mar-2025 14:29:25 Europe/Berlin] Executing query: SELECT us.*, u.email_verified 
                FROM user_sessions us
                JOIN users u ON us.user_id = u.user_id
                WHERE us.token = ? AND us.is_active = 1 AND us.expires_at > NOW()
[12-Mar-2025 14:29:25 Europe/Berlin] Query executed. Row count: 1
[12-Mar-2025 14:29:25 Europe/Berlin] Session found: {"session_id":3,"user_id":2,"token":"8700a4abbd7028d63e8d828f4de5eab0dd32a0ae4afc542e647afb1898582a6b","device_info":"okhttp\/4.12.0","ip_address":"192.168.1.9","last_activity":"2025-03-12 06:23:52","expires_at":"2025-03-13 03:20:33","is_active":1,"created_at":"2025-03-11 19:20:33","email_verified":1}
[12-Mar-2025 14:29:25 Europe/Berlin] Updating session activity for token: 8700a4abbd7028d63e8d828f4de5eab0dd32a0ae4afc542e647afb1898582a6b
[12-Mar-2025 14:29:25 Europe/Berlin] Session activity update result: success
[12-Mar-2025 14:29:28 Europe/Berlin] Attempting to connect to database: mysql:host=localhost;dbname=upang_link
[12-Mar-2025 14:29:28 Europe/Berlin] Database connection successful
[12-Mar-2025 14:29:28 Europe/Berlin] Attempting to connect to database: mysql:host=localhost;dbname=upang_link
[12-Mar-2025 14:29:28 Europe/Berlin] Database connection successful
[12-Mar-2025 14:29:28 Europe/Berlin] Initializing RequestController
[12-Mar-2025 14:29:28 Europe/Berlin] Attempting to connect to database: mysql:host=localhost;dbname=upang_link
[12-Mar-2025 14:29:28 Europe/Berlin] Validating session for token: 8700a4abbd7028d63e8d828f4de5eab0dd32a0ae4afc542e647afb1898582a6b
[12-Mar-2025 14:29:28 Europe/Berlin] Executing query: SELECT us.*, u.email_verified 
                FROM user_sessions us
                JOIN users u ON us.user_id = u.user_id
                WHERE us.token = ? AND us.is_active = 1 AND us.expires_at > NOW()
[12-Mar-2025 14:29:28 Europe/Berlin] Database connection successful
[12-Mar-2025 14:29:28 Europe/Berlin] Query executed. Row count: 1
[12-Mar-2025 14:29:28 Europe/Berlin] Session found: {"session_id":3,"user_id":2,"token":"8700a4abbd7028d63e8d828f4de5eab0dd32a0ae4afc542e647afb1898582a6b","device_info":"okhttp\/4.12.0","ip_address":"192.168.1.9","last_activity":"2025-03-12 06:29:28","expires_at":"2025-03-13 03:20:33","is_active":1,"created_at":"2025-03-11 19:20:33","email_verified":1}
[12-Mar-2025 14:29:28 Europe/Berlin] RequestController initialized successfully
[12-Mar-2025 14:29:28 Europe/Berlin] Updating session activity for token: 8700a4abbd7028d63e8d828f4de5eab0dd32a0ae4afc542e647afb1898582a6b
[12-Mar-2025 14:29:28 Europe/Berlin] Handling request: Method=GET, Endpoint=requests/types
[12-Mar-2025 14:29:28 Europe/Berlin] Normalized endpoint: types
[12-Mar-2025 14:29:28 Europe/Berlin] Getting request types
[12-Mar-2025 14:29:28 Europe/Berlin] Fetching request types
[12-Mar-2025 14:29:28 Europe/Berlin] Session activity update result: success
[12-Mar-2025 14:29:28 Europe/Berlin] Executing request types query
[12-Mar-2025 14:29:28 Europe/Berlin] Initializing RequestController
[12-Mar-2025 14:29:28 Europe/Berlin] Attempting to connect to database: mysql:host=localhost;dbname=upang_link
[12-Mar-2025 14:29:28 Europe/Berlin] Found 7 request types
[12-Mar-2025 14:29:28 Europe/Berlin] Database connection successful
[12-Mar-2025 14:29:28 Europe/Berlin] Successfully formatted 7 request types
[12-Mar-2025 14:29:28 Europe/Berlin] RequestController initialized successfully
[12-Mar-2025 14:29:28 Europe/Berlin] Handling request: Method=GET, Endpoint=requests/statistics
[12-Mar-2025 14:29:28 Europe/Berlin] Normalized endpoint: statistics
[12-Mar-2025 14:29:28 Europe/Berlin] Getting request statistics
[12-Mar-2025 14:29:29 Europe/Berlin] Attempting to connect to database: mysql:host=localhost;dbname=upang_link
[12-Mar-2025 14:29:29 Europe/Berlin] Database connection successful
[12-Mar-2025 14:29:29 Europe/Berlin] Initializing RequestController
[12-Mar-2025 14:29:29 Europe/Berlin] Attempting to connect to database: mysql:host=localhost;dbname=upang_link
[12-Mar-2025 14:29:29 Europe/Berlin] Database connection successful
[12-Mar-2025 14:29:29 Europe/Berlin] RequestController initialized successfully
[12-Mar-2025 14:29:29 Europe/Berlin] Handling request: Method=GET, Endpoint=requests/types
[12-Mar-2025 14:29:29 Europe/Berlin] Normalized endpoint: types
[12-Mar-2025 14:29:29 Europe/Berlin] Getting request types
[12-Mar-2025 14:29:29 Europe/Berlin] Fetching request types
[12-Mar-2025 14:29:29 Europe/Berlin] Executing request types query
[12-Mar-2025 14:29:29 Europe/Berlin] Found 7 request types
[12-Mar-2025 14:29:29 Europe/Berlin] Successfully formatted 7 request types
[12-Mar-2025 14:49:04 Europe/Berlin] Attempting to connect to database: mysql:host=localhost;dbname=upang_link
[12-Mar-2025 14:49:04 Europe/Berlin] Database connection successful
[12-Mar-2025 14:49:04 Europe/Berlin] Validating session for token: 8700a4abbd7028d63e8d828f4de5eab0dd32a0ae4afc542e647afb1898582a6b
[12-Mar-2025 14:49:04 Europe/Berlin] Executing query: SELECT us.*, u.email_verified 
                FROM user_sessions us
                JOIN users u ON us.user_id = u.user_id
                WHERE us.token = ? AND us.is_active = 1 AND us.expires_at > NOW()
[12-Mar-2025 14:49:04 Europe/Berlin] Query executed. Row count: 1
[12-Mar-2025 14:49:04 Europe/Berlin] Session found: {"session_id":3,"user_id":2,"token":"8700a4abbd7028d63e8d828f4de5eab0dd32a0ae4afc542e647afb1898582a6b","device_info":"okhttp\/4.12.0","ip_address":"192.168.1.9","last_activity":"2025-03-12 06:29:28","expires_at":"2025-03-13 03:20:33","is_active":1,"created_at":"2025-03-11 19:20:33","email_verified":1}
[12-Mar-2025 14:49:04 Europe/Berlin] Updating session activity for token: 8700a4abbd7028d63e8d828f4de5eab0dd32a0ae4afc542e647afb1898582a6b
[12-Mar-2025 14:49:04 Europe/Berlin] Session activity update result: success
[12-Mar-2025 14:49:20 Europe/Berlin] Attempting to connect to database: mysql:host=localhost;dbname=upang_link
[12-Mar-2025 14:49:20 Europe/Berlin] Database connection successful
[12-Mar-2025 14:49:20 Europe/Berlin] Initializing RequestController
[12-Mar-2025 14:49:20 Europe/Berlin] Attempting to connect to database: mysql:host=localhost;dbname=upang_link
[12-Mar-2025 14:49:20 Europe/Berlin] Database connection successful
[12-Mar-2025 14:49:20 Europe/Berlin] RequestController initialized successfully
[12-Mar-2025 14:49:20 Europe/Berlin] Handling request: Method=GET, Endpoint=requests/types
[12-Mar-2025 14:49:20 Europe/Berlin] Normalized endpoint: types
[12-Mar-2025 14:49:20 Europe/Berlin] Getting request types
[12-Mar-2025 14:49:20 Europe/Berlin] Fetching request types
[12-Mar-2025 14:49:20 Europe/Berlin] Executing request types query
[12-Mar-2025 14:49:20 Europe/Berlin] Found 7 request types
[12-Mar-2025 14:49:20 Europe/Berlin] Successfully formatted 7 request types
[12-Mar-2025 14:49:20 Europe/Berlin] Attempting to connect to database: mysql:host=localhost;dbname=upang_link
[12-Mar-2025 14:49:20 Europe/Berlin] Database connection successful
[12-Mar-2025 14:49:20 Europe/Berlin] Validating session for token: 8700a4abbd7028d63e8d828f4de5eab0dd32a0ae4afc542e647afb1898582a6b
[12-Mar-2025 14:49:20 Europe/Berlin] Executing query: SELECT us.*, u.email_verified 
                FROM user_sessions us
                JOIN users u ON us.user_id = u.user_id
                WHERE us.token = ? AND us.is_active = 1 AND us.expires_at > NOW()
[12-Mar-2025 14:49:20 Europe/Berlin] Query executed. Row count: 1
[12-Mar-2025 14:49:20 Europe/Berlin] Session found: {"session_id":3,"user_id":2,"token":"8700a4abbd7028d63e8d828f4de5eab0dd32a0ae4afc542e647afb1898582a6b","device_info":"okhttp\/4.12.0","ip_address":"192.168.1.9","last_activity":"2025-03-12 06:49:20","expires_at":"2025-03-13 03:20:33","is_active":1,"created_at":"2025-03-11 19:20:33","email_verified":1}
[12-Mar-2025 14:49:20 Europe/Berlin] Updating session activity for token: 8700a4abbd7028d63e8d828f4de5eab0dd32a0ae4afc542e647afb1898582a6b
[12-Mar-2025 14:49:20 Europe/Berlin] Session activity update result: success
[12-Mar-2025 14:49:20 Europe/Berlin] Initializing RequestController
[12-Mar-2025 14:49:20 Europe/Berlin] Attempting to connect to database: mysql:host=localhost;dbname=upang_link
[12-Mar-2025 14:49:20 Europe/Berlin] Database connection successful
[12-Mar-2025 14:49:20 Europe/Berlin] RequestController initialized successfully
[12-Mar-2025 14:49:20 Europe/Berlin] Handling request: Method=GET, Endpoint=requests/statistics
[12-Mar-2025 14:49:20 Europe/Berlin] Normalized endpoint: statistics
[12-Mar-2025 14:49:20 Europe/Berlin] Getting request statistics
[12-Mar-2025 14:49:21 Europe/Berlin] Attempting to connect to database: mysql:host=localhost;dbname=upang_link
[12-Mar-2025 14:49:21 Europe/Berlin] Database connection successful
[12-Mar-2025 14:49:21 Europe/Berlin] Initializing RequestController
[12-Mar-2025 14:49:21 Europe/Berlin] Attempting to connect to database: mysql:host=localhost;dbname=upang_link
[12-Mar-2025 14:49:21 Europe/Berlin] Database connection successful
[12-Mar-2025 14:49:21 Europe/Berlin] RequestController initialized successfully
[12-Mar-2025 14:49:21 Europe/Berlin] Handling request: Method=GET, Endpoint=requests/types
[12-Mar-2025 14:49:21 Europe/Berlin] Normalized endpoint: types
[12-Mar-2025 14:49:21 Europe/Berlin] Getting request types
[12-Mar-2025 14:49:21 Europe/Berlin] Fetching request types
[12-Mar-2025 14:49:21 Europe/Berlin] Executing request types query
[12-Mar-2025 14:49:21 Europe/Berlin] Found 7 request types
[12-Mar-2025 14:49:21 Europe/Berlin] Successfully formatted 7 request types
[12-Mar-2025 14:54:11 Europe/Berlin] Attempting to connect to database: mysql:host=localhost;dbname=upang_link
[12-Mar-2025 14:54:11 Europe/Berlin] Database connection successful
[12-Mar-2025 14:54:11 Europe/Berlin] Validating session for token: 8700a4abbd7028d63e8d828f4de5eab0dd32a0ae4afc542e647afb1898582a6b
[12-Mar-2025 14:54:11 Europe/Berlin] Executing query: SELECT us.*, u.email_verified 
                FROM user_sessions us
                JOIN users u ON us.user_id = u.user_id
                WHERE us.token = ? AND us.is_active = 1 AND us.expires_at > NOW()
[12-Mar-2025 14:54:11 Europe/Berlin] Query executed. Row count: 1
[12-Mar-2025 14:54:11 Europe/Berlin] Session found: {"session_id":3,"user_id":2,"token":"8700a4abbd7028d63e8d828f4de5eab0dd32a0ae4afc542e647afb1898582a6b","device_info":"okhttp\/4.12.0","ip_address":"192.168.1.9","last_activity":"2025-03-12 06:49:20","expires_at":"2025-03-13 03:20:33","is_active":1,"created_at":"2025-03-11 19:20:33","email_verified":1}
[12-Mar-2025 14:54:11 Europe/Berlin] Updating session activity for token: 8700a4abbd7028d63e8d828f4de5eab0dd32a0ae4afc542e647afb1898582a6b
[12-Mar-2025 14:54:11 Europe/Berlin] Session activity update result: success
[12-Mar-2025 14:54:14 Europe/Berlin] Attempting to connect to database: mysql:host=localhost;dbname=upang_link
[12-Mar-2025 14:54:14 Europe/Berlin] Database connection successful
[12-Mar-2025 14:54:14 Europe/Berlin] Attempting to connect to database: mysql:host=localhost;dbname=upang_link
[12-Mar-2025 14:54:14 Europe/Berlin] Database connection successful
[12-Mar-2025 14:54:14 Europe/Berlin] Initializing RequestController
[12-Mar-2025 14:54:14 Europe/Berlin] Attempting to connect to database: mysql:host=localhost;dbname=upang_link
[12-Mar-2025 14:54:14 Europe/Berlin] Database connection successful
[12-Mar-2025 14:54:14 Europe/Berlin] Validating session for token: 8700a4abbd7028d63e8d828f4de5eab0dd32a0ae4afc542e647afb1898582a6b
[12-Mar-2025 14:54:14 Europe/Berlin] Executing query: SELECT us.*, u.email_verified 
                FROM user_sessions us
                JOIN users u ON us.user_id = u.user_id
                WHERE us.token = ? AND us.is_active = 1 AND us.expires_at > NOW()
[12-Mar-2025 14:54:14 Europe/Berlin] RequestController initialized successfully
[12-Mar-2025 14:54:14 Europe/Berlin] Handling request: Method=GET, Endpoint=requests/types
[12-Mar-2025 14:54:14 Europe/Berlin] Query executed. Row count: 1
[12-Mar-2025 14:54:14 Europe/Berlin] Normalized endpoint: types
[12-Mar-2025 14:54:14 Europe/Berlin] Session found: {"session_id":3,"user_id":2,"token":"8700a4abbd7028d63e8d828f4de5eab0dd32a0ae4afc542e647afb1898582a6b","device_info":"okhttp\/4.12.0","ip_address":"192.168.1.9","last_activity":"2025-03-12 06:54:14","expires_at":"2025-03-13 03:20:33","is_active":1,"created_at":"2025-03-11 19:20:33","email_verified":1}
[12-Mar-2025 14:54:14 Europe/Berlin] Getting request types
[12-Mar-2025 14:54:14 Europe/Berlin] Fetching request types
[12-Mar-2025 14:54:14 Europe/Berlin] Updating session activity for token: 8700a4abbd7028d63e8d828f4de5eab0dd32a0ae4afc542e647afb1898582a6b
[12-Mar-2025 14:54:14 Europe/Berlin] Executing request types query
[12-Mar-2025 14:54:14 Europe/Berlin] Session activity update result: success
[12-Mar-2025 14:54:14 Europe/Berlin] Found 7 request types
[12-Mar-2025 14:54:14 Europe/Berlin] Initializing RequestController
[12-Mar-2025 14:54:14 Europe/Berlin] Successfully formatted 7 request types
[12-Mar-2025 14:54:14 Europe/Berlin] Attempting to connect to database: mysql:host=localhost;dbname=upang_link
[12-Mar-2025 14:54:14 Europe/Berlin] Database connection successful
[12-Mar-2025 14:54:14 Europe/Berlin] RequestController initialized successfully
[12-Mar-2025 14:54:14 Europe/Berlin] Handling request: Method=GET, Endpoint=requests/statistics
[12-Mar-2025 14:54:14 Europe/Berlin] Normalized endpoint: statistics
[12-Mar-2025 14:54:14 Europe/Berlin] Getting request statistics
[12-Mar-2025 14:54:15 Europe/Berlin] Attempting to connect to database: mysql:host=localhost;dbname=upang_link
[12-Mar-2025 14:54:15 Europe/Berlin] Database connection successful
[12-Mar-2025 14:54:15 Europe/Berlin] Initializing RequestController
[12-Mar-2025 14:54:15 Europe/Berlin] Attempting to connect to database: mysql:host=localhost;dbname=upang_link
[12-Mar-2025 14:54:15 Europe/Berlin] Database connection successful
[12-Mar-2025 14:54:15 Europe/Berlin] RequestController initialized successfully
[12-Mar-2025 14:54:15 Europe/Berlin] Handling request: Method=GET, Endpoint=requests/types
[12-Mar-2025 14:54:15 Europe/Berlin] Normalized endpoint: types
[12-Mar-2025 14:54:15 Europe/Berlin] Getting request types
[12-Mar-2025 14:54:15 Europe/Berlin] Fetching request types
[12-Mar-2025 14:54:15 Europe/Berlin] Executing request types query
[12-Mar-2025 14:54:15 Europe/Berlin] Found 7 request types
[12-Mar-2025 14:54:15 Europe/Berlin] Successfully formatted 7 request types
[12-Mar-2025 15:01:09 Europe/Berlin] Attempting to connect to database: mysql:host=localhost;dbname=upang_link
[12-Mar-2025 15:01:09 Europe/Berlin] Database connection successful
[12-Mar-2025 15:01:09 Europe/Berlin] Validating session for token: 8700a4abbd7028d63e8d828f4de5eab0dd32a0ae4afc542e647afb1898582a6b
[12-Mar-2025 15:01:09 Europe/Berlin] Executing query: SELECT us.*, u.email_verified 
                FROM user_sessions us
                JOIN users u ON us.user_id = u.user_id
                WHERE us.token = ? AND us.is_active = 1 AND us.expires_at > NOW()
[12-Mar-2025 15:01:09 Europe/Berlin] Query executed. Row count: 1
[12-Mar-2025 15:01:09 Europe/Berlin] Session found: {"session_id":3,"user_id":2,"token":"8700a4abbd7028d63e8d828f4de5eab0dd32a0ae4afc542e647afb1898582a6b","device_info":"okhttp\/4.12.0","ip_address":"192.168.1.9","last_activity":"2025-03-12 06:54:14","expires_at":"2025-03-13 03:20:33","is_active":1,"created_at":"2025-03-11 19:20:33","email_verified":1}
[12-Mar-2025 15:01:09 Europe/Berlin] Updating session activity for token: 8700a4abbd7028d63e8d828f4de5eab0dd32a0ae4afc542e647afb1898582a6b
[12-Mar-2025 15:01:09 Europe/Berlin] Session activity update result: success
[12-Mar-2025 15:01:39 Europe/Berlin] Attempting to connect to database: mysql:host=localhost;dbname=upang_link
[12-Mar-2025 15:01:39 Europe/Berlin] Attempting to connect to database: mysql:host=localhost;dbname=upang_link
[12-Mar-2025 15:01:39 Europe/Berlin] Database connection successful
[12-Mar-2025 15:01:39 Europe/Berlin] Database connection successful
[12-Mar-2025 15:01:39 Europe/Berlin] Validating session for token: 8700a4abbd7028d63e8d828f4de5eab0dd32a0ae4afc542e647afb1898582a6b
[12-Mar-2025 15:01:39 Europe/Berlin] Executing query: SELECT us.*, u.email_verified 
                FROM user_sessions us
                JOIN users u ON us.user_id = u.user_id
                WHERE us.token = ? AND us.is_active = 1 AND us.expires_at > NOW()
[12-Mar-2025 15:01:39 Europe/Berlin] Query executed. Row count: 1
[12-Mar-2025 15:01:39 Europe/Berlin] Session found: {"session_id":3,"user_id":2,"token":"8700a4abbd7028d63e8d828f4de5eab0dd32a0ae4afc542e647afb1898582a6b","device_info":"okhttp\/4.12.0","ip_address":"192.168.1.9","last_activity":"2025-03-12 07:01:39","expires_at":"2025-03-13 03:20:33","is_active":1,"created_at":"2025-03-11 19:20:33","email_verified":1}
[12-Mar-2025 15:01:39 Europe/Berlin] Updating session activity for token: 8700a4abbd7028d63e8d828f4de5eab0dd32a0ae4afc542e647afb1898582a6b
[12-Mar-2025 15:01:39 Europe/Berlin] Session activity update result: success
[12-Mar-2025 15:01:39 Europe/Berlin] Initializing RequestController
[12-Mar-2025 15:01:39 Europe/Berlin] Attempting to connect to database: mysql:host=localhost;dbname=upang_link
[12-Mar-2025 15:01:39 Europe/Berlin] Database connection successful
[12-Mar-2025 15:01:39 Europe/Berlin] Initializing RequestController
[12-Mar-2025 15:01:39 Europe/Berlin] RequestController initialized successfully
[12-Mar-2025 15:01:39 Europe/Berlin] Attempting to connect to database: mysql:host=localhost;dbname=upang_link
[12-Mar-2025 15:01:39 Europe/Berlin] Handling request: Method=GET, Endpoint=requests/types
[12-Mar-2025 15:01:39 Europe/Berlin] Normalized endpoint: types
[12-Mar-2025 15:01:39 Europe/Berlin] Getting request types
[12-Mar-2025 15:01:39 Europe/Berlin] Fetching request types
[12-Mar-2025 15:01:39 Europe/Berlin] Executing request types query
[12-Mar-2025 15:01:39 Europe/Berlin] Database connection successful
[12-Mar-2025 15:01:39 Europe/Berlin] RequestController initialized successfully
[12-Mar-2025 15:01:39 Europe/Berlin] Handling request: Method=GET, Endpoint=requests/statistics
[12-Mar-2025 15:01:39 Europe/Berlin] Normalized endpoint: statistics
[12-Mar-2025 15:01:39 Europe/Berlin] Getting request statistics
[12-Mar-2025 15:01:39 Europe/Berlin] Found 7 request types
[12-Mar-2025 15:01:39 Europe/Berlin] Successfully formatted 7 request types
[12-Mar-2025 15:01:40 Europe/Berlin] Attempting to connect to database: mysql:host=localhost;dbname=upang_link
[12-Mar-2025 15:01:40 Europe/Berlin] Database connection successful
[12-Mar-2025 15:01:40 Europe/Berlin] Initializing RequestController
[12-Mar-2025 15:01:40 Europe/Berlin] Attempting to connect to database: mysql:host=localhost;dbname=upang_link
[12-Mar-2025 15:01:40 Europe/Berlin] Database connection successful
[12-Mar-2025 15:01:40 Europe/Berlin] RequestController initialized successfully
[12-Mar-2025 15:01:40 Europe/Berlin] Handling request: Method=GET, Endpoint=requests/types
[12-Mar-2025 15:01:40 Europe/Berlin] Normalized endpoint: types
[12-Mar-2025 15:01:40 Europe/Berlin] Getting request types
[12-Mar-2025 15:01:40 Europe/Berlin] Fetching request types
[12-Mar-2025 15:01:40 Europe/Berlin] Executing request types query
[12-Mar-2025 15:01:40 Europe/Berlin] Found 7 request types
[12-Mar-2025 15:01:40 Europe/Berlin] Successfully formatted 7 request types
[12-Mar-2025 15:09:26 Europe/Berlin] Attempting to connect to database: mysql:host=localhost;dbname=upang_link
[12-Mar-2025 15:09:26 Europe/Berlin] Database connection successful
[12-Mar-2025 15:09:26 Europe/Berlin] Initializing RequestController
[12-Mar-2025 15:09:26 Europe/Berlin] Attempting to connect to database: mysql:host=localhost;dbname=upang_link
[12-Mar-2025 15:09:26 Europe/Berlin] Database connection successful
[12-Mar-2025 15:09:26 Europe/Berlin] RequestController initialized successfully
[12-Mar-2025 15:09:26 Europe/Berlin] Handling request: Method=GET, Endpoint=requests/types
[12-Mar-2025 15:09:26 Europe/Berlin] Normalized endpoint: types
[12-Mar-2025 15:09:26 Europe/Berlin] Getting request types
[12-Mar-2025 15:09:26 Europe/Berlin] Fetching request types
[12-Mar-2025 15:09:26 Europe/Berlin] Executing request types query
[12-Mar-2025 15:09:26 Europe/Berlin] Found 7 request types
[12-Mar-2025 15:09:26 Europe/Berlin] Successfully formatted 7 request types
[12-Mar-2025 15:24:08 Europe/Berlin] Attempting to connect to database: mysql:host=localhost;dbname=upang_link
[12-Mar-2025 15:24:08 Europe/Berlin] Database connection successful
[12-Mar-2025 15:24:08 Europe/Berlin] Validating session for token: 8700a4abbd7028d63e8d828f4de5eab0dd32a0ae4afc542e647afb1898582a6b
[12-Mar-2025 15:24:08 Europe/Berlin] Executing query: SELECT us.*, u.email_verified 
                FROM user_sessions us
                JOIN users u ON us.user_id = u.user_id
                WHERE us.token = ? AND us.is_active = 1 AND us.expires_at > NOW()
[12-Mar-2025 15:24:08 Europe/Berlin] Query executed. Row count: 1
[12-Mar-2025 15:24:08 Europe/Berlin] Session found: {"session_id":3,"user_id":2,"token":"8700a4abbd7028d63e8d828f4de5eab0dd32a0ae4afc542e647afb1898582a6b","device_info":"okhttp\/4.12.0","ip_address":"192.168.1.9","last_activity":"2025-03-12 07:10:06","expires_at":"2025-03-13 03:20:33","is_active":1,"created_at":"2025-03-11 19:20:33","email_verified":1}
[12-Mar-2025 15:24:08 Europe/Berlin] Updating session activity for token: 8700a4abbd7028d63e8d828f4de5eab0dd32a0ae4afc542e647afb1898582a6b
[12-Mar-2025 15:24:08 Europe/Berlin] Session activity update result: success
[12-Mar-2025 15:24:11 Europe/Berlin] Attempting to connect to database: mysql:host=localhost;dbname=upang_link
[12-Mar-2025 15:24:11 Europe/Berlin] Database connection successful
[12-Mar-2025 15:24:11 Europe/Berlin] Attempting to connect to database: mysql:host=localhost;dbname=upang_link
[12-Mar-2025 15:24:11 Europe/Berlin] Database connection successful
[12-Mar-2025 15:24:11 Europe/Berlin] Validating session for token: 8700a4abbd7028d63e8d828f4de5eab0dd32a0ae4afc542e647afb1898582a6b
[12-Mar-2025 15:24:11 Europe/Berlin] Executing query: SELECT us.*, u.email_verified 
                FROM user_sessions us
                JOIN users u ON us.user_id = u.user_id
                WHERE us.token = ? AND us.is_active = 1 AND us.expires_at > NOW()
[12-Mar-2025 15:24:11 Europe/Berlin] Query executed. Row count: 1
[12-Mar-2025 15:24:11 Europe/Berlin] Session found: {"session_id":3,"user_id":2,"token":"8700a4abbd7028d63e8d828f4de5eab0dd32a0ae4afc542e647afb1898582a6b","device_info":"okhttp\/4.12.0","ip_address":"192.168.1.9","last_activity":"2025-03-12 07:24:11","expires_at":"2025-03-13 03:20:33","is_active":1,"created_at":"2025-03-11 19:20:33","email_verified":1}
[12-Mar-2025 15:24:11 Europe/Berlin] Updating session activity for token: 8700a4abbd7028d63e8d828f4de5eab0dd32a0ae4afc542e647afb1898582a6b
[12-Mar-2025 15:24:11 Europe/Berlin] Session activity update result: success
[12-Mar-2025 15:24:11 Europe/Berlin] Initializing RequestController
[12-Mar-2025 15:24:11 Europe/Berlin] Initializing RequestController
[12-Mar-2025 15:24:11 Europe/Berlin] Attempting to connect to database: mysql:host=localhost;dbname=upang_link
[12-Mar-2025 15:24:11 Europe/Berlin] Attempting to connect to database: mysql:host=localhost;dbname=upang_link
[12-Mar-2025 15:24:11 Europe/Berlin] Database connection successful
[12-Mar-2025 15:24:11 Europe/Berlin] Database connection successful
[12-Mar-2025 15:24:11 Europe/Berlin] RequestController initialized successfully
[12-Mar-2025 15:24:11 Europe/Berlin] RequestController initialized successfully
[12-Mar-2025 15:24:11 Europe/Berlin] Handling request: Method=GET, Endpoint=requests/statistics
[12-Mar-2025 15:24:11 Europe/Berlin] Normalized endpoint: statistics
[12-Mar-2025 15:24:11 Europe/Berlin] Handling request: Method=GET, Endpoint=requests/types
[12-Mar-2025 15:24:11 Europe/Berlin] Getting request statistics
[12-Mar-2025 15:24:11 Europe/Berlin] Normalized endpoint: types
[12-Mar-2025 15:24:11 Europe/Berlin] Getting request types
[12-Mar-2025 15:24:11 Europe/Berlin] Fetching request types
[12-Mar-2025 15:24:11 Europe/Berlin] Executing request types query
[12-Mar-2025 15:24:11 Europe/Berlin] Found 7 request types
[12-Mar-2025 15:24:11 Europe/Berlin] Successfully formatted 7 request types
[12-Mar-2025 15:24:12 Europe/Berlin] Attempting to connect to database: mysql:host=localhost;dbname=upang_link
[12-Mar-2025 15:24:12 Europe/Berlin] Database connection successful
[12-Mar-2025 15:24:12 Europe/Berlin] Initializing RequestController
[12-Mar-2025 15:24:12 Europe/Berlin] Attempting to connect to database: mysql:host=localhost;dbname=upang_link
[12-Mar-2025 15:24:12 Europe/Berlin] Database connection successful
[12-Mar-2025 15:24:12 Europe/Berlin] RequestController initialized successfully
[12-Mar-2025 15:24:12 Europe/Berlin] Handling request: Method=GET, Endpoint=requests/types
[12-Mar-2025 15:24:12 Europe/Berlin] Normalized endpoint: types
[12-Mar-2025 15:24:12 Europe/Berlin] Getting request types
[12-Mar-2025 15:24:12 Europe/Berlin] Fetching request types
[12-Mar-2025 15:24:12 Europe/Berlin] Executing request types query
[12-Mar-2025 15:24:12 Europe/Berlin] Found 7 request types
[12-Mar-2025 15:24:12 Europe/Berlin] Successfully formatted 7 request types
[12-Mar-2025 15:28:42 Europe/Berlin] Attempting to connect to database: mysql:host=localhost;dbname=upang_link
[12-Mar-2025 15:28:42 Europe/Berlin] Database connection successful
[12-Mar-2025 15:28:42 Europe/Berlin] Validating session for token: 8700a4abbd7028d63e8d828f4de5eab0dd32a0ae4afc542e647afb1898582a6b
[12-Mar-2025 15:28:42 Europe/Berlin] Executing query: SELECT us.*, u.email_verified 
                FROM user_sessions us
                JOIN users u ON us.user_id = u.user_id
                WHERE us.token = ? AND us.is_active = 1 AND us.expires_at > NOW()
[12-Mar-2025 15:28:42 Europe/Berlin] Query executed. Row count: 1
[12-Mar-2025 15:28:42 Europe/Berlin] Session found: {"session_id":3,"user_id":2,"token":"8700a4abbd7028d63e8d828f4de5eab0dd32a0ae4afc542e647afb1898582a6b","device_info":"okhttp\/4.12.0","ip_address":"192.168.1.9","last_activity":"2025-03-12 07:24:36","expires_at":"2025-03-13 03:20:33","is_active":1,"created_at":"2025-03-11 19:20:33","email_verified":1}
[12-Mar-2025 15:28:42 Europe/Berlin] Updating session activity for token: 8700a4abbd7028d63e8d828f4de5eab0dd32a0ae4afc542e647afb1898582a6b
[12-Mar-2025 15:28:42 Europe/Berlin] Session activity update result: success
[12-Mar-2025 15:28:45 Europe/Berlin] Attempting to connect to database: mysql:host=localhost;dbname=upang_link
[12-Mar-2025 15:28:45 Europe/Berlin] Database connection successful
[12-Mar-2025 15:28:45 Europe/Berlin] Validating session for token: 8700a4abbd7028d63e8d828f4de5eab0dd32a0ae4afc542e647afb1898582a6b
[12-Mar-2025 15:28:45 Europe/Berlin] Executing query: SELECT us.*, u.email_verified 
                FROM user_sessions us
                JOIN users u ON us.user_id = u.user_id
                WHERE us.token = ? AND us.is_active = 1 AND us.expires_at > NOW()
[12-Mar-2025 15:28:45 Europe/Berlin] Query executed. Row count: 1
[12-Mar-2025 15:28:45 Europe/Berlin] Attempting to connect to database: mysql:host=localhost;dbname=upang_link
[12-Mar-2025 15:28:45 Europe/Berlin] Session found: {"session_id":3,"user_id":2,"token":"8700a4abbd7028d63e8d828f4de5eab0dd32a0ae4afc542e647afb1898582a6b","device_info":"okhttp\/4.12.0","ip_address":"192.168.1.9","last_activity":"2025-03-12 07:28:45","expires_at":"2025-03-13 03:20:33","is_active":1,"created_at":"2025-03-11 19:20:33","email_verified":1}
[12-Mar-2025 15:28:45 Europe/Berlin] Updating session activity for token: 8700a4abbd7028d63e8d828f4de5eab0dd32a0ae4afc542e647afb1898582a6b
[12-Mar-2025 15:28:45 Europe/Berlin] Session activity update result: success
[12-Mar-2025 15:28:45 Europe/Berlin] Database connection successful
[12-Mar-2025 15:28:45 Europe/Berlin] Initializing RequestController
[12-Mar-2025 15:28:45 Europe/Berlin] Attempting to connect to database: mysql:host=localhost;dbname=upang_link
[12-Mar-2025 15:28:45 Europe/Berlin] Database connection successful
[12-Mar-2025 15:28:45 Europe/Berlin] RequestController initialized successfully
[12-Mar-2025 15:28:45 Europe/Berlin] Handling request: Method=GET, Endpoint=requests/statistics
[12-Mar-2025 15:28:45 Europe/Berlin] Normalized endpoint: statistics
[12-Mar-2025 15:28:45 Europe/Berlin] Getting request statistics
[12-Mar-2025 15:28:45 Europe/Berlin] Initializing RequestController
[12-Mar-2025 15:28:45 Europe/Berlin] Attempting to connect to database: mysql:host=localhost;dbname=upang_link
[12-Mar-2025 15:28:45 Europe/Berlin] Database connection successful
[12-Mar-2025 15:28:45 Europe/Berlin] RequestController initialized successfully
[12-Mar-2025 15:28:45 Europe/Berlin] Handling request: Method=GET, Endpoint=requests/types
[12-Mar-2025 15:28:45 Europe/Berlin] Normalized endpoint: types
[12-Mar-2025 15:28:45 Europe/Berlin] Getting request types
[12-Mar-2025 15:28:45 Europe/Berlin] Fetching request types
[12-Mar-2025 15:28:45 Europe/Berlin] Executing request types query
[12-Mar-2025 15:28:45 Europe/Berlin] Found 7 request types
[12-Mar-2025 15:28:45 Europe/Berlin] Successfully formatted 7 request types
[12-Mar-2025 15:28:46 Europe/Berlin] Attempting to connect to database: mysql:host=localhost;dbname=upang_link
[12-Mar-2025 15:28:46 Europe/Berlin] Database connection successful
[12-Mar-2025 15:28:46 Europe/Berlin] Initializing RequestController
[12-Mar-2025 15:28:46 Europe/Berlin] Attempting to connect to database: mysql:host=localhost;dbname=upang_link
[12-Mar-2025 15:28:46 Europe/Berlin] Database connection successful
[12-Mar-2025 15:28:46 Europe/Berlin] RequestController initialized successfully
[12-Mar-2025 15:28:46 Europe/Berlin] Handling request: Method=GET, Endpoint=requests/types
[12-Mar-2025 15:28:46 Europe/Berlin] Normalized endpoint: types
[12-Mar-2025 15:28:46 Europe/Berlin] Getting request types
[12-Mar-2025 15:28:46 Europe/Berlin] Fetching request types
[12-Mar-2025 15:28:46 Europe/Berlin] Executing request types query
[12-Mar-2025 15:28:46 Europe/Berlin] Found 7 request types
[12-Mar-2025 15:28:46 Europe/Berlin] Successfully formatted 7 request types
[12-Mar-2025 15:32:38 Europe/Berlin] Attempting to connect to database: mysql:host=localhost;dbname=upang_link
[12-Mar-2025 15:32:38 Europe/Berlin] Database connection successful
[12-Mar-2025 15:32:38 Europe/Berlin] Validating session for token: 8700a4abbd7028d63e8d828f4de5eab0dd32a0ae4afc542e647afb1898582a6b
[12-Mar-2025 15:32:38 Europe/Berlin] Executing query: SELECT us.*, u.email_verified 
                FROM user_sessions us
                JOIN users u ON us.user_id = u.user_id
                WHERE us.token = ? AND us.is_active = 1 AND us.expires_at > NOW()
[12-Mar-2025 15:32:38 Europe/Berlin] Query executed. Row count: 1
[12-Mar-2025 15:32:38 Europe/Berlin] Session found: {"session_id":3,"user_id":2,"token":"8700a4abbd7028d63e8d828f4de5eab0dd32a0ae4afc542e647afb1898582a6b","device_info":"okhttp\/4.12.0","ip_address":"192.168.1.9","last_activity":"2025-03-12 07:29:03","expires_at":"2025-03-13 03:20:33","is_active":1,"created_at":"2025-03-11 19:20:33","email_verified":1}
[12-Mar-2025 15:32:38 Europe/Berlin] Updating session activity for token: 8700a4abbd7028d63e8d828f4de5eab0dd32a0ae4afc542e647afb1898582a6b
[12-Mar-2025 15:32:38 Europe/Berlin] Session activity update result: success
[12-Mar-2025 15:32:40 Europe/Berlin] Attempting to connect to database: mysql:host=localhost;dbname=upang_link
[12-Mar-2025 15:32:40 Europe/Berlin] Attempting to connect to database: mysql:host=localhost;dbname=upang_link
[12-Mar-2025 15:32:40 Europe/Berlin] Database connection successful
[12-Mar-2025 15:32:40 Europe/Berlin] Database connection successful
[12-Mar-2025 15:32:40 Europe/Berlin] Initializing RequestController
[12-Mar-2025 15:32:40 Europe/Berlin] Attempting to connect to database: mysql:host=localhost;dbname=upang_link
[12-Mar-2025 15:32:40 Europe/Berlin] Validating session for token: 8700a4abbd7028d63e8d828f4de5eab0dd32a0ae4afc542e647afb1898582a6b
[12-Mar-2025 15:32:40 Europe/Berlin] Executing query: SELECT us.*, u.email_verified 
                FROM user_sessions us
                JOIN users u ON us.user_id = u.user_id
                WHERE us.token = ? AND us.is_active = 1 AND us.expires_at > NOW()
[12-Mar-2025 15:32:40 Europe/Berlin] Query executed. Row count: 1
[12-Mar-2025 15:32:40 Europe/Berlin] Session found: {"session_id":3,"user_id":2,"token":"8700a4abbd7028d63e8d828f4de5eab0dd32a0ae4afc542e647afb1898582a6b","device_info":"okhttp\/4.12.0","ip_address":"192.168.1.9","last_activity":"2025-03-12 07:32:40","expires_at":"2025-03-13 03:20:33","is_active":1,"created_at":"2025-03-11 19:20:33","email_verified":1}
[12-Mar-2025 15:32:40 Europe/Berlin] Database connection successful
[12-Mar-2025 15:32:40 Europe/Berlin] RequestController initialized successfully
[12-Mar-2025 15:32:40 Europe/Berlin] Updating session activity for token: 8700a4abbd7028d63e8d828f4de5eab0dd32a0ae4afc542e647afb1898582a6b
[12-Mar-2025 15:32:40 Europe/Berlin] Session activity update result: success
[12-Mar-2025 15:32:40 Europe/Berlin] Handling request: Method=GET, Endpoint=requests/types
[12-Mar-2025 15:32:40 Europe/Berlin] Normalized endpoint: types
[12-Mar-2025 15:32:40 Europe/Berlin] Getting request types
[12-Mar-2025 15:32:40 Europe/Berlin] Initializing RequestController
[12-Mar-2025 15:32:40 Europe/Berlin] Attempting to connect to database: mysql:host=localhost;dbname=upang_link
[12-Mar-2025 15:32:40 Europe/Berlin] Fetching request types
[12-Mar-2025 15:32:40 Europe/Berlin] Database connection successful
[12-Mar-2025 15:32:40 Europe/Berlin] Executing request types query
[12-Mar-2025 15:32:40 Europe/Berlin] RequestController initialized successfully
[12-Mar-2025 15:32:40 Europe/Berlin] Handling request: Method=GET, Endpoint=requests/statistics
[12-Mar-2025 15:32:40 Europe/Berlin] Normalized endpoint: statistics
[12-Mar-2025 15:32:40 Europe/Berlin] Getting request statistics
[12-Mar-2025 15:32:40 Europe/Berlin] Found 7 request types
[12-Mar-2025 15:32:40 Europe/Berlin] Successfully formatted 7 request types
[12-Mar-2025 15:32:41 Europe/Berlin] Attempting to connect to database: mysql:host=localhost;dbname=upang_link
[12-Mar-2025 15:32:41 Europe/Berlin] Database connection successful
[12-Mar-2025 15:32:41 Europe/Berlin] Initializing RequestController
[12-Mar-2025 15:32:41 Europe/Berlin] Attempting to connect to database: mysql:host=localhost;dbname=upang_link
[12-Mar-2025 15:32:41 Europe/Berlin] Database connection successful
[12-Mar-2025 15:32:41 Europe/Berlin] RequestController initialized successfully
[12-Mar-2025 15:32:41 Europe/Berlin] Handling request: Method=GET, Endpoint=requests/types
[12-Mar-2025 15:32:41 Europe/Berlin] Normalized endpoint: types
[12-Mar-2025 15:32:41 Europe/Berlin] Getting request types
[12-Mar-2025 15:32:41 Europe/Berlin] Fetching request types
[12-Mar-2025 15:32:41 Europe/Berlin] Executing request types query
[12-Mar-2025 15:32:41 Europe/Berlin] Found 7 request types
[12-Mar-2025 15:32:41 Europe/Berlin] Successfully formatted 7 request types
[12-Mar-2025 15:35:49 Europe/Berlin] Attempting to connect to database: mysql:host=localhost;dbname=upang_link
[12-Mar-2025 15:35:49 Europe/Berlin] Database connection successful
[12-Mar-2025 15:35:49 Europe/Berlin] Validating session for token: 8700a4abbd7028d63e8d828f4de5eab0dd32a0ae4afc542e647afb1898582a6b
[12-Mar-2025 15:35:49 Europe/Berlin] Executing query: SELECT us.*, u.email_verified 
                FROM user_sessions us
                JOIN users u ON us.user_id = u.user_id
                WHERE us.token = ? AND us.is_active = 1 AND us.expires_at > NOW()
[12-Mar-2025 15:35:49 Europe/Berlin] Query executed. Row count: 1
[12-Mar-2025 15:35:49 Europe/Berlin] Session found: {"session_id":3,"user_id":2,"token":"8700a4abbd7028d63e8d828f4de5eab0dd32a0ae4afc542e647afb1898582a6b","device_info":"okhttp\/4.12.0","ip_address":"192.168.1.9","last_activity":"2025-03-12 07:33:02","expires_at":"2025-03-13 03:20:33","is_active":1,"created_at":"2025-03-11 19:20:33","email_verified":1}
[12-Mar-2025 15:35:49 Europe/Berlin] Updating session activity for token: 8700a4abbd7028d63e8d828f4de5eab0dd32a0ae4afc542e647afb1898582a6b
[12-Mar-2025 15:35:49 Europe/Berlin] Session activity update result: success
[12-Mar-2025 15:35:51 Europe/Berlin] Attempting to connect to database: mysql:host=localhost;dbname=upang_link
[12-Mar-2025 15:35:51 Europe/Berlin] Database connection successful
[12-Mar-2025 15:35:51 Europe/Berlin] Attempting to connect to database: mysql:host=localhost;dbname=upang_link
[12-Mar-2025 15:35:51 Europe/Berlin] Validating session for token: 8700a4abbd7028d63e8d828f4de5eab0dd32a0ae4afc542e647afb1898582a6b
[12-Mar-2025 15:35:51 Europe/Berlin] Executing query: SELECT us.*, u.email_verified 
                FROM user_sessions us
                JOIN users u ON us.user_id = u.user_id
                WHERE us.token = ? AND us.is_active = 1 AND us.expires_at > NOW()
[12-Mar-2025 15:35:51 Europe/Berlin] Query executed. Row count: 1
[12-Mar-2025 15:35:51 Europe/Berlin] Session found: {"session_id":3,"user_id":2,"token":"8700a4abbd7028d63e8d828f4de5eab0dd32a0ae4afc542e647afb1898582a6b","device_info":"okhttp\/4.12.0","ip_address":"192.168.1.9","last_activity":"2025-03-12 07:35:51","expires_at":"2025-03-13 03:20:33","is_active":1,"created_at":"2025-03-11 19:20:33","email_verified":1}
[12-Mar-2025 15:35:51 Europe/Berlin] Updating session activity for token: 8700a4abbd7028d63e8d828f4de5eab0dd32a0ae4afc542e647afb1898582a6b
[12-Mar-2025 15:35:51 Europe/Berlin] Session activity update result: success
[12-Mar-2025 15:35:51 Europe/Berlin] Database connection successful
[12-Mar-2025 15:35:51 Europe/Berlin] Initializing RequestController
[12-Mar-2025 15:35:51 Europe/Berlin] Attempting to connect to database: mysql:host=localhost;dbname=upang_link
[12-Mar-2025 15:35:51 Europe/Berlin] Database connection successful
[12-Mar-2025 15:35:51 Europe/Berlin] RequestController initialized successfully
[12-Mar-2025 15:35:51 Europe/Berlin] Handling request: Method=GET, Endpoint=requests/statistics
[12-Mar-2025 15:35:51 Europe/Berlin] Normalized endpoint: statistics
[12-Mar-2025 15:35:51 Europe/Berlin] Getting request statistics
[12-Mar-2025 15:35:51 Europe/Berlin] Initializing RequestController
[12-Mar-2025 15:35:51 Europe/Berlin] Attempting to connect to database: mysql:host=localhost;dbname=upang_link
[12-Mar-2025 15:35:51 Europe/Berlin] Database connection successful
[12-Mar-2025 15:35:51 Europe/Berlin] RequestController initialized successfully
[12-Mar-2025 15:35:51 Europe/Berlin] Handling request: Method=GET, Endpoint=requests/types
[12-Mar-2025 15:35:51 Europe/Berlin] Normalized endpoint: types
[12-Mar-2025 15:35:51 Europe/Berlin] Getting request types
[12-Mar-2025 15:35:51 Europe/Berlin] Fetching request types
[12-Mar-2025 15:35:51 Europe/Berlin] Executing request types query
[12-Mar-2025 15:35:51 Europe/Berlin] Found 7 request types
[12-Mar-2025 15:35:51 Europe/Berlin] Successfully formatted 7 request types
[12-Mar-2025 15:35:52 Europe/Berlin] Attempting to connect to database: mysql:host=localhost;dbname=upang_link
[12-Mar-2025 15:35:52 Europe/Berlin] Database connection successful
[12-Mar-2025 15:35:52 Europe/Berlin] Initializing RequestController
[12-Mar-2025 15:35:52 Europe/Berlin] Attempting to connect to database: mysql:host=localhost;dbname=upang_link
[12-Mar-2025 15:35:52 Europe/Berlin] Database connection successful
[12-Mar-2025 15:35:52 Europe/Berlin] RequestController initialized successfully
[12-Mar-2025 15:35:52 Europe/Berlin] Handling request: Method=GET, Endpoint=requests/types
[12-Mar-2025 15:35:52 Europe/Berlin] Normalized endpoint: types
[12-Mar-2025 15:35:52 Europe/Berlin] Getting request types
[12-Mar-2025 15:35:52 Europe/Berlin] Fetching request types
[12-Mar-2025 15:35:52 Europe/Berlin] Executing request types query
[12-Mar-2025 15:35:52 Europe/Berlin] Found 7 request types
[12-Mar-2025 15:35:52 Europe/Berlin] Successfully formatted 7 request types
[12-Mar-2025 15:41:05 Europe/Berlin] Attempting to connect to database: mysql:host=localhost;dbname=upang_link
[12-Mar-2025 15:41:05 Europe/Berlin] Database connection successful
[12-Mar-2025 15:41:05 Europe/Berlin] Validating session for token: 8700a4abbd7028d63e8d828f4de5eab0dd32a0ae4afc542e647afb1898582a6b
[12-Mar-2025 15:41:05 Europe/Berlin] Executing query: SELECT us.*, u.email_verified 
                FROM user_sessions us
                JOIN users u ON us.user_id = u.user_id
                WHERE us.token = ? AND us.is_active = 1 AND us.expires_at > NOW()
[12-Mar-2025 15:41:05 Europe/Berlin] Query executed. Row count: 1
[12-Mar-2025 15:41:05 Europe/Berlin] Session found: {"session_id":3,"user_id":2,"token":"8700a4abbd7028d63e8d828f4de5eab0dd32a0ae4afc542e647afb1898582a6b","device_info":"okhttp\/4.12.0","ip_address":"192.168.1.9","last_activity":"2025-03-12 07:35:51","expires_at":"2025-03-13 03:20:33","is_active":1,"created_at":"2025-03-11 19:20:33","email_verified":1}
[12-Mar-2025 15:41:05 Europe/Berlin] Updating session activity for token: 8700a4abbd7028d63e8d828f4de5eab0dd32a0ae4afc542e647afb1898582a6b
[12-Mar-2025 15:41:05 Europe/Berlin] Session activity update result: success
[12-Mar-2025 15:41:07 Europe/Berlin] Attempting to connect to database: mysql:host=localhost;dbname=upang_link
[12-Mar-2025 15:41:07 Europe/Berlin] Database connection successful
[12-Mar-2025 15:41:07 Europe/Berlin] Attempting to connect to database: mysql:host=localhost;dbname=upang_link
[12-Mar-2025 15:41:07 Europe/Berlin] Initializing RequestController
[12-Mar-2025 15:41:07 Europe/Berlin] Attempting to connect to database: mysql:host=localhost;dbname=upang_link
[12-Mar-2025 15:41:07 Europe/Berlin] Database connection successful
[12-Mar-2025 15:41:07 Europe/Berlin] Database connection successful
[12-Mar-2025 15:41:07 Europe/Berlin] RequestController initialized successfully
[12-Mar-2025 15:41:07 Europe/Berlin] Handling request: Method=GET, Endpoint=requests/types
[12-Mar-2025 15:41:07 Europe/Berlin] Normalized endpoint: types
[12-Mar-2025 15:41:07 Europe/Berlin] Getting request types
[12-Mar-2025 15:41:07 Europe/Berlin] Fetching request types
[12-Mar-2025 15:41:07 Europe/Berlin] Executing request types query
[12-Mar-2025 15:41:07 Europe/Berlin] Validating session for token: 8700a4abbd7028d63e8d828f4de5eab0dd32a0ae4afc542e647afb1898582a6b
[12-Mar-2025 15:41:07 Europe/Berlin] Executing query: SELECT us.*, u.email_verified 
                FROM user_sessions us
                JOIN users u ON us.user_id = u.user_id
                WHERE us.token = ? AND us.is_active = 1 AND us.expires_at > NOW()
[12-Mar-2025 15:41:07 Europe/Berlin] Found 7 request types
[12-Mar-2025 15:41:07 Europe/Berlin] Query executed. Row count: 1
[12-Mar-2025 15:41:07 Europe/Berlin] Successfully formatted 7 request types
[12-Mar-2025 15:41:07 Europe/Berlin] Session found: {"session_id":3,"user_id":2,"token":"8700a4abbd7028d63e8d828f4de5eab0dd32a0ae4afc542e647afb1898582a6b","device_info":"okhttp\/4.12.0","ip_address":"192.168.1.9","last_activity":"2025-03-12 07:41:07","expires_at":"2025-03-13 03:20:33","is_active":1,"created_at":"2025-03-11 19:20:33","email_verified":1}
[12-Mar-2025 15:41:07 Europe/Berlin] Updating session activity for token: 8700a4abbd7028d63e8d828f4de5eab0dd32a0ae4afc542e647afb1898582a6b
[12-Mar-2025 15:41:07 Europe/Berlin] Session activity update result: success
[12-Mar-2025 15:41:07 Europe/Berlin] Initializing RequestController
[12-Mar-2025 15:41:07 Europe/Berlin] Attempting to connect to database: mysql:host=localhost;dbname=upang_link
[12-Mar-2025 15:41:07 Europe/Berlin] Database connection successful
[12-Mar-2025 15:41:07 Europe/Berlin] RequestController initialized successfully
[12-Mar-2025 15:41:07 Europe/Berlin] Handling request: Method=GET, Endpoint=requests/statistics
[12-Mar-2025 15:41:07 Europe/Berlin] Normalized endpoint: statistics
[12-Mar-2025 15:41:07 Europe/Berlin] Getting request statistics
[12-Mar-2025 15:41:08 Europe/Berlin] Attempting to connect to database: mysql:host=localhost;dbname=upang_link
[12-Mar-2025 15:41:08 Europe/Berlin] Database connection successful
[12-Mar-2025 15:41:08 Europe/Berlin] Initializing RequestController
[12-Mar-2025 15:41:08 Europe/Berlin] Attempting to connect to database: mysql:host=localhost;dbname=upang_link
[12-Mar-2025 15:41:08 Europe/Berlin] Database connection successful
[12-Mar-2025 15:41:08 Europe/Berlin] RequestController initialized successfully
[12-Mar-2025 15:41:08 Europe/Berlin] Handling request: Method=GET, Endpoint=requests/types
[12-Mar-2025 15:41:08 Europe/Berlin] Normalized endpoint: types
[12-Mar-2025 15:41:08 Europe/Berlin] Getting request types
[12-Mar-2025 15:41:08 Europe/Berlin] Fetching request types
[12-Mar-2025 15:41:08 Europe/Berlin] Executing request types query
[12-Mar-2025 15:41:08 Europe/Berlin] Found 7 request types
[12-Mar-2025 15:41:08 Europe/Berlin] Successfully formatted 7 request types
[12-Mar-2025 15:45:33 Europe/Berlin] Attempting to connect to database: mysql:host=localhost;dbname=upang_link
[12-Mar-2025 15:45:33 Europe/Berlin] Database connection successful
[12-Mar-2025 15:45:33 Europe/Berlin] Validating session for token: 8700a4abbd7028d63e8d828f4de5eab0dd32a0ae4afc542e647afb1898582a6b
[12-Mar-2025 15:45:33 Europe/Berlin] Executing query: SELECT us.*, u.email_verified 
                FROM user_sessions us
                JOIN users u ON us.user_id = u.user_id
                WHERE us.token = ? AND us.is_active = 1 AND us.expires_at > NOW()
[12-Mar-2025 15:45:33 Europe/Berlin] Query executed. Row count: 1
[12-Mar-2025 15:45:33 Europe/Berlin] Session found: {"session_id":3,"user_id":2,"token":"8700a4abbd7028d63e8d828f4de5eab0dd32a0ae4afc542e647afb1898582a6b","device_info":"okhttp\/4.12.0","ip_address":"192.168.1.9","last_activity":"2025-03-12 07:41:08","expires_at":"2025-03-13 03:20:33","is_active":1,"created_at":"2025-03-11 19:20:33","email_verified":1}
[12-Mar-2025 15:45:33 Europe/Berlin] Updating session activity for token: 8700a4abbd7028d63e8d828f4de5eab0dd32a0ae4afc542e647afb1898582a6b
[12-Mar-2025 15:45:33 Europe/Berlin] Session activity update result: success
[12-Mar-2025 15:45:36 Europe/Berlin] Attempting to connect to database: mysql:host=localhost;dbname=upang_link
[12-Mar-2025 15:45:36 Europe/Berlin] Attempting to connect to database: mysql:host=localhost;dbname=upang_link
[12-Mar-2025 15:45:36 Europe/Berlin] Database connection successful
[12-Mar-2025 15:45:36 Europe/Berlin] Database connection successful
[12-Mar-2025 15:45:36 Europe/Berlin] Validating session for token: 8700a4abbd7028d63e8d828f4de5eab0dd32a0ae4afc542e647afb1898582a6b
[12-Mar-2025 15:45:36 Europe/Berlin] Executing query: SELECT us.*, u.email_verified 
                FROM user_sessions us
                JOIN users u ON us.user_id = u.user_id
                WHERE us.token = ? AND us.is_active = 1 AND us.expires_at > NOW()
[12-Mar-2025 15:45:36 Europe/Berlin] Query executed. Row count: 1
[12-Mar-2025 15:45:36 Europe/Berlin] Session found: {"session_id":3,"user_id":2,"token":"8700a4abbd7028d63e8d828f4de5eab0dd32a0ae4afc542e647afb1898582a6b","device_info":"okhttp\/4.12.0","ip_address":"192.168.1.9","last_activity":"2025-03-12 07:45:36","expires_at":"2025-03-13 03:20:33","is_active":1,"created_at":"2025-03-11 19:20:33","email_verified":1}
[12-Mar-2025 15:45:36 Europe/Berlin] Updating session activity for token: 8700a4abbd7028d63e8d828f4de5eab0dd32a0ae4afc542e647afb1898582a6b
[12-Mar-2025 15:45:36 Europe/Berlin] Session activity update result: success
[12-Mar-2025 15:45:36 Europe/Berlin] Initializing RequestController
[12-Mar-2025 15:45:36 Europe/Berlin] Attempting to connect to database: mysql:host=localhost;dbname=upang_link
[12-Mar-2025 15:45:36 Europe/Berlin] Initializing RequestController
[12-Mar-2025 15:45:36 Europe/Berlin] Attempting to connect to database: mysql:host=localhost;dbname=upang_link
[12-Mar-2025 15:45:36 Europe/Berlin] Database connection successful
[12-Mar-2025 15:45:36 Europe/Berlin] RequestController initialized successfully
[12-Mar-2025 15:45:36 Europe/Berlin] Handling request: Method=GET, Endpoint=requests/statistics
[12-Mar-2025 15:45:36 Europe/Berlin] Normalized endpoint: statistics
[12-Mar-2025 15:45:36 Europe/Berlin] Getting request statistics
[12-Mar-2025 15:45:36 Europe/Berlin] Database connection successful
[12-Mar-2025 15:45:36 Europe/Berlin] RequestController initialized successfully
[12-Mar-2025 15:45:36 Europe/Berlin] Handling request: Method=GET, Endpoint=requests/types
[12-Mar-2025 15:45:36 Europe/Berlin] Normalized endpoint: types
[12-Mar-2025 15:45:36 Europe/Berlin] Getting request types
[12-Mar-2025 15:45:36 Europe/Berlin] Fetching request types
[12-Mar-2025 15:45:36 Europe/Berlin] Executing request types query
[12-Mar-2025 15:45:36 Europe/Berlin] Database error in getRequestTypes: SQLSTATE[42S22]: Column not found: 1054 Unknown column 'rt.id' in 'field list'
[12-Mar-2025 15:45:41 Europe/Berlin] Attempting to connect to database: mysql:host=localhost;dbname=upang_link
[12-Mar-2025 15:45:41 Europe/Berlin] Database connection successful
[12-Mar-2025 15:45:42 Europe/Berlin] Initializing RequestController
[12-Mar-2025 15:45:42 Europe/Berlin] Attempting to connect to database: mysql:host=localhost;dbname=upang_link
[12-Mar-2025 15:45:42 Europe/Berlin] Database connection successful
[12-Mar-2025 15:45:42 Europe/Berlin] RequestController initialized successfully
[12-Mar-2025 15:45:42 Europe/Berlin] Handling request: Method=GET, Endpoint=requests/types
[12-Mar-2025 15:45:42 Europe/Berlin] Normalized endpoint: types
[12-Mar-2025 15:45:42 Europe/Berlin] Getting request types
[12-Mar-2025 15:45:42 Europe/Berlin] Fetching request types
[12-Mar-2025 15:45:42 Europe/Berlin] Executing request types query
[12-Mar-2025 15:45:42 Europe/Berlin] Database error in getRequestTypes: SQLSTATE[42S22]: Column not found: 1054 Unknown column 'rt.id' in 'field list'
[12-Mar-2025 15:46:00 Europe/Berlin] Attempting to connect to database: mysql:host=localhost;dbname=upang_link
[12-Mar-2025 15:46:00 Europe/Berlin] Database connection successful
[12-Mar-2025 15:46:00 Europe/Berlin] Initializing RequestController
[12-Mar-2025 15:46:00 Europe/Berlin] Attempting to connect to database: mysql:host=localhost;dbname=upang_link
[12-Mar-2025 15:46:00 Europe/Berlin] Database connection successful
[12-Mar-2025 15:46:00 Europe/Berlin] RequestController initialized successfully
[12-Mar-2025 15:46:00 Europe/Berlin] Handling request: Method=GET, Endpoint=requests/types
[12-Mar-2025 15:46:00 Europe/Berlin] Normalized endpoint: types
[12-Mar-2025 15:46:00 Europe/Berlin] Getting request types
[12-Mar-2025 15:46:00 Europe/Berlin] Fetching request types
[12-Mar-2025 15:46:00 Europe/Berlin] Executing request types query
[12-Mar-2025 15:46:00 Europe/Berlin] Database error in getRequestTypes: SQLSTATE[42S22]: Column not found: 1054 Unknown column 'rt.id' in 'field list'
[12-Mar-2025 15:46:15 Europe/Berlin] Attempting to connect to database: mysql:host=localhost;dbname=upang_link
[12-Mar-2025 15:46:15 Europe/Berlin] Database connection successful
[12-Mar-2025 15:46:15 Europe/Berlin] Initializing RequestController
[12-Mar-2025 15:46:15 Europe/Berlin] Attempting to connect to database: mysql:host=localhost;dbname=upang_link
[12-Mar-2025 15:46:15 Europe/Berlin] Database connection successful
[12-Mar-2025 15:46:15 Europe/Berlin] RequestController initialized successfully
[12-Mar-2025 15:46:15 Europe/Berlin] Handling request: Method=GET, Endpoint=requests/types
[12-Mar-2025 15:46:15 Europe/Berlin] Normalized endpoint: types
[12-Mar-2025 15:46:15 Europe/Berlin] Getting request types
[12-Mar-2025 15:46:15 Europe/Berlin] Fetching request types
[12-Mar-2025 15:46:15 Europe/Berlin] Executing request types query
[12-Mar-2025 15:46:15 Europe/Berlin] Database error in getRequestTypes: SQLSTATE[42S22]: Column not found: 1054 Unknown column 'rt.id' in 'field list'
[12-Mar-2025 15:49:46 Europe/Berlin] Attempting to connect to database: mysql:host=localhost;dbname=upang_link
[12-Mar-2025 15:49:46 Europe/Berlin] Database connection successful
[12-Mar-2025 15:49:46 Europe/Berlin] Validating session for token: 8700a4abbd7028d63e8d828f4de5eab0dd32a0ae4afc542e647afb1898582a6b
[12-Mar-2025 15:49:46 Europe/Berlin] Executing query: SELECT us.*, u.email_verified 
                FROM user_sessions us
                JOIN users u ON us.user_id = u.user_id
                WHERE us.token = ? AND us.is_active = 1 AND us.expires_at > NOW()
[12-Mar-2025 15:49:46 Europe/Berlin] Query executed. Row count: 1
[12-Mar-2025 15:49:46 Europe/Berlin] Session found: {"session_id":3,"user_id":2,"token":"8700a4abbd7028d63e8d828f4de5eab0dd32a0ae4afc542e647afb1898582a6b","device_info":"okhttp\/4.12.0","ip_address":"192.168.1.9","last_activity":"2025-03-12 07:46:12","expires_at":"2025-03-13 03:20:33","is_active":1,"created_at":"2025-03-11 19:20:33","email_verified":1}
[12-Mar-2025 15:49:46 Europe/Berlin] Updating session activity for token: 8700a4abbd7028d63e8d828f4de5eab0dd32a0ae4afc542e647afb1898582a6b
[12-Mar-2025 15:49:46 Europe/Berlin] Session activity update result: success
[12-Mar-2025 15:50:21 Europe/Berlin] Attempting to connect to database: mysql:host=localhost;dbname=upang_link
[12-Mar-2025 15:50:21 Europe/Berlin] Database connection successful
[12-Mar-2025 15:50:21 Europe/Berlin] Validating session for token: 8700a4abbd7028d63e8d828f4de5eab0dd32a0ae4afc542e647afb1898582a6b
[12-Mar-2025 15:50:21 Europe/Berlin] Executing query: SELECT us.*, u.email_verified 
                FROM user_sessions us
                JOIN users u ON us.user_id = u.user_id
                WHERE us.token = ? AND us.is_active = 1 AND us.expires_at > NOW()
[12-Mar-2025 15:50:21 Europe/Berlin] Query executed. Row count: 0
[12-Mar-2025 15:50:21 Europe/Berlin] No valid session found
[12-Mar-2025 15:50:29 Europe/Berlin] Attempting to connect to database: mysql:host=localhost;dbname=upang_link
[12-Mar-2025 15:50:29 Europe/Berlin] Database connection successful
[12-Mar-2025 15:50:33 Europe/Berlin] Attempting to connect to database: mysql:host=localhost;dbname=upang_link
[12-Mar-2025 15:50:33 Europe/Berlin] Attempting to connect to database: mysql:host=localhost;dbname=upang_link
[12-Mar-2025 15:50:33 Europe/Berlin] Database connection successful
[12-Mar-2025 15:50:33 Europe/Berlin] Database connection successful
[12-Mar-2025 15:50:33 Europe/Berlin] Validating session for token: a43c96b2419d8a3fe1b0d6e03a750afb37c506d36ce7c3758598c1dacbe3b555
[12-Mar-2025 15:50:33 Europe/Berlin] Executing query: SELECT us.*, u.email_verified 
                FROM user_sessions us
                JOIN users u ON us.user_id = u.user_id
                WHERE us.token = ? AND us.is_active = 1 AND us.expires_at > NOW()
[12-Mar-2025 15:50:33 Europe/Berlin] Initializing RequestController
[12-Mar-2025 15:50:33 Europe/Berlin] Attempting to connect to database: mysql:host=localhost;dbname=upang_link
[12-Mar-2025 15:50:33 Europe/Berlin] Query executed. Row count: 1
[12-Mar-2025 15:50:33 Europe/Berlin] Database connection successful
[12-Mar-2025 15:50:33 Europe/Berlin] Session found: {"session_id":1,"user_id":2,"token":"a43c96b2419d8a3fe1b0d6e03a750afb37c506d36ce7c3758598c1dacbe3b555","device_info":"okhttp\/4.12.0","ip_address":"192.168.1.9","last_activity":"2025-03-12 07:50:33","expires_at":"2025-03-13 15:50:29","is_active":1,"created_at":"2025-03-12 07:50:29","email_verified":1}
[12-Mar-2025 15:50:33 Europe/Berlin] Updating session activity for token: a43c96b2419d8a3fe1b0d6e03a750afb37c506d36ce7c3758598c1dacbe3b555
[12-Mar-2025 15:50:33 Europe/Berlin] Session activity update result: success
[12-Mar-2025 15:50:33 Europe/Berlin] RequestController initialized successfully
[12-Mar-2025 15:50:33 Europe/Berlin] Handling request: Method=GET, Endpoint=requests/types
[12-Mar-2025 15:50:33 Europe/Berlin] Normalized endpoint: types
[12-Mar-2025 15:50:33 Europe/Berlin] Initializing RequestController
[12-Mar-2025 15:50:33 Europe/Berlin] Getting request types
[12-Mar-2025 15:50:33 Europe/Berlin] Attempting to connect to database: mysql:host=localhost;dbname=upang_link
[12-Mar-2025 15:50:33 Europe/Berlin] Fetching request types
[12-Mar-2025 15:50:33 Europe/Berlin] Executing request types query
[12-Mar-2025 15:50:33 Europe/Berlin] Database error in getRequestTypes: SQLSTATE[42S22]: Column not found: 1054 Unknown column 'rt.id' in 'field list'
[12-Mar-2025 15:50:33 Europe/Berlin] Database connection successful
[12-Mar-2025 15:50:33 Europe/Berlin] RequestController initialized successfully
[12-Mar-2025 15:50:33 Europe/Berlin] Handling request: Method=GET, Endpoint=requests/statistics
[12-Mar-2025 15:50:33 Europe/Berlin] Normalized endpoint: statistics
[12-Mar-2025 15:50:33 Europe/Berlin] Getting request statistics
[12-Mar-2025 15:50:33 Europe/Berlin] Attempting to connect to database: mysql:host=localhost;dbname=upang_link
[12-Mar-2025 15:50:34 Europe/Berlin] Database connection successful
[12-Mar-2025 15:50:34 Europe/Berlin] Initializing RequestController
[12-Mar-2025 15:50:34 Europe/Berlin] Attempting to connect to database: mysql:host=localhost;dbname=upang_link
[12-Mar-2025 15:50:34 Europe/Berlin] Database connection successful
[12-Mar-2025 15:50:34 Europe/Berlin] RequestController initialized successfully
[12-Mar-2025 15:50:34 Europe/Berlin] Handling request: Method=GET, Endpoint=requests/types
[12-Mar-2025 15:50:34 Europe/Berlin] Normalized endpoint: types
[12-Mar-2025 15:50:34 Europe/Berlin] Getting request types
[12-Mar-2025 15:50:34 Europe/Berlin] Fetching request types
[12-Mar-2025 15:50:34 Europe/Berlin] Executing request types query
[12-Mar-2025 15:50:34 Europe/Berlin] Database error in getRequestTypes: SQLSTATE[42S22]: Column not found: 1054 Unknown column 'rt.id' in 'field list'
[12-Mar-2025 15:55:45 Europe/Berlin] Attempting to connect to database: mysql:host=localhost;dbname=upang_link
[12-Mar-2025 15:55:45 Europe/Berlin] Database connection successful
[12-Mar-2025 15:55:45 Europe/Berlin] Initializing RequestController
[12-Mar-2025 15:55:45 Europe/Berlin] Attempting to connect to database: mysql:host=localhost;dbname=upang_link
[12-Mar-2025 15:55:45 Europe/Berlin] Database connection successful
[12-Mar-2025 15:55:45 Europe/Berlin] RequestController initialized successfully
[12-Mar-2025 15:55:45 Europe/Berlin] Handling request: Method=GET, Endpoint=requests/types
[12-Mar-2025 15:55:45 Europe/Berlin] Normalized endpoint: types
[12-Mar-2025 15:55:45 Europe/Berlin] Getting request types
[12-Mar-2025 15:55:45 Europe/Berlin] Fetching request types
[12-Mar-2025 15:55:45 Europe/Berlin] Executing request types query: 
                SELECT 
                    rt.id as type_id,
                    rt.name,
                    rt.description,
                    rt.requirements,
                    rt.processing_time
                FROM request_types rt
                WHERE rt.is_active = 1
                ORDER BY rt.name
            
[12-Mar-2025 15:55:45 Europe/Berlin] Database error in getRequestTypes: SQLSTATE[42S22]: Column not found: 1054 Unknown column 'rt.id' in 'field list'
[12-Mar-2025 15:55:45 Europe/Berlin] Stack trace: #0 C:\xampp\htdocs\UPANG-LINK\UPANG LINK API\controllers\RequestController.php(152): PDOStatement->execute()
#1 C:\xampp\htdocs\UPANG-LINK\UPANG LINK API\controllers\RequestController.php(35): RequestController->getRequestTypes()
#2 C:\xampp\htdocs\UPANG-LINK\UPANG LINK API\api\index.php(141): RequestController->handleRequest('GET', Array)
#3 {main}
[12-Mar-2025 15:58:07 Europe/Berlin] Attempting to connect to database: mysql:host=localhost;dbname=upang_link
[12-Mar-2025 15:58:07 Europe/Berlin] Database connection successful
[12-Mar-2025 15:58:07 Europe/Berlin] Initializing RequestController
[12-Mar-2025 15:58:07 Europe/Berlin] Attempting to connect to database: mysql:host=localhost;dbname=upang_link
[12-Mar-2025 15:58:07 Europe/Berlin] Database connection successful
[12-Mar-2025 15:58:07 Europe/Berlin] RequestController initialized successfully
[12-Mar-2025 15:58:07 Europe/Berlin] Handling request: Method=GET, Endpoint=requests/types
[12-Mar-2025 15:58:07 Europe/Berlin] Normalized endpoint: types
[12-Mar-2025 15:58:07 Europe/Berlin] Getting request types
[12-Mar-2025 15:58:07 Europe/Berlin] Fetching request types
[12-Mar-2025 15:58:07 Europe/Berlin] Executing request types query: 
                SELECT 
                    request_types.id as type_id,
                    request_types.name,
                    request_types.description,
                    request_types.requirements,
                    request_types.processing_time
                FROM request_types
                WHERE request_types.is_active = 1
                ORDER BY request_types.name
            
[12-Mar-2025 15:58:07 Europe/Berlin] Database error in getRequestTypes: SQLSTATE[42S22]: Column not found: 1054 Unknown column 'request_types.id' in 'field list'
[12-Mar-2025 15:58:07 Europe/Berlin] Stack trace: #0 C:\xampp\htdocs\UPANG-LINK\UPANG LINK API\controllers\RequestController.php(152): PDOStatement->execute()
#1 C:\xampp\htdocs\UPANG-LINK\UPANG LINK API\controllers\RequestController.php(35): RequestController->getRequestTypes()
#2 C:\xampp\htdocs\UPANG-LINK\UPANG LINK API\api\index.php(141): RequestController->handleRequest('GET', Array)
#3 {main}
[12-Mar-2025 16:00:16 Europe/Berlin] Attempting to connect to database: mysql:host=localhost;dbname=upang_link
[12-Mar-2025 16:00:16 Europe/Berlin] Database connection successful
[12-Mar-2025 16:00:16 Europe/Berlin] Initializing RequestController
[12-Mar-2025 16:00:16 Europe/Berlin] Attempting to connect to database: mysql:host=localhost;dbname=upang_link
[12-Mar-2025 16:00:16 Europe/Berlin] Database connection successful
[12-Mar-2025 16:00:16 Europe/Berlin] RequestController initialized successfully
[12-Mar-2025 16:00:16 Europe/Berlin] Handling request: Method=GET, Endpoint=requests/types
[12-Mar-2025 16:00:16 Europe/Berlin] Normalized endpoint: types
[12-Mar-2025 16:00:16 Europe/Berlin] Getting request types
[12-Mar-2025 16:00:16 Europe/Berlin] Fetching request types
[12-Mar-2025 16:00:16 Europe/Berlin] Executing request types query: 
                SELECT 
                    `id` as `type_id`,
                    `name`,
                    `description`,
                    `requirements`,
                    `processing_time`
                FROM `request_types`
                WHERE `is_active` = 1
                ORDER BY `name`
            
[12-Mar-2025 16:00:16 Europe/Berlin] Database error in getRequestTypes: SQLSTATE[42S22]: Column not found: 1054 Unknown column 'id' in 'field list'
[12-Mar-2025 16:00:16 Europe/Berlin] Stack trace: #0 C:\xampp\htdocs\UPANG-LINK\UPANG LINK API\controllers\RequestController.php(152): PDOStatement->execute()
#1 C:\xampp\htdocs\UPANG-LINK\UPANG LINK API\controllers\RequestController.php(35): RequestController->getRequestTypes()
#2 C:\xampp\htdocs\UPANG-LINK\UPANG LINK API\api\index.php(141): RequestController->handleRequest('GET', Array)
#3 {main}
[12-Mar-2025 16:04:11 Europe/Berlin] Attempting to connect to database: mysql:host=localhost;dbname=upang_link
[12-Mar-2025 16:04:11 Europe/Berlin] Database connection successful
[12-Mar-2025 16:04:11 Europe/Berlin] Initializing RequestController
[12-Mar-2025 16:04:11 Europe/Berlin] Attempting to connect to database: mysql:host=localhost;dbname=upang_link
[12-Mar-2025 16:04:11 Europe/Berlin] Database connection successful
[12-Mar-2025 16:04:11 Europe/Berlin] RequestController initialized successfully
[12-Mar-2025 16:04:11 Europe/Berlin] Handling request: Method=GET, Endpoint=requests/types
[12-Mar-2025 16:04:11 Europe/Berlin] Normalized endpoint: types
[12-Mar-2025 16:04:11 Europe/Berlin] Getting request types
[12-Mar-2025 16:04:11 Europe/Berlin] Fetching request types
[12-Mar-2025 16:04:11 Europe/Berlin] Executing request types query: SELECT type_id, name, description, requirements, processing_time FROM request_types WHERE is_active = 1 ORDER BY name
[12-Mar-2025 16:04:11 Europe/Berlin] Found 7 request types
[12-Mar-2025 16:04:11 Europe/Berlin] Successfully formatted 7 request types
[12-Mar-2025 16:04:42 Europe/Berlin] Attempting to connect to database: mysql:host=localhost;dbname=upang_link
[12-Mar-2025 16:04:42 Europe/Berlin] Database connection successful
[12-Mar-2025 16:04:42 Europe/Berlin] Initializing RequestController
[12-Mar-2025 16:04:42 Europe/Berlin] Attempting to connect to database: mysql:host=localhost;dbname=upang_link
[12-Mar-2025 16:04:42 Europe/Berlin] Database connection successful
[12-Mar-2025 16:04:42 Europe/Berlin] RequestController initialized successfully
[12-Mar-2025 16:04:42 Europe/Berlin] Handling request: Method=GET, Endpoint=requests/types
[12-Mar-2025 16:04:42 Europe/Berlin] Normalized endpoint: types
[12-Mar-2025 16:04:42 Europe/Berlin] Getting request types
[12-Mar-2025 16:04:42 Europe/Berlin] Fetching request types
[12-Mar-2025 16:04:42 Europe/Berlin] Executing request types query: SELECT type_id, name, description, requirements, processing_time FROM request_types WHERE is_active = 1 ORDER BY name
[12-Mar-2025 16:04:42 Europe/Berlin] Found 7 request types
[12-Mar-2025 16:04:42 Europe/Berlin] Successfully formatted 7 request types
[12-Mar-2025 16:04:42 Europe/Berlin] Attempting to connect to database: mysql:host=localhost;dbname=upang_link
[12-Mar-2025 16:04:42 Europe/Berlin] Database connection successful
[12-Mar-2025 16:04:42 Europe/Berlin] Validating session for token: a43c96b2419d8a3fe1b0d6e03a750afb37c506d36ce7c3758598c1dacbe3b555
[12-Mar-2025 16:04:42 Europe/Berlin] Executing query: SELECT us.*, u.email_verified 
                FROM user_sessions us
                JOIN users u ON us.user_id = u.user_id
                WHERE us.token = ? AND us.is_active = 1 AND us.expires_at > NOW()
[12-Mar-2025 16:04:42 Europe/Berlin] Query executed. Row count: 1
[12-Mar-2025 16:04:42 Europe/Berlin] Session found: {"session_id":1,"user_id":2,"token":"a43c96b2419d8a3fe1b0d6e03a750afb37c506d36ce7c3758598c1dacbe3b555","device_info":"okhttp\/4.12.0","ip_address":"192.168.1.9","last_activity":"2025-03-12 08:04:42","expires_at":"2025-03-13 15:50:29","is_active":1,"created_at":"2025-03-12 07:50:29","email_verified":1}
[12-Mar-2025 16:04:42 Europe/Berlin] Updating session activity for token: a43c96b2419d8a3fe1b0d6e03a750afb37c506d36ce7c3758598c1dacbe3b555
[12-Mar-2025 16:04:42 Europe/Berlin] Session activity update result: success
[12-Mar-2025 16:04:42 Europe/Berlin] Initializing RequestController
[12-Mar-2025 16:04:42 Europe/Berlin] Attempting to connect to database: mysql:host=localhost;dbname=upang_link
[12-Mar-2025 16:04:42 Europe/Berlin] Database connection successful
[12-Mar-2025 16:04:42 Europe/Berlin] RequestController initialized successfully
[12-Mar-2025 16:04:42 Europe/Berlin] Handling request: Method=GET, Endpoint=requests/statistics
[12-Mar-2025 16:04:42 Europe/Berlin] Normalized endpoint: statistics
[12-Mar-2025 16:04:42 Europe/Berlin] Getting request statistics
[12-Mar-2025 16:04:43 Europe/Berlin] Attempting to connect to database: mysql:host=localhost;dbname=upang_link
[12-Mar-2025 16:04:43 Europe/Berlin] Database connection successful
[12-Mar-2025 16:04:43 Europe/Berlin] Initializing RequestController
[12-Mar-2025 16:04:43 Europe/Berlin] Attempting to connect to database: mysql:host=localhost;dbname=upang_link
[12-Mar-2025 16:04:43 Europe/Berlin] Database connection successful
[12-Mar-2025 16:04:43 Europe/Berlin] RequestController initialized successfully
[12-Mar-2025 16:04:43 Europe/Berlin] Handling request: Method=GET, Endpoint=requests/types
[12-Mar-2025 16:04:43 Europe/Berlin] Normalized endpoint: types
[12-Mar-2025 16:04:43 Europe/Berlin] Getting request types
[12-Mar-2025 16:04:43 Europe/Berlin] Fetching request types
[12-Mar-2025 16:04:43 Europe/Berlin] Executing request types query: SELECT type_id, name, description, requirements, processing_time FROM request_types WHERE is_active = 1 ORDER BY name
[12-Mar-2025 16:04:43 Europe/Berlin] Found 7 request types
[12-Mar-2025 16:04:43 Europe/Berlin] Successfully formatted 7 request types
[12-Mar-2025 16:06:27 Europe/Berlin] Attempting to connect to database: mysql:host=localhost;dbname=upang_link
[12-Mar-2025 16:06:27 Europe/Berlin] Database connection successful
[12-Mar-2025 16:06:27 Europe/Berlin] Validating session for token: a43c96b2419d8a3fe1b0d6e03a750afb37c506d36ce7c3758598c1dacbe3b555
[12-Mar-2025 16:06:27 Europe/Berlin] Executing query: SELECT us.*, u.email_verified 
                FROM user_sessions us
                JOIN users u ON us.user_id = u.user_id
                WHERE us.token = ? AND us.is_active = 1 AND us.expires_at > NOW()
[12-Mar-2025 16:06:27 Europe/Berlin] Query executed. Row count: 0
[12-Mar-2025 16:06:27 Europe/Berlin] No valid session found
[12-Mar-2025 16:06:32 Europe/Berlin] Attempting to connect to database: mysql:host=localhost;dbname=upang_link
[12-Mar-2025 16:06:32 Europe/Berlin] Database connection successful
[12-Mar-2025 16:06:35 Europe/Berlin] Attempting to connect to database: mysql:host=localhost;dbname=upang_link
[12-Mar-2025 16:06:35 Europe/Berlin] Database connection successful
[12-Mar-2025 16:06:35 Europe/Berlin] Initializing RequestController
[12-Mar-2025 16:06:35 Europe/Berlin] Attempting to connect to database: mysql:host=localhost;dbname=upang_link
[12-Mar-2025 16:06:35 Europe/Berlin] Attempting to connect to database: mysql:host=localhost;dbname=upang_link
[12-Mar-2025 16:06:35 Europe/Berlin] Database connection successful
[12-Mar-2025 16:06:35 Europe/Berlin] Database connection successful
[12-Mar-2025 16:06:35 Europe/Berlin] RequestController initialized successfully
[12-Mar-2025 16:06:35 Europe/Berlin] Handling request: Method=GET, Endpoint=requests/types
[12-Mar-2025 16:06:35 Europe/Berlin] Normalized endpoint: types
[12-Mar-2025 16:06:35 Europe/Berlin] Getting request types
[12-Mar-2025 16:06:35 Europe/Berlin] Fetching request types
[12-Mar-2025 16:06:35 Europe/Berlin] Executing request types query: SELECT type_id, name, description, requirements, processing_time FROM request_types WHERE is_active = 1 ORDER BY name
[12-Mar-2025 16:06:35 Europe/Berlin] Found 7 request types
[12-Mar-2025 16:06:35 Europe/Berlin] Successfully formatted 7 request types
[12-Mar-2025 16:06:35 Europe/Berlin] Validating session for token: e1d60f41e5c69ba03ff896b9ea5b2a87dbb6279a6f77aa9857748de144fb2d19
[12-Mar-2025 16:06:35 Europe/Berlin] Executing query: SELECT us.*, u.email_verified 
                FROM user_sessions us
                JOIN users u ON us.user_id = u.user_id
                WHERE us.token = ? AND us.is_active = 1 AND us.expires_at > NOW()
[12-Mar-2025 16:06:35 Europe/Berlin] Query executed. Row count: 1
[12-Mar-2025 16:06:35 Europe/Berlin] Session found: {"session_id":1,"user_id":2,"token":"e1d60f41e5c69ba03ff896b9ea5b2a87dbb6279a6f77aa9857748de144fb2d19","device_info":"okhttp\/4.12.0","ip_address":"192.168.1.9","last_activity":"2025-03-12 08:06:35","expires_at":"2025-03-13 16:06:33","is_active":1,"created_at":"2025-03-12 08:06:33","email_verified":1}
[12-Mar-2025 16:06:35 Europe/Berlin] Updating session activity for token: e1d60f41e5c69ba03ff896b9ea5b2a87dbb6279a6f77aa9857748de144fb2d19
[12-Mar-2025 16:06:35 Europe/Berlin] Session activity update result: success
[12-Mar-2025 16:06:35 Europe/Berlin] Initializing RequestController
[12-Mar-2025 16:06:35 Europe/Berlin] Attempting to connect to database: mysql:host=localhost;dbname=upang_link
[12-Mar-2025 16:06:35 Europe/Berlin] Database connection successful
[12-Mar-2025 16:06:35 Europe/Berlin] RequestController initialized successfully
[12-Mar-2025 16:06:35 Europe/Berlin] Handling request: Method=GET, Endpoint=requests/statistics
[12-Mar-2025 16:06:35 Europe/Berlin] Normalized endpoint: statistics
[12-Mar-2025 16:06:35 Europe/Berlin] Getting request statistics
[12-Mar-2025 16:06:37 Europe/Berlin] Attempting to connect to database: mysql:host=localhost;dbname=upang_link
[12-Mar-2025 16:06:37 Europe/Berlin] Database connection successful
[12-Mar-2025 16:06:37 Europe/Berlin] Initializing RequestController
[12-Mar-2025 16:06:37 Europe/Berlin] Attempting to connect to database: mysql:host=localhost;dbname=upang_link
[12-Mar-2025 16:06:37 Europe/Berlin] Database connection successful
[12-Mar-2025 16:06:37 Europe/Berlin] RequestController initialized successfully
[12-Mar-2025 16:06:37 Europe/Berlin] Handling request: Method=GET, Endpoint=requests/types
[12-Mar-2025 16:06:37 Europe/Berlin] Normalized endpoint: types
[12-Mar-2025 16:06:37 Europe/Berlin] Getting request types
[12-Mar-2025 16:06:37 Europe/Berlin] Fetching request types
[12-Mar-2025 16:06:37 Europe/Berlin] Executing request types query: SELECT type_id, name, description, requirements, processing_time FROM request_types WHERE is_active = 1 ORDER BY name
[12-Mar-2025 16:06:37 Europe/Berlin] Found 7 request types
[12-Mar-2025 16:06:37 Europe/Berlin] Successfully formatted 7 request types
[12-Mar-2025 16:06:53 Europe/Berlin] Attempting to connect to database: mysql:host=localhost;dbname=upang_link
[12-Mar-2025 16:06:53 Europe/Berlin] Database connection successful
[12-Mar-2025 16:06:53 Europe/Berlin] Initializing RequestController
[12-Mar-2025 16:06:53 Europe/Berlin] Attempting to connect to database: mysql:host=localhost;dbname=upang_link
[12-Mar-2025 16:06:53 Europe/Berlin] Database connection successful
[12-Mar-2025 16:06:53 Europe/Berlin] RequestController initialized successfully
[12-Mar-2025 16:06:53 Europe/Berlin] Handling request: Method=GET, Endpoint=requests/types
[12-Mar-2025 16:06:53 Europe/Berlin] Normalized endpoint: types
[12-Mar-2025 16:06:53 Europe/Berlin] Getting request types
[12-Mar-2025 16:06:53 Europe/Berlin] Fetching request types
[12-Mar-2025 16:06:53 Europe/Berlin] Executing request types query: SELECT type_id, name, description, requirements, processing_time FROM request_types WHERE is_active = 1 ORDER BY name
[12-Mar-2025 16:06:53 Europe/Berlin] Found 7 request types
[12-Mar-2025 16:06:53 Europe/Berlin] Successfully formatted 7 request types
[12-Mar-2025 16:24:42 Europe/Berlin] Attempting to connect to database: mysql:host=localhost;dbname=upang_link
[12-Mar-2025 16:24:42 Europe/Berlin] Database connection successful
[12-Mar-2025 16:24:42 Europe/Berlin] Validating session for token: e1d60f41e5c69ba03ff896b9ea5b2a87dbb6279a6f77aa9857748de144fb2d19
[12-Mar-2025 16:24:42 Europe/Berlin] Executing query: SELECT us.*, u.email_verified 
                FROM user_sessions us
                JOIN users u ON us.user_id = u.user_id
                WHERE us.token = ? AND us.is_active = 1 AND us.expires_at > NOW()
[12-Mar-2025 16:24:42 Europe/Berlin] Query executed. Row count: 1
[12-Mar-2025 16:24:42 Europe/Berlin] Session found: {"session_id":1,"user_id":2,"token":"e1d60f41e5c69ba03ff896b9ea5b2a87dbb6279a6f77aa9857748de144fb2d19","device_info":"okhttp\/4.12.0","ip_address":"192.168.1.9","last_activity":"2025-03-12 08:08:29","expires_at":"2025-03-13 16:06:33","is_active":1,"created_at":"2025-03-12 08:06:33","email_verified":1}
[12-Mar-2025 16:24:42 Europe/Berlin] Updating session activity for token: e1d60f41e5c69ba03ff896b9ea5b2a87dbb6279a6f77aa9857748de144fb2d19
[12-Mar-2025 16:24:42 Europe/Berlin] Session activity update result: success
[12-Mar-2025 16:24:48 Europe/Berlin] Attempting to connect to database: mysql:host=localhost;dbname=upang_link
[12-Mar-2025 16:24:48 Europe/Berlin] Attempting to connect to database: mysql:host=localhost;dbname=upang_link
[12-Mar-2025 16:24:48 Europe/Berlin] Database connection successful
[12-Mar-2025 16:24:48 Europe/Berlin] Database connection successful
[12-Mar-2025 16:24:48 Europe/Berlin] Validating session for token: e1d60f41e5c69ba03ff896b9ea5b2a87dbb6279a6f77aa9857748de144fb2d19
[12-Mar-2025 16:24:48 Europe/Berlin] Executing query: SELECT us.*, u.email_verified 
                FROM user_sessions us
                JOIN users u ON us.user_id = u.user_id
                WHERE us.token = ? AND us.is_active = 1 AND us.expires_at > NOW()
[12-Mar-2025 16:24:48 Europe/Berlin] Query executed. Row count: 1
[12-Mar-2025 16:24:48 Europe/Berlin] Session found: {"session_id":1,"user_id":2,"token":"e1d60f41e5c69ba03ff896b9ea5b2a87dbb6279a6f77aa9857748de144fb2d19","device_info":"okhttp\/4.12.0","ip_address":"192.168.1.9","last_activity":"2025-03-12 08:24:42","expires_at":"2025-03-13 16:06:33","is_active":1,"created_at":"2025-03-12 08:06:33","email_verified":1}
[12-Mar-2025 16:24:48 Europe/Berlin] Updating session activity for token: e1d60f41e5c69ba03ff896b9ea5b2a87dbb6279a6f77aa9857748de144fb2d19
[12-Mar-2025 16:24:48 Europe/Berlin] Session activity update result: success
[12-Mar-2025 16:24:48 Europe/Berlin] Initializing RequestController
[12-Mar-2025 16:24:48 Europe/Berlin] Attempting to connect to database: mysql:host=localhost;dbname=upang_link
[12-Mar-2025 16:24:48 Europe/Berlin] Database connection successful
[12-Mar-2025 16:24:48 Europe/Berlin] RequestController initialized successfully
[12-Mar-2025 16:24:48 Europe/Berlin] Handling request: Method=GET, Endpoint=requests/types
[12-Mar-2025 16:24:48 Europe/Berlin] Normalized endpoint: types
[12-Mar-2025 16:24:48 Europe/Berlin] Initializing RequestController
[12-Mar-2025 16:24:48 Europe/Berlin] Getting request types
[12-Mar-2025 16:24:48 Europe/Berlin] Fetching request types
[12-Mar-2025 16:24:48 Europe/Berlin] Attempting to connect to database: mysql:host=localhost;dbname=upang_link
[12-Mar-2025 16:24:48 Europe/Berlin] Executing request types query: SELECT type_id, name, description, requirements, processing_time FROM request_types WHERE is_active = 1 ORDER BY name
[12-Mar-2025 16:24:48 Europe/Berlin] Found 7 request types
[12-Mar-2025 16:24:48 Europe/Berlin] Successfully formatted 7 request types
[12-Mar-2025 16:24:48 Europe/Berlin] Database connection successful
[12-Mar-2025 16:24:48 Europe/Berlin] RequestController initialized successfully
[12-Mar-2025 16:24:48 Europe/Berlin] Handling request: Method=GET, Endpoint=requests/statistics
[12-Mar-2025 16:24:48 Europe/Berlin] Normalized endpoint: statistics
[12-Mar-2025 16:24:48 Europe/Berlin] Getting request statistics
[12-Mar-2025 16:24:57 Europe/Berlin] Attempting to connect to database: mysql:host=localhost;dbname=upang_link
[12-Mar-2025 16:24:57 Europe/Berlin] Database connection successful
[12-Mar-2025 16:24:57 Europe/Berlin] Initializing RequestController
[12-Mar-2025 16:24:57 Europe/Berlin] Attempting to connect to database: mysql:host=localhost;dbname=upang_link
[12-Mar-2025 16:24:57 Europe/Berlin] Database connection successful
[12-Mar-2025 16:24:57 Europe/Berlin] RequestController initialized successfully
[12-Mar-2025 16:24:57 Europe/Berlin] Handling request: Method=GET, Endpoint=requests/types
[12-Mar-2025 16:24:57 Europe/Berlin] Normalized endpoint: types
[12-Mar-2025 16:24:57 Europe/Berlin] Getting request types
[12-Mar-2025 16:24:57 Europe/Berlin] Fetching request types
[12-Mar-2025 16:24:57 Europe/Berlin] Executing request types query: SELECT type_id, name, description, requirements, processing_time FROM request_types WHERE is_active = 1 ORDER BY name
[12-Mar-2025 16:24:57 Europe/Berlin] Found 7 request types
[12-Mar-2025 16:24:57 Europe/Berlin] Successfully formatted 7 request types
[12-Mar-2025 16:30:33 Europe/Berlin] Attempting to connect to database: mysql:host=localhost;dbname=upang_link
[12-Mar-2025 16:30:33 Europe/Berlin] Database connection successful
[12-Mar-2025 16:30:33 Europe/Berlin] Initializing RequestController
[12-Mar-2025 16:30:33 Europe/Berlin] Attempting to connect to database: mysql:host=localhost;dbname=upang_link
[12-Mar-2025 16:30:33 Europe/Berlin] Database connection successful
[12-Mar-2025 16:30:33 Europe/Berlin] RequestController initialized successfully
[12-Mar-2025 16:30:33 Europe/Berlin] Handling request: Method=GET, Endpoint=requests/types
[12-Mar-2025 16:30:33 Europe/Berlin] Normalized endpoint: types
[12-Mar-2025 16:30:33 Europe/Berlin] Getting request types
[12-Mar-2025 16:30:33 Europe/Berlin] Fetching request types
[12-Mar-2025 16:30:33 Europe/Berlin] Executing request types query: SELECT type_id, name, description, requirements, processing_time FROM request_types WHERE is_active = 1 ORDER BY name
[12-Mar-2025 16:30:33 Europe/Berlin] Found 7 request types
[12-Mar-2025 16:30:33 Europe/Berlin] Successfully formatted 7 request types
[12-Mar-2025 16:37:28 Europe/Berlin] Attempting to connect to database: mysql:host=localhost;dbname=upang_link
[12-Mar-2025 16:37:28 Europe/Berlin] Database connection successful
[12-Mar-2025 16:37:28 Europe/Berlin] Validating session for token: e1d60f41e5c69ba03ff896b9ea5b2a87dbb6279a6f77aa9857748de144fb2d19
[12-Mar-2025 16:37:28 Europe/Berlin] Executing query: SELECT us.*, u.email_verified 
                FROM user_sessions us
                JOIN users u ON us.user_id = u.user_id
                WHERE us.token = ? AND us.is_active = 1 AND us.expires_at > NOW()
[12-Mar-2025 16:37:28 Europe/Berlin] Query executed. Row count: 0
[12-Mar-2025 16:37:28 Europe/Berlin] No valid session found
[12-Mar-2025 16:37:37 Europe/Berlin] Attempting to connect to database: mysql:host=localhost;dbname=upang_link
[12-Mar-2025 16:37:37 Europe/Berlin] Database connection successful
[12-Mar-2025 16:37:39 Europe/Berlin] Attempting to connect to database: mysql:host=localhost;dbname=upang_link
[12-Mar-2025 16:37:39 Europe/Berlin] Database connection successful
[12-Mar-2025 16:37:39 Europe/Berlin] Initializing RequestController
[12-Mar-2025 16:37:39 Europe/Berlin] Attempting to connect to database: mysql:host=localhost;dbname=upang_link
[12-Mar-2025 16:37:39 Europe/Berlin] Database connection successful
[12-Mar-2025 16:37:39 Europe/Berlin] RequestController initialized successfully
[12-Mar-2025 16:37:39 Europe/Berlin] Attempting to connect to database: mysql:host=localhost;dbname=upang_link
[12-Mar-2025 16:37:39 Europe/Berlin] Handling request: Method=GET, Endpoint=requests/types
[12-Mar-2025 16:37:39 Europe/Berlin] Normalized endpoint: types
[12-Mar-2025 16:37:39 Europe/Berlin] Getting request types
[12-Mar-2025 16:37:39 Europe/Berlin] Fetching request types
[12-Mar-2025 16:37:39 Europe/Berlin] Executing request types query: SELECT type_id, name, description, requirements, processing_time FROM request_types WHERE is_active = 1 ORDER BY name
[12-Mar-2025 16:37:39 Europe/Berlin] Database connection successful
[12-Mar-2025 16:37:39 Europe/Berlin] Found 7 request types
[12-Mar-2025 16:37:39 Europe/Berlin] Successfully formatted 7 request types
[12-Mar-2025 16:37:39 Europe/Berlin] Validating session for token: da23ac0f9f62ccc8e351fbb9e19ed15df67b46bf6472dd111cb5c5aec6162132
[12-Mar-2025 16:37:39 Europe/Berlin] Executing query: SELECT us.*, u.email_verified 
                FROM user_sessions us
                JOIN users u ON us.user_id = u.user_id
                WHERE us.token = ? AND us.is_active = 1 AND us.expires_at > NOW()
[12-Mar-2025 16:37:39 Europe/Berlin] Query executed. Row count: 1
[12-Mar-2025 16:37:39 Europe/Berlin] Session found: {"session_id":1,"user_id":2,"token":"da23ac0f9f62ccc8e351fbb9e19ed15df67b46bf6472dd111cb5c5aec6162132","device_info":"okhttp\/4.12.0","ip_address":"192.168.1.9","last_activity":"2025-03-12 08:37:39","expires_at":"2025-03-13 16:37:37","is_active":1,"created_at":"2025-03-12 08:37:37","email_verified":1}
[12-Mar-2025 16:37:39 Europe/Berlin] Updating session activity for token: da23ac0f9f62ccc8e351fbb9e19ed15df67b46bf6472dd111cb5c5aec6162132
[12-Mar-2025 16:37:39 Europe/Berlin] Session activity update result: success
[12-Mar-2025 16:37:39 Europe/Berlin] Initializing RequestController
[12-Mar-2025 16:37:39 Europe/Berlin] Attempting to connect to database: mysql:host=localhost;dbname=upang_link
[12-Mar-2025 16:37:39 Europe/Berlin] Database connection successful
[12-Mar-2025 16:37:39 Europe/Berlin] RequestController initialized successfully
[12-Mar-2025 16:37:39 Europe/Berlin] Handling request: Method=GET, Endpoint=requests/statistics
[12-Mar-2025 16:37:39 Europe/Berlin] Normalized endpoint: statistics
[12-Mar-2025 16:37:39 Europe/Berlin] Getting request statistics
[12-Mar-2025 16:37:41 Europe/Berlin] Attempting to connect to database: mysql:host=localhost;dbname=upang_link
[12-Mar-2025 16:37:41 Europe/Berlin] Database connection successful
[12-Mar-2025 16:37:41 Europe/Berlin] Initializing RequestController
[12-Mar-2025 16:37:41 Europe/Berlin] Attempting to connect to database: mysql:host=localhost;dbname=upang_link
[12-Mar-2025 16:37:41 Europe/Berlin] Database connection successful
[12-Mar-2025 16:37:41 Europe/Berlin] RequestController initialized successfully
[12-Mar-2025 16:37:41 Europe/Berlin] Handling request: Method=GET, Endpoint=requests/types
[12-Mar-2025 16:37:41 Europe/Berlin] Normalized endpoint: types
[12-Mar-2025 16:37:41 Europe/Berlin] Getting request types
[12-Mar-2025 16:37:41 Europe/Berlin] Fetching request types
[12-Mar-2025 16:37:41 Europe/Berlin] Executing request types query: SELECT type_id, name, description, requirements, processing_time FROM request_types WHERE is_active = 1 ORDER BY name
[12-Mar-2025 16:37:41 Europe/Berlin] Found 7 request types
[12-Mar-2025 16:37:41 Europe/Berlin] Successfully formatted 7 request types
[12-Mar-2025 16:51:31 Europe/Berlin] Attempting to connect to database: mysql:host=localhost;dbname=upang_link
[12-Mar-2025 16:51:31 Europe/Berlin] Database connection successful
[12-Mar-2025 16:51:31 Europe/Berlin] Attempting to connect to database: mysql:host=localhost;dbname=upang_link
[12-Mar-2025 16:51:31 Europe/Berlin] Database connection successful
[12-Mar-2025 16:51:31 Europe/Berlin] Validating session for token: da23ac0f9f62ccc8e351fbb9e19ed15df67b46bf6472dd111cb5c5aec6162132
[12-Mar-2025 16:51:31 Europe/Berlin] Executing query: SELECT us.*, u.email_verified 
                FROM user_sessions us
                JOIN users u ON us.user_id = u.user_id
                WHERE us.token = ? AND us.is_active = 1 AND us.expires_at > NOW()
[12-Mar-2025 16:51:31 Europe/Berlin] Query executed. Row count: 0
[12-Mar-2025 16:51:31 Europe/Berlin] Initializing RequestController
[12-Mar-2025 16:51:31 Europe/Berlin] No valid session found
[12-Mar-2025 16:51:31 Europe/Berlin] Attempting to connect to database: mysql:host=localhost;dbname=upang_link
[12-Mar-2025 16:51:31 Europe/Berlin] Database connection successful
[12-Mar-2025 16:51:31 Europe/Berlin] RequestController initialized successfully
[12-Mar-2025 16:51:31 Europe/Berlin] Handling request: Method=GET, Endpoint=requests/types
[12-Mar-2025 16:51:31 Europe/Berlin] Normalized endpoint: types
[12-Mar-2025 16:51:31 Europe/Berlin] Getting request types
[12-Mar-2025 16:51:31 Europe/Berlin] Fetching request types
[12-Mar-2025 16:51:31 Europe/Berlin] Executing request types query: SELECT type_id, name, description, requirements, processing_time FROM request_types WHERE is_active = 1 ORDER BY name
[12-Mar-2025 16:51:31 Europe/Berlin] Found 7 request types
[12-Mar-2025 16:51:31 Europe/Berlin] Successfully formatted 7 request types
[12-Mar-2025 16:51:46 Europe/Berlin] Attempting to connect to database: mysql:host=localhost;dbname=upang_link
[12-Mar-2025 16:51:46 Europe/Berlin] Database connection successful
[12-Mar-2025 16:51:46 Europe/Berlin] Validating session for token: da23ac0f9f62ccc8e351fbb9e19ed15df67b46bf6472dd111cb5c5aec6162132
[12-Mar-2025 16:51:46 Europe/Berlin] Executing query: SELECT us.*, u.email_verified 
                FROM user_sessions us
                JOIN users u ON us.user_id = u.user_id
                WHERE us.token = ? AND us.is_active = 1 AND us.expires_at > NOW()
[12-Mar-2025 16:51:46 Europe/Berlin] Query executed. Row count: 0
[12-Mar-2025 16:51:46 Europe/Berlin] No valid session found
[12-Mar-2025 16:51:50 Europe/Berlin] Attempting to connect to database: mysql:host=localhost;dbname=upang_link
[12-Mar-2025 16:51:50 Europe/Berlin] Database connection successful
[12-Mar-2025 16:51:52 Europe/Berlin] Attempting to connect to database: mysql:host=localhost;dbname=upang_link
[12-Mar-2025 16:51:52 Europe/Berlin] Database connection successful
[12-Mar-2025 16:51:52 Europe/Berlin] Attempting to connect to database: mysql:host=localhost;dbname=upang_link
[12-Mar-2025 16:51:52 Europe/Berlin] Initializing RequestController
[12-Mar-2025 16:51:52 Europe/Berlin] Attempting to connect to database: mysql:host=localhost;dbname=upang_link
[12-Mar-2025 16:51:52 Europe/Berlin] Database connection successful
[12-Mar-2025 16:51:52 Europe/Berlin] Database connection successful
[12-Mar-2025 16:51:52 Europe/Berlin] RequestController initialized successfully
[12-Mar-2025 16:51:52 Europe/Berlin] Handling request: Method=GET, Endpoint=requests/types
[12-Mar-2025 16:51:52 Europe/Berlin] Normalized endpoint: types
[12-Mar-2025 16:51:52 Europe/Berlin] Getting request types
[12-Mar-2025 16:51:52 Europe/Berlin] Fetching request types
[12-Mar-2025 16:51:52 Europe/Berlin] Executing request types query: SELECT type_id, name, description, requirements, processing_time FROM request_types WHERE is_active = 1 ORDER BY name
[12-Mar-2025 16:51:52 Europe/Berlin] Validating session for token: f8e0370d095001edcd6314b9c327691b243bd0830d6606c89e803239c6491bdf
[12-Mar-2025 16:51:52 Europe/Berlin] Executing query: SELECT us.*, u.email_verified 
                FROM user_sessions us
                JOIN users u ON us.user_id = u.user_id
                WHERE us.token = ? AND us.is_active = 1 AND us.expires_at > NOW()
[12-Mar-2025 16:51:52 Europe/Berlin] Found 7 request types
[12-Mar-2025 16:51:52 Europe/Berlin] Query executed. Row count: 1
[12-Mar-2025 16:51:52 Europe/Berlin] Successfully formatted 7 request types
[12-Mar-2025 16:51:52 Europe/Berlin] Session found: {"session_id":1,"user_id":2,"token":"f8e0370d095001edcd6314b9c327691b243bd0830d6606c89e803239c6491bdf","device_info":"okhttp\/4.12.0","ip_address":"192.168.1.9","last_activity":"2025-03-12 08:51:52","expires_at":"2025-03-13 16:51:50","is_active":1,"created_at":"2025-03-12 08:51:50","email_verified":1}
[12-Mar-2025 16:51:52 Europe/Berlin] Updating session activity for token: f8e0370d095001edcd6314b9c327691b243bd0830d6606c89e803239c6491bdf
[12-Mar-2025 16:51:52 Europe/Berlin] Session activity update result: success
[12-Mar-2025 16:51:52 Europe/Berlin] Initializing RequestController
[12-Mar-2025 16:51:52 Europe/Berlin] Attempting to connect to database: mysql:host=localhost;dbname=upang_link
[12-Mar-2025 16:51:52 Europe/Berlin] Database connection successful
[12-Mar-2025 16:51:52 Europe/Berlin] RequestController initialized successfully
[12-Mar-2025 16:51:52 Europe/Berlin] Handling request: Method=GET, Endpoint=requests/statistics
[12-Mar-2025 16:51:52 Europe/Berlin] Normalized endpoint: statistics
[12-Mar-2025 16:51:52 Europe/Berlin] Getting request statistics
[12-Mar-2025 16:51:53 Europe/Berlin] Attempting to connect to database: mysql:host=localhost;dbname=upang_link
[12-Mar-2025 16:51:53 Europe/Berlin] Database connection successful
[12-Mar-2025 16:51:53 Europe/Berlin] Initializing RequestController
[12-Mar-2025 16:51:53 Europe/Berlin] Attempting to connect to database: mysql:host=localhost;dbname=upang_link
[12-Mar-2025 16:51:53 Europe/Berlin] Database connection successful
[12-Mar-2025 16:51:53 Europe/Berlin] RequestController initialized successfully
[12-Mar-2025 16:51:53 Europe/Berlin] Handling request: Method=GET, Endpoint=requests/types
[12-Mar-2025 16:51:53 Europe/Berlin] Normalized endpoint: types
[12-Mar-2025 16:51:53 Europe/Berlin] Getting request types
[12-Mar-2025 16:51:53 Europe/Berlin] Fetching request types
[12-Mar-2025 16:51:53 Europe/Berlin] Executing request types query: SELECT type_id, name, description, requirements, processing_time FROM request_types WHERE is_active = 1 ORDER BY name
[12-Mar-2025 16:51:53 Europe/Berlin] Found 7 request types
[12-Mar-2025 16:51:53 Europe/Berlin] Successfully formatted 7 request types
[12-Mar-2025 16:52:23 Europe/Berlin] Attempting to connect to database: mysql:host=localhost;dbname=upang_link
[12-Mar-2025 16:52:23 Europe/Berlin] Database connection successful
[12-Mar-2025 16:52:23 Europe/Berlin] Initializing RequestController
[12-Mar-2025 16:52:23 Europe/Berlin] Attempting to connect to database: mysql:host=localhost;dbname=upang_link
[12-Mar-2025 16:52:23 Europe/Berlin] Database connection successful
[12-Mar-2025 16:52:23 Europe/Berlin] RequestController initialized successfully
[12-Mar-2025 16:52:23 Europe/Berlin] Handling request: Method=GET, Endpoint=requests/types
[12-Mar-2025 16:52:23 Europe/Berlin] Normalized endpoint: types
[12-Mar-2025 16:52:23 Europe/Berlin] Getting request types
[12-Mar-2025 16:52:23 Europe/Berlin] Fetching request types
[12-Mar-2025 16:52:23 Europe/Berlin] Executing request types query: SELECT type_id, name, description, requirements, processing_time FROM request_types WHERE is_active = 1 ORDER BY name
[12-Mar-2025 16:52:23 Europe/Berlin] Found 7 request types
[12-Mar-2025 16:52:23 Europe/Berlin] Successfully formatted 7 request types
[12-Mar-2025 16:53:03 Europe/Berlin] Attempting to connect to database: mysql:host=localhost;dbname=upang_link
[12-Mar-2025 16:53:03 Europe/Berlin] Database connection successful
[12-Mar-2025 16:53:03 Europe/Berlin] Initializing RequestController
[12-Mar-2025 16:53:03 Europe/Berlin] Attempting to connect to database: mysql:host=localhost;dbname=upang_link
[12-Mar-2025 16:53:03 Europe/Berlin] Database connection successful
[12-Mar-2025 16:53:03 Europe/Berlin] RequestController initialized successfully
[12-Mar-2025 16:53:03 Europe/Berlin] Handling request: Method=GET, Endpoint=requests/types
[12-Mar-2025 16:53:03 Europe/Berlin] Normalized endpoint: types
[12-Mar-2025 16:53:03 Europe/Berlin] Getting request types
[12-Mar-2025 16:53:03 Europe/Berlin] Fetching request types
[12-Mar-2025 16:53:03 Europe/Berlin] Executing request types query: SELECT type_id, name, description, requirements, processing_time FROM request_types WHERE is_active = 1 ORDER BY name
[12-Mar-2025 16:53:03 Europe/Berlin] Found 7 request types
[12-Mar-2025 16:53:03 Europe/Berlin] Successfully formatted 7 request types
[12-Mar-2025 16:53:35 Europe/Berlin] Attempting to connect to database: mysql:host=localhost;dbname=upang_link
[12-Mar-2025 16:53:35 Europe/Berlin] Database connection successful
[12-Mar-2025 16:53:35 Europe/Berlin] Initializing RequestController
[12-Mar-2025 16:53:35 Europe/Berlin] Attempting to connect to database: mysql:host=localhost;dbname=upang_link
[12-Mar-2025 16:53:35 Europe/Berlin] Database connection successful
[12-Mar-2025 16:53:35 Europe/Berlin] RequestController initialized successfully
[12-Mar-2025 16:53:35 Europe/Berlin] Handling request: Method=GET, Endpoint=requests/types
[12-Mar-2025 16:53:35 Europe/Berlin] Normalized endpoint: types
[12-Mar-2025 16:53:35 Europe/Berlin] Getting request types
[12-Mar-2025 16:53:35 Europe/Berlin] Fetching request types
[12-Mar-2025 16:53:35 Europe/Berlin] Executing request types query: SELECT type_id, name, description, requirements, processing_time FROM request_types WHERE is_active = 1 ORDER BY name
[12-Mar-2025 16:53:35 Europe/Berlin] Found 7 request types
[12-Mar-2025 16:53:35 Europe/Berlin] Successfully formatted 7 request types
[12-Mar-2025 16:58:18 Europe/Berlin] Attempting to connect to database: mysql:host=localhost;dbname=upang_link
[12-Mar-2025 16:58:18 Europe/Berlin] Attempting to connect to database: mysql:host=localhost;dbname=upang_link
[12-Mar-2025 16:58:18 Europe/Berlin] Database connection successful
[12-Mar-2025 16:58:18 Europe/Berlin] Database connection successful
[12-Mar-2025 16:58:18 Europe/Berlin] Initializing RequestController
[12-Mar-2025 16:58:18 Europe/Berlin] Attempting to connect to database: mysql:host=localhost;dbname=upang_link
[12-Mar-2025 16:58:18 Europe/Berlin] Database connection successful
[12-Mar-2025 16:58:18 Europe/Berlin] RequestController initialized successfully
[12-Mar-2025 16:58:18 Europe/Berlin] Validating session for token: f8e0370d095001edcd6314b9c327691b243bd0830d6606c89e803239c6491bdf
[12-Mar-2025 16:58:18 Europe/Berlin] Handling request: Method=GET, Endpoint=requests/types
[12-Mar-2025 16:58:18 Europe/Berlin] Executing query: SELECT us.*, u.email_verified 
                FROM user_sessions us
                JOIN users u ON us.user_id = u.user_id
                WHERE us.token = ? AND us.is_active = 1 AND us.expires_at > NOW()
[12-Mar-2025 16:58:18 Europe/Berlin] Normalized endpoint: types
[12-Mar-2025 16:58:18 Europe/Berlin] Getting request types
[12-Mar-2025 16:58:18 Europe/Berlin] Query executed. Row count: 0
[12-Mar-2025 16:58:18 Europe/Berlin] Fetching request types
[12-Mar-2025 16:58:18 Europe/Berlin] No valid session found
[12-Mar-2025 16:58:18 Europe/Berlin] Executing request types query: SELECT type_id, name, description, requirements, processing_time FROM request_types WHERE is_active = 1 ORDER BY name
[12-Mar-2025 16:58:18 Europe/Berlin] Found 7 request types
[12-Mar-2025 16:58:18 Europe/Berlin] Successfully formatted 7 request types
[12-Mar-2025 16:58:25 Europe/Berlin] Attempting to connect to database: mysql:host=localhost;dbname=upang_link
[12-Mar-2025 16:58:25 Europe/Berlin] Database connection successful
[12-Mar-2025 16:58:25 Europe/Berlin] Validating session for token: f8e0370d095001edcd6314b9c327691b243bd0830d6606c89e803239c6491bdf
[12-Mar-2025 16:58:25 Europe/Berlin] Executing query: SELECT us.*, u.email_verified 
                FROM user_sessions us
                JOIN users u ON us.user_id = u.user_id
                WHERE us.token = ? AND us.is_active = 1 AND us.expires_at > NOW()
[12-Mar-2025 16:58:25 Europe/Berlin] Query executed. Row count: 0
[12-Mar-2025 16:58:25 Europe/Berlin] No valid session found
[12-Mar-2025 16:58:30 Europe/Berlin] Attempting to connect to database: mysql:host=localhost;dbname=upang_link
[12-Mar-2025 16:58:30 Europe/Berlin] Database connection successful
[12-Mar-2025 16:58:33 Europe/Berlin] Attempting to connect to database: mysql:host=localhost;dbname=upang_link
[12-Mar-2025 16:58:33 Europe/Berlin] Database connection successful
[12-Mar-2025 16:58:33 Europe/Berlin] Validating session for token: 0bd9b52f3659baf9e1d0eb28d38c7a4d35ad0dba8878f2eee4a4ea957ce85d9c
[12-Mar-2025 16:58:33 Europe/Berlin] Executing query: SELECT us.*, u.email_verified 
                FROM user_sessions us
                JOIN users u ON us.user_id = u.user_id
                WHERE us.token = ? AND us.is_active = 1 AND us.expires_at > NOW()
[12-Mar-2025 16:58:33 Europe/Berlin] Query executed. Row count: 1
[12-Mar-2025 16:58:33 Europe/Berlin] Session found: {"session_id":1,"user_id":2,"token":"0bd9b52f3659baf9e1d0eb28d38c7a4d35ad0dba8878f2eee4a4ea957ce85d9c","device_info":"okhttp\/4.12.0","ip_address":"192.168.1.9","last_activity":"2025-03-12 08:58:33","expires_at":"2025-03-13 16:58:30","is_active":1,"created_at":"2025-03-12 08:58:30","email_verified":1}
[12-Mar-2025 16:58:33 Europe/Berlin] Updating session activity for token: 0bd9b52f3659baf9e1d0eb28d38c7a4d35ad0dba8878f2eee4a4ea957ce85d9c
[12-Mar-2025 16:58:33 Europe/Berlin] Session activity update result: success
[12-Mar-2025 16:58:33 Europe/Berlin] Initializing RequestController
[12-Mar-2025 16:58:33 Europe/Berlin] Attempting to connect to database: mysql:host=localhost;dbname=upang_link
[12-Mar-2025 16:58:33 Europe/Berlin] Database connection successful
[12-Mar-2025 16:58:33 Europe/Berlin] RequestController initialized successfully
[12-Mar-2025 16:58:33 Europe/Berlin] Handling request: Method=GET, Endpoint=requests/statistics
[12-Mar-2025 16:58:33 Europe/Berlin] Normalized endpoint: statistics
[12-Mar-2025 16:58:33 Europe/Berlin] Getting request statistics
[12-Mar-2025 16:58:33 Europe/Berlin] Attempting to connect to database: mysql:host=localhost;dbname=upang_link
[12-Mar-2025 16:58:33 Europe/Berlin] Database connection successful
[12-Mar-2025 16:58:33 Europe/Berlin] Initializing RequestController
[12-Mar-2025 16:58:33 Europe/Berlin] Attempting to connect to database: mysql:host=localhost;dbname=upang_link
[12-Mar-2025 16:58:33 Europe/Berlin] Database connection successful
[12-Mar-2025 16:58:33 Europe/Berlin] RequestController initialized successfully
[12-Mar-2025 16:58:33 Europe/Berlin] Handling request: Method=GET, Endpoint=requests/types
[12-Mar-2025 16:58:33 Europe/Berlin] Normalized endpoint: types
[12-Mar-2025 16:58:33 Europe/Berlin] Getting request types
[12-Mar-2025 16:58:33 Europe/Berlin] Fetching request types
[12-Mar-2025 16:58:33 Europe/Berlin] Executing request types query: SELECT type_id, name, description, requirements, processing_time FROM request_types WHERE is_active = 1 ORDER BY name
[12-Mar-2025 16:58:33 Europe/Berlin] Found 7 request types
[12-Mar-2025 16:58:33 Europe/Berlin] Successfully formatted 7 request types
[12-Mar-2025 16:58:34 Europe/Berlin] Attempting to connect to database: mysql:host=localhost;dbname=upang_link
[12-Mar-2025 16:58:34 Europe/Berlin] Database connection successful
[12-Mar-2025 16:58:34 Europe/Berlin] Initializing RequestController
[12-Mar-2025 16:58:34 Europe/Berlin] Attempting to connect to database: mysql:host=localhost;dbname=upang_link
[12-Mar-2025 16:58:34 Europe/Berlin] Database connection successful
[12-Mar-2025 16:58:34 Europe/Berlin] RequestController initialized successfully
[12-Mar-2025 16:58:34 Europe/Berlin] Handling request: Method=GET, Endpoint=requests/types
[12-Mar-2025 16:58:34 Europe/Berlin] Normalized endpoint: types
[12-Mar-2025 16:58:34 Europe/Berlin] Getting request types
[12-Mar-2025 16:58:34 Europe/Berlin] Fetching request types
[12-Mar-2025 16:58:34 Europe/Berlin] Executing request types query: SELECT type_id, name, description, requirements, processing_time FROM request_types WHERE is_active = 1 ORDER BY name
[12-Mar-2025 16:58:34 Europe/Berlin] Found 7 request types
[12-Mar-2025 16:58:34 Europe/Berlin] Successfully formatted 7 request types
[12-Mar-2025 17:08:21 Europe/Berlin] Attempting to connect to database: mysql:host=localhost;dbname=upang_link
[12-Mar-2025 17:08:21 Europe/Berlin] Database connection successful
[12-Mar-2025 17:08:21 Europe/Berlin] Initializing RequestController
[12-Mar-2025 17:08:21 Europe/Berlin] Attempting to connect to database: mysql:host=localhost;dbname=upang_link
[12-Mar-2025 17:08:21 Europe/Berlin] Database connection successful
[12-Mar-2025 17:08:21 Europe/Berlin] RequestController initialized successfully
[12-Mar-2025 17:08:21 Europe/Berlin] Handling request: Method=GET, Endpoint=requests/types
[12-Mar-2025 17:08:21 Europe/Berlin] Normalized endpoint: types
[12-Mar-2025 17:08:21 Europe/Berlin] Getting request types
[12-Mar-2025 17:08:21 Europe/Berlin] Fetching request types
[12-Mar-2025 17:08:21 Europe/Berlin] Executing request types query: SELECT type_id, name, description, requirements, processing_time FROM request_types WHERE is_active = 1 ORDER BY name
[12-Mar-2025 17:08:21 Europe/Berlin] Found 7 request types
[12-Mar-2025 17:08:21 Europe/Berlin] Successfully formatted 7 request types
[12-Mar-2025 17:16:42 Europe/Berlin] Attempting to connect to database: mysql:host=localhost;dbname=upang_link
[12-Mar-2025 17:16:42 Europe/Berlin] Database connection successful
[12-Mar-2025 17:16:42 Europe/Berlin] Validating session for token: 0bd9b52f3659baf9e1d0eb28d38c7a4d35ad0dba8878f2eee4a4ea957ce85d9c
[12-Mar-2025 17:16:42 Europe/Berlin] Executing query: SELECT us.*, u.email_verified 
                FROM user_sessions us
                JOIN users u ON us.user_id = u.user_id
                WHERE us.token = ? AND us.is_active = 1 AND us.expires_at > NOW()
[12-Mar-2025 17:16:42 Europe/Berlin] Query executed. Row count: 1
[12-Mar-2025 17:16:42 Europe/Berlin] Session found: {"session_id":1,"user_id":2,"token":"0bd9b52f3659baf9e1d0eb28d38c7a4d35ad0dba8878f2eee4a4ea957ce85d9c","device_info":"okhttp\/4.12.0","ip_address":"192.168.1.9","last_activity":"2025-03-12 09:08:41","expires_at":"2025-03-13 16:58:30","is_active":1,"created_at":"2025-03-12 08:58:30","email_verified":1}
[12-Mar-2025 17:16:42 Europe/Berlin] Updating session activity for token: 0bd9b52f3659baf9e1d0eb28d38c7a4d35ad0dba8878f2eee4a4ea957ce85d9c
[12-Mar-2025 17:16:42 Europe/Berlin] Session activity update result: success
[12-Mar-2025 17:16:44 Europe/Berlin] Attempting to connect to database: mysql:host=localhost;dbname=upang_link
[12-Mar-2025 17:16:44 Europe/Berlin] Attempting to connect to database: mysql:host=localhost;dbname=upang_link
[12-Mar-2025 17:16:44 Europe/Berlin] Database connection successful
[12-Mar-2025 17:16:44 Europe/Berlin] Database connection successful
[12-Mar-2025 17:16:44 Europe/Berlin] Validating session for token: 0bd9b52f3659baf9e1d0eb28d38c7a4d35ad0dba8878f2eee4a4ea957ce85d9c
[12-Mar-2025 17:16:44 Europe/Berlin] Initializing RequestController
[12-Mar-2025 17:16:44 Europe/Berlin] Executing query: SELECT us.*, u.email_verified 
                FROM user_sessions us
                JOIN users u ON us.user_id = u.user_id
                WHERE us.token = ? AND us.is_active = 1 AND us.expires_at > NOW()
[12-Mar-2025 17:16:44 Europe/Berlin] Attempting to connect to database: mysql:host=localhost;dbname=upang_link
[12-Mar-2025 17:16:44 Europe/Berlin] Query executed. Row count: 1
[12-Mar-2025 17:16:44 Europe/Berlin] Session found: {"session_id":1,"user_id":2,"token":"0bd9b52f3659baf9e1d0eb28d38c7a4d35ad0dba8878f2eee4a4ea957ce85d9c","device_info":"okhttp\/4.12.0","ip_address":"192.168.1.9","last_activity":"2025-03-12 09:16:44","expires_at":"2025-03-13 16:58:30","is_active":1,"created_at":"2025-03-12 08:58:30","email_verified":1}
[12-Mar-2025 17:16:44 Europe/Berlin] Updating session activity for token: 0bd9b52f3659baf9e1d0eb28d38c7a4d35ad0dba8878f2eee4a4ea957ce85d9c
[12-Mar-2025 17:16:44 Europe/Berlin] Database connection successful
[12-Mar-2025 17:16:44 Europe/Berlin] Session activity update result: success
[12-Mar-2025 17:16:44 Europe/Berlin] RequestController initialized successfully
[12-Mar-2025 17:16:44 Europe/Berlin] Handling request: Method=GET, Endpoint=requests/types
[12-Mar-2025 17:16:44 Europe/Berlin] Normalized endpoint: types
[12-Mar-2025 17:16:44 Europe/Berlin] Getting request types
[12-Mar-2025 17:16:44 Europe/Berlin] Fetching request types
[12-Mar-2025 17:16:44 Europe/Berlin] Executing request types query: SELECT type_id, name, description, requirements, processing_time FROM request_types WHERE is_active = 1 ORDER BY name
[12-Mar-2025 17:16:44 Europe/Berlin] Initializing RequestController
[12-Mar-2025 17:16:44 Europe/Berlin] Attempting to connect to database: mysql:host=localhost;dbname=upang_link
[12-Mar-2025 17:16:44 Europe/Berlin] Found 7 request types
[12-Mar-2025 17:16:44 Europe/Berlin] Successfully formatted 7 request types
[12-Mar-2025 17:16:44 Europe/Berlin] Database connection successful
[12-Mar-2025 17:16:44 Europe/Berlin] RequestController initialized successfully
[12-Mar-2025 17:16:44 Europe/Berlin] Handling request: Method=GET, Endpoint=requests/statistics
[12-Mar-2025 17:16:44 Europe/Berlin] Normalized endpoint: statistics
[12-Mar-2025 17:16:44 Europe/Berlin] Getting request statistics
[12-Mar-2025 17:18:20 Europe/Berlin] Attempting to connect to database: mysql:host=localhost;dbname=upang_link
[12-Mar-2025 17:18:20 Europe/Berlin] Database connection successful
[12-Mar-2025 17:18:20 Europe/Berlin] Initializing RequestController
[12-Mar-2025 17:18:20 Europe/Berlin] Attempting to connect to database: mysql:host=localhost;dbname=upang_link
[12-Mar-2025 17:18:20 Europe/Berlin] Database connection successful
[12-Mar-2025 17:18:20 Europe/Berlin] RequestController initialized successfully
[12-Mar-2025 17:18:20 Europe/Berlin] Handling request: Method=GET, Endpoint=requests/types
[12-Mar-2025 17:18:20 Europe/Berlin] Normalized endpoint: types
[12-Mar-2025 17:18:20 Europe/Berlin] Getting request types
[12-Mar-2025 17:18:20 Europe/Berlin] Fetching request types
[12-Mar-2025 17:18:20 Europe/Berlin] Executing request types query: SELECT type_id, name, description, requirements, processing_time FROM request_types WHERE is_active = 1 ORDER BY name
[12-Mar-2025 17:18:20 Europe/Berlin] Found 7 request types
[12-Mar-2025 17:18:20 Europe/Berlin] Successfully formatted 7 request types
[12-Mar-2025 17:30:18 Europe/Berlin] Attempting to connect to database: mysql:host=localhost;dbname=upang_link
[12-Mar-2025 17:30:18 Europe/Berlin] Database connection successful
[12-Mar-2025 17:30:18 Europe/Berlin] Validating session for token: 0bd9b52f3659baf9e1d0eb28d38c7a4d35ad0dba8878f2eee4a4ea957ce85d9c
[12-Mar-2025 17:30:18 Europe/Berlin] Executing query: SELECT us.*, u.email_verified 
                FROM user_sessions us
                JOIN users u ON us.user_id = u.user_id
                WHERE us.token = ? AND us.is_active = 1 AND us.expires_at > NOW()
[12-Mar-2025 17:30:18 Europe/Berlin] Query executed. Row count: 1
[12-Mar-2025 17:30:18 Europe/Berlin] Session found: {"session_id":1,"user_id":2,"token":"0bd9b52f3659baf9e1d0eb28d38c7a4d35ad0dba8878f2eee4a4ea957ce85d9c","device_info":"okhttp\/4.12.0","ip_address":"192.168.1.9","last_activity":"2025-03-12 09:16:45","expires_at":"2025-03-13 16:58:30","is_active":1,"created_at":"2025-03-12 08:58:30","email_verified":1}
[12-Mar-2025 17:30:18 Europe/Berlin] Updating session activity for token: 0bd9b52f3659baf9e1d0eb28d38c7a4d35ad0dba8878f2eee4a4ea957ce85d9c
[12-Mar-2025 17:30:18 Europe/Berlin] Session activity update result: success
[12-Mar-2025 17:30:22 Europe/Berlin] Attempting to connect to database: mysql:host=localhost;dbname=upang_link
[12-Mar-2025 17:30:22 Europe/Berlin] Database connection successful
[12-Mar-2025 17:30:22 Europe/Berlin] Initializing RequestController
[12-Mar-2025 17:30:22 Europe/Berlin] Attempting to connect to database: mysql:host=localhost;dbname=upang_link
[12-Mar-2025 17:30:22 Europe/Berlin] Attempting to connect to database: mysql:host=localhost;dbname=upang_link
[12-Mar-2025 17:30:22 Europe/Berlin] Database connection successful
[12-Mar-2025 17:30:22 Europe/Berlin] Database connection successful
[12-Mar-2025 17:30:22 Europe/Berlin] RequestController initialized successfully
[12-Mar-2025 17:30:22 Europe/Berlin] Handling request: Method=GET, Endpoint=requests/types
[12-Mar-2025 17:30:22 Europe/Berlin] Normalized endpoint: types
[12-Mar-2025 17:30:22 Europe/Berlin] Getting request types
[12-Mar-2025 17:30:22 Europe/Berlin] Fetching request types
[12-Mar-2025 17:30:22 Europe/Berlin] Executing request types query: SELECT type_id, name, description, requirements, processing_time FROM request_types WHERE is_active = 1 ORDER BY name
[12-Mar-2025 17:30:22 Europe/Berlin] Found 7 request types
[12-Mar-2025 17:30:22 Europe/Berlin] Successfully formatted 7 request types
[12-Mar-2025 17:30:22 Europe/Berlin] Validating session for token: 0bd9b52f3659baf9e1d0eb28d38c7a4d35ad0dba8878f2eee4a4ea957ce85d9c
[12-Mar-2025 17:30:22 Europe/Berlin] Executing query: SELECT us.*, u.email_verified 
                FROM user_sessions us
                JOIN users u ON us.user_id = u.user_id
                WHERE us.token = ? AND us.is_active = 1 AND us.expires_at > NOW()
[12-Mar-2025 17:30:22 Europe/Berlin] Query executed. Row count: 1
[12-Mar-2025 17:30:22 Europe/Berlin] Session found: {"session_id":1,"user_id":2,"token":"0bd9b52f3659baf9e1d0eb28d38c7a4d35ad0dba8878f2eee4a4ea957ce85d9c","device_info":"okhttp\/4.12.0","ip_address":"192.168.1.9","last_activity":"2025-03-12 09:30:22","expires_at":"2025-03-13 16:58:30","is_active":1,"created_at":"2025-03-12 08:58:30","email_verified":1}
[12-Mar-2025 17:30:22 Europe/Berlin] Updating session activity for token: 0bd9b52f3659baf9e1d0eb28d38c7a4d35ad0dba8878f2eee4a4ea957ce85d9c
[12-Mar-2025 17:30:22 Europe/Berlin] Session activity update result: success
[12-Mar-2025 17:30:22 Europe/Berlin] Initializing RequestController
[12-Mar-2025 17:30:22 Europe/Berlin] Attempting to connect to database: mysql:host=localhost;dbname=upang_link
[12-Mar-2025 17:30:22 Europe/Berlin] Database connection successful
[12-Mar-2025 17:30:22 Europe/Berlin] RequestController initialized successfully
[12-Mar-2025 17:30:22 Europe/Berlin] Handling request: Method=GET, Endpoint=requests/statistics
[12-Mar-2025 17:30:22 Europe/Berlin] Normalized endpoint: statistics
[12-Mar-2025 17:30:22 Europe/Berlin] Getting request statistics
[12-Mar-2025 17:30:31 Europe/Berlin] Attempting to connect to database: mysql:host=localhost;dbname=upang_link
[12-Mar-2025 17:30:31 Europe/Berlin] Database connection successful
[12-Mar-2025 17:30:31 Europe/Berlin] Initializing RequestController
[12-Mar-2025 17:30:31 Europe/Berlin] Attempting to connect to database: mysql:host=localhost;dbname=upang_link
[12-Mar-2025 17:30:31 Europe/Berlin] Database connection successful
[12-Mar-2025 17:30:31 Europe/Berlin] RequestController initialized successfully
[12-Mar-2025 17:30:31 Europe/Berlin] Handling request: Method=GET, Endpoint=requests/types
[12-Mar-2025 17:30:31 Europe/Berlin] Normalized endpoint: types
[12-Mar-2025 17:30:31 Europe/Berlin] Getting request types
[12-Mar-2025 17:30:31 Europe/Berlin] Fetching request types
[12-Mar-2025 17:30:31 Europe/Berlin] Executing request types query: SELECT type_id, name, description, requirements, processing_time FROM request_types WHERE is_active = 1 ORDER BY name
[12-Mar-2025 17:30:31 Europe/Berlin] Found 7 request types
[12-Mar-2025 17:30:31 Europe/Berlin] Successfully formatted 7 request types
[12-Mar-2025 17:35:31 Europe/Berlin] Attempting to connect to database: mysql:host=localhost;dbname=upang_link
[12-Mar-2025 17:35:31 Europe/Berlin] Database connection successful
[12-Mar-2025 17:35:31 Europe/Berlin] Validating session for token: 0bd9b52f3659baf9e1d0eb28d38c7a4d35ad0dba8878f2eee4a4ea957ce85d9c
[12-Mar-2025 17:35:31 Europe/Berlin] Executing query: SELECT us.*, u.email_verified 
                FROM user_sessions us
                JOIN users u ON us.user_id = u.user_id
                WHERE us.token = ? AND us.is_active = 1 AND us.expires_at > NOW()
[12-Mar-2025 17:35:31 Europe/Berlin] Query executed. Row count: 1
[12-Mar-2025 17:35:31 Europe/Berlin] Session found: {"session_id":1,"user_id":2,"token":"0bd9b52f3659baf9e1d0eb28d38c7a4d35ad0dba8878f2eee4a4ea957ce85d9c","device_info":"okhttp\/4.12.0","ip_address":"192.168.1.9","last_activity":"2025-03-12 09:30:22","expires_at":"2025-03-13 16:58:30","is_active":1,"created_at":"2025-03-12 08:58:30","email_verified":1}
[12-Mar-2025 17:35:31 Europe/Berlin] Updating session activity for token: 0bd9b52f3659baf9e1d0eb28d38c7a4d35ad0dba8878f2eee4a4ea957ce85d9c
[12-Mar-2025 17:35:31 Europe/Berlin] Session activity update result: success
[12-Mar-2025 17:35:35 Europe/Berlin] Attempting to connect to database: mysql:host=localhost;dbname=upang_link
[12-Mar-2025 17:35:35 Europe/Berlin] Attempting to connect to database: mysql:host=localhost;dbname=upang_link
[12-Mar-2025 17:35:35 Europe/Berlin] Database connection successful
[12-Mar-2025 17:35:35 Europe/Berlin] Initializing RequestController
[12-Mar-2025 17:35:35 Europe/Berlin] Attempting to connect to database: mysql:host=localhost;dbname=upang_link
[12-Mar-2025 17:35:35 Europe/Berlin] Database connection successful
[12-Mar-2025 17:35:35 Europe/Berlin] RequestController initialized successfully
[12-Mar-2025 17:35:35 Europe/Berlin] Handling request: Method=GET, Endpoint=requests/types
[12-Mar-2025 17:35:35 Europe/Berlin] Normalized endpoint: types
[12-Mar-2025 17:35:35 Europe/Berlin] Getting request types
[12-Mar-2025 17:35:35 Europe/Berlin] Fetching request types
[12-Mar-2025 17:35:35 Europe/Berlin] Executing request types query: SELECT type_id, name, description, requirements, processing_time FROM request_types WHERE is_active = 1 ORDER BY name
[12-Mar-2025 17:35:35 Europe/Berlin] Found 7 request types
[12-Mar-2025 17:35:35 Europe/Berlin] Successfully formatted 7 request types
[12-Mar-2025 17:35:35 Europe/Berlin] Database connection successful
[12-Mar-2025 17:35:35 Europe/Berlin] Validating session for token: 0bd9b52f3659baf9e1d0eb28d38c7a4d35ad0dba8878f2eee4a4ea957ce85d9c
[12-Mar-2025 17:35:35 Europe/Berlin] Executing query: SELECT us.*, u.email_verified 
                FROM user_sessions us
                JOIN users u ON us.user_id = u.user_id
                WHERE us.token = ? AND us.is_active = 1 AND us.expires_at > NOW()
[12-Mar-2025 17:35:35 Europe/Berlin] Query executed. Row count: 1
[12-Mar-2025 17:35:35 Europe/Berlin] Session found: {"session_id":1,"user_id":2,"token":"0bd9b52f3659baf9e1d0eb28d38c7a4d35ad0dba8878f2eee4a4ea957ce85d9c","device_info":"okhttp\/4.12.0","ip_address":"192.168.1.9","last_activity":"2025-03-12 09:35:35","expires_at":"2025-03-13 16:58:30","is_active":1,"created_at":"2025-03-12 08:58:30","email_verified":1}
[12-Mar-2025 17:35:35 Europe/Berlin] Updating session activity for token: 0bd9b52f3659baf9e1d0eb28d38c7a4d35ad0dba8878f2eee4a4ea957ce85d9c
[12-Mar-2025 17:35:35 Europe/Berlin] Session activity update result: success
[12-Mar-2025 17:35:35 Europe/Berlin] Initializing RequestController
[12-Mar-2025 17:35:35 Europe/Berlin] Attempting to connect to database: mysql:host=localhost;dbname=upang_link
[12-Mar-2025 17:35:35 Europe/Berlin] Database connection successful
[12-Mar-2025 17:35:35 Europe/Berlin] RequestController initialized successfully
[12-Mar-2025 17:35:35 Europe/Berlin] Handling request: Method=GET, Endpoint=requests/statistics
[12-Mar-2025 17:35:35 Europe/Berlin] Normalized endpoint: statistics
[12-Mar-2025 17:35:35 Europe/Berlin] Getting request statistics
[12-Mar-2025 17:35:40 Europe/Berlin] Attempting to connect to database: mysql:host=localhost;dbname=upang_link
[12-Mar-2025 17:35:40 Europe/Berlin] Database connection successful
[12-Mar-2025 17:35:40 Europe/Berlin] Initializing RequestController
[12-Mar-2025 17:35:40 Europe/Berlin] Attempting to connect to database: mysql:host=localhost;dbname=upang_link
[12-Mar-2025 17:35:40 Europe/Berlin] Database connection successful
[12-Mar-2025 17:35:40 Europe/Berlin] RequestController initialized successfully
[12-Mar-2025 17:35:40 Europe/Berlin] Handling request: Method=GET, Endpoint=requests/types
[12-Mar-2025 17:35:40 Europe/Berlin] Normalized endpoint: types
[12-Mar-2025 17:35:40 Europe/Berlin] Getting request types
[12-Mar-2025 17:35:40 Europe/Berlin] Fetching request types
[12-Mar-2025 17:35:40 Europe/Berlin] Executing request types query: SELECT type_id, name, description, requirements, processing_time FROM request_types WHERE is_active = 1 ORDER BY name
[12-Mar-2025 17:35:40 Europe/Berlin] Found 7 request types
[12-Mar-2025 17:35:40 Europe/Berlin] Successfully formatted 7 request types
[12-Mar-2025 17:39:53 Europe/Berlin] Attempting to connect to database: mysql:host=localhost;dbname=upang_link
[12-Mar-2025 17:39:53 Europe/Berlin] Database connection successful
[12-Mar-2025 17:39:53 Europe/Berlin] Validating session for token: 0bd9b52f3659baf9e1d0eb28d38c7a4d35ad0dba8878f2eee4a4ea957ce85d9c
[12-Mar-2025 17:39:53 Europe/Berlin] Executing query: SELECT us.*, u.email_verified 
                FROM user_sessions us
                JOIN users u ON us.user_id = u.user_id
                WHERE us.token = ? AND us.is_active = 1 AND us.expires_at > NOW()
[12-Mar-2025 17:39:53 Europe/Berlin] Query executed. Row count: 1
[12-Mar-2025 17:39:53 Europe/Berlin] Session found: {"session_id":1,"user_id":2,"token":"0bd9b52f3659baf9e1d0eb28d38c7a4d35ad0dba8878f2eee4a4ea957ce85d9c","device_info":"okhttp\/4.12.0","ip_address":"192.168.1.9","last_activity":"2025-03-12 09:35:35","expires_at":"2025-03-13 16:58:30","is_active":1,"created_at":"2025-03-12 08:58:30","email_verified":1}
[12-Mar-2025 17:39:53 Europe/Berlin] Updating session activity for token: 0bd9b52f3659baf9e1d0eb28d38c7a4d35ad0dba8878f2eee4a4ea957ce85d9c
[12-Mar-2025 17:39:53 Europe/Berlin] Session activity update result: success
[12-Mar-2025 17:39:57 Europe/Berlin] Attempting to connect to database: mysql:host=localhost;dbname=upang_link
[12-Mar-2025 17:39:57 Europe/Berlin] Database connection successful
[12-Mar-2025 17:39:57 Europe/Berlin] Attempting to connect to database: mysql:host=localhost;dbname=upang_link
[12-Mar-2025 17:39:57 Europe/Berlin] Database connection successful
[12-Mar-2025 17:39:57 Europe/Berlin] Initializing RequestController
[12-Mar-2025 17:39:57 Europe/Berlin] Attempting to connect to database: mysql:host=localhost;dbname=upang_link
[12-Mar-2025 17:39:57 Europe/Berlin] Database connection successful
[12-Mar-2025 17:39:57 Europe/Berlin] RequestController initialized successfully
[12-Mar-2025 17:39:57 Europe/Berlin] Handling request: Method=GET, Endpoint=requests/types
[12-Mar-2025 17:39:57 Europe/Berlin] Validating session for token: 0bd9b52f3659baf9e1d0eb28d38c7a4d35ad0dba8878f2eee4a4ea957ce85d9c
[12-Mar-2025 17:39:57 Europe/Berlin] Normalized endpoint: types
[12-Mar-2025 17:39:57 Europe/Berlin] Executing query: SELECT us.*, u.email_verified 
                FROM user_sessions us
                JOIN users u ON us.user_id = u.user_id
                WHERE us.token = ? AND us.is_active = 1 AND us.expires_at > NOW()
[12-Mar-2025 17:39:57 Europe/Berlin] Getting request types
[12-Mar-2025 17:39:57 Europe/Berlin] Fetching request types
[12-Mar-2025 17:39:57 Europe/Berlin] Query executed. Row count: 1
[12-Mar-2025 17:39:57 Europe/Berlin] Executing request types query: SELECT type_id, name, description, requirements, processing_time FROM request_types WHERE is_active = 1 ORDER BY name
[12-Mar-2025 17:39:57 Europe/Berlin] Session found: {"session_id":1,"user_id":2,"token":"0bd9b52f3659baf9e1d0eb28d38c7a4d35ad0dba8878f2eee4a4ea957ce85d9c","device_info":"okhttp\/4.12.0","ip_address":"192.168.1.9","last_activity":"2025-03-12 09:39:57","expires_at":"2025-03-13 16:58:30","is_active":1,"created_at":"2025-03-12 08:58:30","email_verified":1}
[12-Mar-2025 17:39:57 Europe/Berlin] Updating session activity for token: 0bd9b52f3659baf9e1d0eb28d38c7a4d35ad0dba8878f2eee4a4ea957ce85d9c
[12-Mar-2025 17:39:57 Europe/Berlin] Found 7 request types
[12-Mar-2025 17:39:57 Europe/Berlin] Session activity update result: success
[12-Mar-2025 17:39:57 Europe/Berlin] Successfully formatted 7 request types
[12-Mar-2025 17:39:57 Europe/Berlin] Initializing RequestController
[12-Mar-2025 17:39:57 Europe/Berlin] Attempting to connect to database: mysql:host=localhost;dbname=upang_link
[12-Mar-2025 17:39:57 Europe/Berlin] Database connection successful
[12-Mar-2025 17:39:57 Europe/Berlin] RequestController initialized successfully
[12-Mar-2025 17:39:57 Europe/Berlin] Handling request: Method=GET, Endpoint=requests/statistics
[12-Mar-2025 17:39:57 Europe/Berlin] Normalized endpoint: statistics
[12-Mar-2025 17:39:57 Europe/Berlin] Getting request statistics
[12-Mar-2025 17:40:01 Europe/Berlin] Attempting to connect to database: mysql:host=localhost;dbname=upang_link
[12-Mar-2025 17:40:01 Europe/Berlin] Database connection successful
[12-Mar-2025 17:40:01 Europe/Berlin] Initializing RequestController
[12-Mar-2025 17:40:01 Europe/Berlin] Attempting to connect to database: mysql:host=localhost;dbname=upang_link
[12-Mar-2025 17:40:01 Europe/Berlin] Database connection successful
[12-Mar-2025 17:40:01 Europe/Berlin] RequestController initialized successfully
[12-Mar-2025 17:40:01 Europe/Berlin] Handling request: Method=GET, Endpoint=requests/types
[12-Mar-2025 17:40:01 Europe/Berlin] Normalized endpoint: types
[12-Mar-2025 17:40:01 Europe/Berlin] Getting request types
[12-Mar-2025 17:40:01 Europe/Berlin] Fetching request types
[12-Mar-2025 17:40:01 Europe/Berlin] Executing request types query: SELECT type_id, name, description, requirements, processing_time FROM request_types WHERE is_active = 1 ORDER BY name
[12-Mar-2025 17:40:01 Europe/Berlin] Found 7 request types
[12-Mar-2025 17:40:01 Europe/Berlin] Successfully formatted 7 request types
[12-Mar-2025 17:40:06 Europe/Berlin] Attempting to connect to database: mysql:host=localhost;dbname=upang_link
[12-Mar-2025 17:40:06 Europe/Berlin] Database connection successful
[12-Mar-2025 17:40:06 Europe/Berlin] Initializing RequestController
[12-Mar-2025 17:40:06 Europe/Berlin] Attempting to connect to database: mysql:host=localhost;dbname=upang_link
[12-Mar-2025 17:40:06 Europe/Berlin] Database connection successful
[12-Mar-2025 17:40:06 Europe/Berlin] RequestController initialized successfully
[12-Mar-2025 17:40:06 Europe/Berlin] Handling request: Method=GET, Endpoint=requests/types
[12-Mar-2025 17:40:06 Europe/Berlin] Normalized endpoint: types
[12-Mar-2025 17:40:06 Europe/Berlin] Getting request types
[12-Mar-2025 17:40:06 Europe/Berlin] Fetching request types
[12-Mar-2025 17:40:06 Europe/Berlin] Executing request types query: SELECT type_id, name, description, requirements, processing_time FROM request_types WHERE is_active = 1 ORDER BY name
[12-Mar-2025 17:40:06 Europe/Berlin] Found 7 request types
[12-Mar-2025 17:40:06 Europe/Berlin] Successfully formatted 7 request types
[12-Mar-2025 17:40:29 Europe/Berlin] Attempting to connect to database: mysql:host=localhost;dbname=upang_link
[12-Mar-2025 17:40:29 Europe/Berlin] Database connection successful
[12-Mar-2025 17:40:29 Europe/Berlin] Initializing RequestController
[12-Mar-2025 17:40:29 Europe/Berlin] Attempting to connect to database: mysql:host=localhost;dbname=upang_link
[12-Mar-2025 17:40:29 Europe/Berlin] Database connection successful
[12-Mar-2025 17:40:29 Europe/Berlin] RequestController initialized successfully
[12-Mar-2025 17:40:29 Europe/Berlin] Handling request: Method=GET, Endpoint=requests/types
[12-Mar-2025 17:40:29 Europe/Berlin] Normalized endpoint: types
[12-Mar-2025 17:40:29 Europe/Berlin] Getting request types
[12-Mar-2025 17:40:29 Europe/Berlin] Fetching request types
[12-Mar-2025 17:40:29 Europe/Berlin] Executing request types query: SELECT type_id, name, description, requirements, processing_time FROM request_types WHERE is_active = 1 ORDER BY name
[12-Mar-2025 17:40:29 Europe/Berlin] Found 7 request types
[12-Mar-2025 17:40:29 Europe/Berlin] Successfully formatted 7 request types
[12-Mar-2025 17:42:16 Europe/Berlin] Attempting to connect to database: mysql:host=localhost;dbname=upang_link
[12-Mar-2025 17:42:16 Europe/Berlin] Database connection successful
[12-Mar-2025 17:42:16 Europe/Berlin] Initializing RequestController
[12-Mar-2025 17:42:16 Europe/Berlin] Attempting to connect to database: mysql:host=localhost;dbname=upang_link
[12-Mar-2025 17:42:16 Europe/Berlin] Database connection successful
[12-Mar-2025 17:42:16 Europe/Berlin] RequestController initialized successfully
[12-Mar-2025 17:42:16 Europe/Berlin] Handling request: Method=GET, Endpoint=requests/types
[12-Mar-2025 17:42:16 Europe/Berlin] Normalized endpoint: types
[12-Mar-2025 17:42:16 Europe/Berlin] Getting request types
[12-Mar-2025 17:42:16 Europe/Berlin] Fetching request types
[12-Mar-2025 17:42:16 Europe/Berlin] Executing request types query: SELECT type_id, name, description, requirements, processing_time FROM request_types WHERE is_active = 1 ORDER BY name
[12-Mar-2025 17:42:16 Europe/Berlin] Found 7 request types
[12-Mar-2025 17:42:16 Europe/Berlin] Successfully formatted 7 request types
[12-Mar-2025 17:52:57 Europe/Berlin] Attempting to connect to database: mysql:host=localhost;dbname=upang_link
[12-Mar-2025 17:52:57 Europe/Berlin] Database connection successful
[12-Mar-2025 17:52:57 Europe/Berlin] Validating session for token: 0bd9b52f3659baf9e1d0eb28d38c7a4d35ad0dba8878f2eee4a4ea957ce85d9c
[12-Mar-2025 17:52:57 Europe/Berlin] Executing query: SELECT us.*, u.email_verified 
                FROM user_sessions us
                JOIN users u ON us.user_id = u.user_id
                WHERE us.token = ? AND us.is_active = 1 AND us.expires_at > NOW()
[12-Mar-2025 17:52:57 Europe/Berlin] Query executed. Row count: 1
[12-Mar-2025 17:52:57 Europe/Berlin] Session found: {"session_id":1,"user_id":2,"token":"0bd9b52f3659baf9e1d0eb28d38c7a4d35ad0dba8878f2eee4a4ea957ce85d9c","device_info":"okhttp\/4.12.0","ip_address":"192.168.1.9","last_activity":"2025-03-12 09:42:09","expires_at":"2025-03-13 16:58:30","is_active":1,"created_at":"2025-03-12 08:58:30","email_verified":1}
[12-Mar-2025 17:52:57 Europe/Berlin] Updating session activity for token: 0bd9b52f3659baf9e1d0eb28d38c7a4d35ad0dba8878f2eee4a4ea957ce85d9c
[12-Mar-2025 17:52:57 Europe/Berlin] Session activity update result: success
[12-Mar-2025 17:53:01 Europe/Berlin] Attempting to connect to database: mysql:host=localhost;dbname=upang_link
[12-Mar-2025 17:53:01 Europe/Berlin] Database connection successful
[12-Mar-2025 17:53:01 Europe/Berlin] Attempting to connect to database: mysql:host=localhost;dbname=upang_link
[12-Mar-2025 17:53:01 Europe/Berlin] Database connection successful
[12-Mar-2025 17:53:01 Europe/Berlin] Initializing RequestController
[12-Mar-2025 17:53:01 Europe/Berlin] Attempting to connect to database: mysql:host=localhost;dbname=upang_link
[12-Mar-2025 17:53:01 Europe/Berlin] Validating session for token: 0bd9b52f3659baf9e1d0eb28d38c7a4d35ad0dba8878f2eee4a4ea957ce85d9c
[12-Mar-2025 17:53:01 Europe/Berlin] Executing query: SELECT us.*, u.email_verified 
                FROM user_sessions us
                JOIN users u ON us.user_id = u.user_id
                WHERE us.token = ? AND us.is_active = 1 AND us.expires_at > NOW()
[12-Mar-2025 17:53:01 Europe/Berlin] Database connection successful
[12-Mar-2025 17:53:01 Europe/Berlin] Query executed. Row count: 1
[12-Mar-2025 17:53:01 Europe/Berlin] Session found: {"session_id":1,"user_id":2,"token":"0bd9b52f3659baf9e1d0eb28d38c7a4d35ad0dba8878f2eee4a4ea957ce85d9c","device_info":"okhttp\/4.12.0","ip_address":"192.168.1.9","last_activity":"2025-03-12 09:53:01","expires_at":"2025-03-13 16:58:30","is_active":1,"created_at":"2025-03-12 08:58:30","email_verified":1}
[12-Mar-2025 17:53:01 Europe/Berlin] Updating session activity for token: 0bd9b52f3659baf9e1d0eb28d38c7a4d35ad0dba8878f2eee4a4ea957ce85d9c
[12-Mar-2025 17:53:01 Europe/Berlin] RequestController initialized successfully
[12-Mar-2025 17:53:01 Europe/Berlin] Handling request: Method=GET, Endpoint=requests/types
[12-Mar-2025 17:53:01 Europe/Berlin] Session activity update result: success
[12-Mar-2025 17:53:01 Europe/Berlin] Normalized endpoint: types
[12-Mar-2025 17:53:01 Europe/Berlin] Getting request types
[12-Mar-2025 17:53:01 Europe/Berlin] Fetching request types
[12-Mar-2025 17:53:01 Europe/Berlin] Executing request types query: SELECT type_id, name, description, requirements, processing_time FROM request_types WHERE is_active = 1 ORDER BY name
[12-Mar-2025 17:53:01 Europe/Berlin] Found 7 request types
[12-Mar-2025 17:53:01 Europe/Berlin] Successfully formatted 7 request types
[12-Mar-2025 17:53:01 Europe/Berlin] Initializing RequestController
[12-Mar-2025 17:53:01 Europe/Berlin] Attempting to connect to database: mysql:host=localhost;dbname=upang_link
[12-Mar-2025 17:53:01 Europe/Berlin] Database connection successful
[12-Mar-2025 17:53:01 Europe/Berlin] RequestController initialized successfully
[12-Mar-2025 17:53:01 Europe/Berlin] Handling request: Method=GET, Endpoint=requests/statistics
[12-Mar-2025 17:53:01 Europe/Berlin] Normalized endpoint: statistics
[12-Mar-2025 17:53:01 Europe/Berlin] Getting request statistics
[12-Mar-2025 17:53:07 Europe/Berlin] Attempting to connect to database: mysql:host=localhost;dbname=upang_link
[12-Mar-2025 17:53:07 Europe/Berlin] Database connection successful
[12-Mar-2025 17:53:07 Europe/Berlin] Initializing RequestController
[12-Mar-2025 17:53:07 Europe/Berlin] Attempting to connect to database: mysql:host=localhost;dbname=upang_link
[12-Mar-2025 17:53:07 Europe/Berlin] Database connection successful
[12-Mar-2025 17:53:07 Europe/Berlin] RequestController initialized successfully
[12-Mar-2025 17:53:07 Europe/Berlin] Handling request: Method=GET, Endpoint=requests/types
[12-Mar-2025 17:53:07 Europe/Berlin] Normalized endpoint: types
[12-Mar-2025 17:53:07 Europe/Berlin] Getting request types
[12-Mar-2025 17:53:07 Europe/Berlin] Fetching request types
[12-Mar-2025 17:53:07 Europe/Berlin] Executing request types query: SELECT type_id, name, description, requirements, processing_time FROM request_types WHERE is_active = 1 ORDER BY name
[12-Mar-2025 17:53:07 Europe/Berlin] Found 7 request types
[12-Mar-2025 17:53:07 Europe/Berlin] Successfully formatted 7 request types
[12-Mar-2025 17:55:15 Europe/Berlin] Attempting to connect to database: mysql:host=localhost;dbname=upang_link
[12-Mar-2025 17:55:15 Europe/Berlin] Database connection successful
[12-Mar-2025 17:55:15 Europe/Berlin] Initializing RequestController
[12-Mar-2025 17:55:15 Europe/Berlin] Attempting to connect to database: mysql:host=localhost;dbname=upang_link
[12-Mar-2025 17:55:15 Europe/Berlin] Database connection successful
[12-Mar-2025 17:55:15 Europe/Berlin] RequestController initialized successfully
[12-Mar-2025 17:55:15 Europe/Berlin] Handling request: Method=GET, Endpoint=requests/types
[12-Mar-2025 17:55:15 Europe/Berlin] Normalized endpoint: types
[12-Mar-2025 17:55:15 Europe/Berlin] Getting request types
[12-Mar-2025 17:55:15 Europe/Berlin] Fetching request types
[12-Mar-2025 17:55:15 Europe/Berlin] Executing request types query: SELECT type_id, name, description, requirements, processing_time FROM request_types WHERE is_active = 1 ORDER BY name
[12-Mar-2025 17:55:15 Europe/Berlin] Found 7 request types
[12-Mar-2025 17:55:15 Europe/Berlin] Successfully formatted 7 request types
[12-Mar-2025 17:56:14 Europe/Berlin] Attempting to connect to database: mysql:host=localhost;dbname=upang_link
[12-Mar-2025 17:56:14 Europe/Berlin] Database connection successful
[12-Mar-2025 17:56:14 Europe/Berlin] Initializing RequestController
[12-Mar-2025 17:56:14 Europe/Berlin] Attempting to connect to database: mysql:host=localhost;dbname=upang_link
[12-Mar-2025 17:56:14 Europe/Berlin] Database connection successful
[12-Mar-2025 17:56:14 Europe/Berlin] RequestController initialized successfully
[12-Mar-2025 17:56:14 Europe/Berlin] Handling request: Method=GET, Endpoint=requests/types
[12-Mar-2025 17:56:14 Europe/Berlin] Normalized endpoint: types
[12-Mar-2025 17:56:14 Europe/Berlin] Getting request types
[12-Mar-2025 17:56:14 Europe/Berlin] Fetching request types
[12-Mar-2025 17:56:14 Europe/Berlin] Executing request types query: SELECT type_id, name, description, requirements, processing_time FROM request_types WHERE is_active = 1 ORDER BY name
[12-Mar-2025 17:56:14 Europe/Berlin] Found 7 request types
[12-Mar-2025 17:56:14 Europe/Berlin] Successfully formatted 7 request types
[12-Mar-2025 18:13:32 Europe/Berlin] Attempting to connect to database: mysql:host=localhost;dbname=upang_link
[12-Mar-2025 18:13:32 Europe/Berlin] Database connection successful
[12-Mar-2025 18:13:32 Europe/Berlin] Validating session for token: 0bd9b52f3659baf9e1d0eb28d38c7a4d35ad0dba8878f2eee4a4ea957ce85d9c
[12-Mar-2025 18:13:32 Europe/Berlin] Executing query: SELECT us.*, u.email_verified 
                FROM user_sessions us
                JOIN users u ON us.user_id = u.user_id
                WHERE us.token = ? AND us.is_active = 1 AND us.expires_at > NOW()
[12-Mar-2025 18:13:32 Europe/Berlin] Query executed. Row count: 1
[12-Mar-2025 18:13:32 Europe/Berlin] Session found: {"session_id":1,"user_id":2,"token":"0bd9b52f3659baf9e1d0eb28d38c7a4d35ad0dba8878f2eee4a4ea957ce85d9c","device_info":"okhttp\/4.12.0","ip_address":"192.168.1.9","last_activity":"2025-03-12 09:56:11","expires_at":"2025-03-13 16:58:30","is_active":1,"created_at":"2025-03-12 08:58:30","email_verified":1}
[12-Mar-2025 18:13:32 Europe/Berlin] Updating session activity for token: 0bd9b52f3659baf9e1d0eb28d38c7a4d35ad0dba8878f2eee4a4ea957ce85d9c
[12-Mar-2025 18:13:32 Europe/Berlin] Session activity update result: success
[12-Mar-2025 18:13:40 Europe/Berlin] Attempting to connect to database: mysql:host=localhost;dbname=upang_link
[12-Mar-2025 18:13:40 Europe/Berlin] Attempting to connect to database: mysql:host=localhost;dbname=upang_link
[12-Mar-2025 18:13:40 Europe/Berlin] Database connection successful
[12-Mar-2025 18:13:40 Europe/Berlin] Database connection successful
[12-Mar-2025 18:13:40 Europe/Berlin] Validating session for token: 0bd9b52f3659baf9e1d0eb28d38c7a4d35ad0dba8878f2eee4a4ea957ce85d9c
[12-Mar-2025 18:13:40 Europe/Berlin] Executing query: SELECT us.*, u.email_verified 
                FROM user_sessions us
                JOIN users u ON us.user_id = u.user_id
                WHERE us.token = ? AND us.is_active = 1 AND us.expires_at > NOW()
[12-Mar-2025 18:13:40 Europe/Berlin] Initializing RequestController
[12-Mar-2025 18:13:40 Europe/Berlin] Query executed. Row count: 1
[12-Mar-2025 18:13:40 Europe/Berlin] Attempting to connect to database: mysql:host=localhost;dbname=upang_link
[12-Mar-2025 18:13:40 Europe/Berlin] Session found: {"session_id":1,"user_id":2,"token":"0bd9b52f3659baf9e1d0eb28d38c7a4d35ad0dba8878f2eee4a4ea957ce85d9c","device_info":"okhttp\/4.12.0","ip_address":"192.168.1.9","last_activity":"2025-03-12 10:13:40","expires_at":"2025-03-13 16:58:30","is_active":1,"created_at":"2025-03-12 08:58:30","email_verified":1}
[12-Mar-2025 18:13:40 Europe/Berlin] Updating session activity for token: 0bd9b52f3659baf9e1d0eb28d38c7a4d35ad0dba8878f2eee4a4ea957ce85d9c
[12-Mar-2025 18:13:40 Europe/Berlin] Database connection successful
[12-Mar-2025 18:13:40 Europe/Berlin] RequestController initialized successfully
[12-Mar-2025 18:13:40 Europe/Berlin] Handling request: Method=GET, Endpoint=requests/types
[12-Mar-2025 18:13:40 Europe/Berlin] Normalized endpoint: types
[12-Mar-2025 18:13:40 Europe/Berlin] Getting request types
[12-Mar-2025 18:13:40 Europe/Berlin] Fetching request types
[12-Mar-2025 18:13:40 Europe/Berlin] Executing request types query: SELECT type_id, name, description, requirements, processing_time FROM request_types WHERE is_active = 1 ORDER BY name
[12-Mar-2025 18:13:40 Europe/Berlin] Session activity update result: success
[12-Mar-2025 18:13:40 Europe/Berlin] Found 7 request types
[12-Mar-2025 18:13:40 Europe/Berlin] Successfully formatted 7 request types
[12-Mar-2025 18:13:40 Europe/Berlin] Initializing RequestController
[12-Mar-2025 18:13:40 Europe/Berlin] Attempting to connect to database: mysql:host=localhost;dbname=upang_link
[12-Mar-2025 18:13:40 Europe/Berlin] Database connection successful
[12-Mar-2025 18:13:40 Europe/Berlin] RequestController initialized successfully
[12-Mar-2025 18:13:40 Europe/Berlin] Handling request: Method=GET, Endpoint=requests/statistics
[12-Mar-2025 18:13:40 Europe/Berlin] Normalized endpoint: statistics
[12-Mar-2025 18:13:40 Europe/Berlin] Getting request statistics
[12-Mar-2025 18:13:41 Europe/Berlin] Attempting to connect to database: mysql:host=localhost;dbname=upang_link
[12-Mar-2025 18:13:41 Europe/Berlin] Database connection successful
[12-Mar-2025 18:13:41 Europe/Berlin] Initializing RequestController
[12-Mar-2025 18:13:41 Europe/Berlin] Attempting to connect to database: mysql:host=localhost;dbname=upang_link
[12-Mar-2025 18:13:41 Europe/Berlin] Database connection successful
[12-Mar-2025 18:13:41 Europe/Berlin] RequestController initialized successfully
[12-Mar-2025 18:13:41 Europe/Berlin] Handling request: Method=GET, Endpoint=requests/types
[12-Mar-2025 18:13:41 Europe/Berlin] Normalized endpoint: types
[12-Mar-2025 18:13:41 Europe/Berlin] Getting request types
[12-Mar-2025 18:13:41 Europe/Berlin] Fetching request types
[12-Mar-2025 18:13:41 Europe/Berlin] Executing request types query: SELECT type_id, name, description, requirements, processing_time FROM request_types WHERE is_active = 1 ORDER BY name
[12-Mar-2025 18:13:41 Europe/Berlin] Found 7 request types
[12-Mar-2025 18:13:41 Europe/Berlin] Successfully formatted 7 request types
[13-Mar-2025 02:26:49 Europe/Berlin] Attempting to connect to database: mysql:host=localhost;dbname=upang_link
[13-Mar-2025 02:26:49 Europe/Berlin] Database connection successful
[13-Mar-2025 02:26:49 Europe/Berlin] Validating session for token: 0bd9b52f3659baf9e1d0eb28d38c7a4d35ad0dba8878f2eee4a4ea957ce85d9c
[13-Mar-2025 02:26:49 Europe/Berlin] Executing query: SELECT us.*, u.email_verified 
                FROM user_sessions us
                JOIN users u ON us.user_id = u.user_id
                WHERE us.token = ? AND us.is_active = 1 AND us.expires_at > NOW()
[13-Mar-2025 02:26:49 Europe/Berlin] Query executed. Row count: 1
[13-Mar-2025 02:26:49 Europe/Berlin] Session found: {"session_id":1,"user_id":2,"token":"0bd9b52f3659baf9e1d0eb28d38c7a4d35ad0dba8878f2eee4a4ea957ce85d9c","device_info":"okhttp\/4.12.0","ip_address":"192.168.1.9","last_activity":"2025-03-12 10:13:40","expires_at":"2025-03-13 16:58:30","is_active":1,"created_at":"2025-03-12 08:58:30","email_verified":1}
[13-Mar-2025 02:26:49 Europe/Berlin] Updating session activity for token: 0bd9b52f3659baf9e1d0eb28d38c7a4d35ad0dba8878f2eee4a4ea957ce85d9c
[13-Mar-2025 02:26:49 Europe/Berlin] Session activity update result: success
[13-Mar-2025 02:26:51 Europe/Berlin] Attempting to connect to database: mysql:host=localhost;dbname=upang_link
[13-Mar-2025 02:26:51 Europe/Berlin] Database connection successful
[13-Mar-2025 02:26:51 Europe/Berlin] Initializing RequestController
[13-Mar-2025 02:26:51 Europe/Berlin] Attempting to connect to database: mysql:host=localhost;dbname=upang_link
[13-Mar-2025 02:26:51 Europe/Berlin] Database connection successful
[13-Mar-2025 02:26:51 Europe/Berlin] RequestController initialized successfully
[13-Mar-2025 02:26:51 Europe/Berlin] Handling request: Method=GET, Endpoint=requests/types
[13-Mar-2025 02:26:51 Europe/Berlin] Normalized endpoint: types
[13-Mar-2025 02:26:51 Europe/Berlin] Attempting to connect to database: mysql:host=localhost;dbname=upang_link
[13-Mar-2025 02:26:51 Europe/Berlin] Getting request types
[13-Mar-2025 02:26:51 Europe/Berlin] Fetching request types
[13-Mar-2025 02:26:51 Europe/Berlin] Executing request types query: SELECT type_id, name, description, requirements, processing_time FROM request_types WHERE is_active = 1 ORDER BY name
[13-Mar-2025 02:26:51 Europe/Berlin] Database connection successful
[13-Mar-2025 02:26:51 Europe/Berlin] Found 7 request types
[13-Mar-2025 02:26:51 Europe/Berlin] Successfully formatted 7 request types
[13-Mar-2025 02:26:51 Europe/Berlin] Validating session for token: 0bd9b52f3659baf9e1d0eb28d38c7a4d35ad0dba8878f2eee4a4ea957ce85d9c
[13-Mar-2025 02:26:51 Europe/Berlin] Executing query: SELECT us.*, u.email_verified 
                FROM user_sessions us
                JOIN users u ON us.user_id = u.user_id
                WHERE us.token = ? AND us.is_active = 1 AND us.expires_at > NOW()
[13-Mar-2025 02:26:51 Europe/Berlin] Query executed. Row count: 1
[13-Mar-2025 02:26:51 Europe/Berlin] Session found: {"session_id":1,"user_id":2,"token":"0bd9b52f3659baf9e1d0eb28d38c7a4d35ad0dba8878f2eee4a4ea957ce85d9c","device_info":"okhttp\/4.12.0","ip_address":"192.168.1.9","last_activity":"2025-03-12 18:26:51","expires_at":"2025-03-13 16:58:30","is_active":1,"created_at":"2025-03-12 08:58:30","email_verified":1}
[13-Mar-2025 02:26:51 Europe/Berlin] Updating session activity for token: 0bd9b52f3659baf9e1d0eb28d38c7a4d35ad0dba8878f2eee4a4ea957ce85d9c
[13-Mar-2025 02:26:51 Europe/Berlin] Session activity update result: success
[13-Mar-2025 02:26:51 Europe/Berlin] Initializing RequestController
[13-Mar-2025 02:26:51 Europe/Berlin] Attempting to connect to database: mysql:host=localhost;dbname=upang_link
[13-Mar-2025 02:26:51 Europe/Berlin] Database connection successful
[13-Mar-2025 02:26:51 Europe/Berlin] RequestController initialized successfully
[13-Mar-2025 02:26:51 Europe/Berlin] Handling request: Method=GET, Endpoint=requests/statistics
[13-Mar-2025 02:26:51 Europe/Berlin] Normalized endpoint: statistics
[13-Mar-2025 02:26:51 Europe/Berlin] Getting request statistics
[13-Mar-2025 02:26:52 Europe/Berlin] Attempting to connect to database: mysql:host=localhost;dbname=upang_link
[13-Mar-2025 02:26:52 Europe/Berlin] Database connection successful
[13-Mar-2025 02:26:52 Europe/Berlin] Initializing RequestController
[13-Mar-2025 02:26:52 Europe/Berlin] Attempting to connect to database: mysql:host=localhost;dbname=upang_link
[13-Mar-2025 02:26:52 Europe/Berlin] Database connection successful
[13-Mar-2025 02:26:52 Europe/Berlin] RequestController initialized successfully
[13-Mar-2025 02:26:52 Europe/Berlin] Handling request: Method=GET, Endpoint=requests/types
[13-Mar-2025 02:26:52 Europe/Berlin] Normalized endpoint: types
[13-Mar-2025 02:26:52 Europe/Berlin] Getting request types
[13-Mar-2025 02:26:52 Europe/Berlin] Fetching request types
[13-Mar-2025 02:26:52 Europe/Berlin] Executing request types query: SELECT type_id, name, description, requirements, processing_time FROM request_types WHERE is_active = 1 ORDER BY name
[13-Mar-2025 02:26:52 Europe/Berlin] Found 7 request types
[13-Mar-2025 02:26:52 Europe/Berlin] Successfully formatted 7 request types
[13-Mar-2025 02:55:56 Europe/Berlin] Attempting to connect to database: mysql:host=localhost;dbname=upang_link
[13-Mar-2025 02:55:56 Europe/Berlin] Database connection successful
[13-Mar-2025 02:55:56 Europe/Berlin] Validating session for token: 0bd9b52f3659baf9e1d0eb28d38c7a4d35ad0dba8878f2eee4a4ea957ce85d9c
[13-Mar-2025 02:55:56 Europe/Berlin] Executing query: SELECT us.*, u.email_verified 
                FROM user_sessions us
                JOIN users u ON us.user_id = u.user_id
                WHERE us.token = ? AND us.is_active = 1 AND us.expires_at > NOW()
[13-Mar-2025 02:55:56 Europe/Berlin] Query executed. Row count: 1
[13-Mar-2025 02:55:56 Europe/Berlin] Session found: {"session_id":1,"user_id":2,"token":"0bd9b52f3659baf9e1d0eb28d38c7a4d35ad0dba8878f2eee4a4ea957ce85d9c","device_info":"okhttp\/4.12.0","ip_address":"192.168.1.9","last_activity":"2025-03-12 18:26:52","expires_at":"2025-03-13 16:58:30","is_active":1,"created_at":"2025-03-12 08:58:30","email_verified":1}
[13-Mar-2025 02:55:56 Europe/Berlin] Updating session activity for token: 0bd9b52f3659baf9e1d0eb28d38c7a4d35ad0dba8878f2eee4a4ea957ce85d9c
[13-Mar-2025 02:55:56 Europe/Berlin] Session activity update result: success
[13-Mar-2025 02:57:19 Europe/Berlin] Attempting to connect to database: mysql:host=localhost;dbname=upang_link
[13-Mar-2025 02:57:19 Europe/Berlin] Database connection successful
[13-Mar-2025 02:57:19 Europe/Berlin] Initializing RequestController
[13-Mar-2025 02:57:19 Europe/Berlin] Attempting to connect to database: mysql:host=localhost;dbname=upang_link
[13-Mar-2025 02:57:19 Europe/Berlin] Database connection successful
[13-Mar-2025 02:57:19 Europe/Berlin] RequestController initialized successfully
[13-Mar-2025 02:57:19 Europe/Berlin] Handling request: Method=GET, Endpoint=requests/types
[13-Mar-2025 02:57:19 Europe/Berlin] Normalized endpoint: types
[13-Mar-2025 02:57:19 Europe/Berlin] Getting request types
[13-Mar-2025 02:57:19 Europe/Berlin] Fetching request types
[13-Mar-2025 02:57:19 Europe/Berlin] Executing request types query: SELECT type_id, name, description, requirements, processing_time FROM request_types WHERE is_active = 1 ORDER BY name
[13-Mar-2025 02:57:19 Europe/Berlin] Found 7 request types
[13-Mar-2025 02:57:19 Europe/Berlin] Successfully formatted 7 request types
[13-Mar-2025 02:57:19 Europe/Berlin] Attempting to connect to database: mysql:host=localhost;dbname=upang_link
[13-Mar-2025 02:57:19 Europe/Berlin] Database connection successful
[13-Mar-2025 02:57:19 Europe/Berlin] Validating session for token: 0bd9b52f3659baf9e1d0eb28d38c7a4d35ad0dba8878f2eee4a4ea957ce85d9c
[13-Mar-2025 02:57:19 Europe/Berlin] Executing query: SELECT us.*, u.email_verified 
                FROM user_sessions us
                JOIN users u ON us.user_id = u.user_id
                WHERE us.token = ? AND us.is_active = 1 AND us.expires_at > NOW()
[13-Mar-2025 02:57:19 Europe/Berlin] Query executed. Row count: 1
[13-Mar-2025 02:57:19 Europe/Berlin] Session found: {"session_id":1,"user_id":2,"token":"0bd9b52f3659baf9e1d0eb28d38c7a4d35ad0dba8878f2eee4a4ea957ce85d9c","device_info":"okhttp\/4.12.0","ip_address":"192.168.1.9","last_activity":"2025-03-12 18:57:19","expires_at":"2025-03-13 16:58:30","is_active":1,"created_at":"2025-03-12 08:58:30","email_verified":1}
[13-Mar-2025 02:57:19 Europe/Berlin] Updating session activity for token: 0bd9b52f3659baf9e1d0eb28d38c7a4d35ad0dba8878f2eee4a4ea957ce85d9c
[13-Mar-2025 02:57:19 Europe/Berlin] Session activity update result: success
[13-Mar-2025 02:57:19 Europe/Berlin] Initializing RequestController
[13-Mar-2025 02:57:19 Europe/Berlin] Attempting to connect to database: mysql:host=localhost;dbname=upang_link
[13-Mar-2025 02:57:19 Europe/Berlin] Database connection successful
[13-Mar-2025 02:57:19 Europe/Berlin] RequestController initialized successfully
[13-Mar-2025 02:57:19 Europe/Berlin] Handling request: Method=GET, Endpoint=requests/statistics
[13-Mar-2025 02:57:19 Europe/Berlin] Normalized endpoint: statistics
[13-Mar-2025 02:57:19 Europe/Berlin] Getting request statistics
[13-Mar-2025 02:57:20 Europe/Berlin] Attempting to connect to database: mysql:host=localhost;dbname=upang_link
[13-Mar-2025 02:57:20 Europe/Berlin] Database connection successful
[13-Mar-2025 02:57:20 Europe/Berlin] Initializing RequestController
[13-Mar-2025 02:57:20 Europe/Berlin] Attempting to connect to database: mysql:host=localhost;dbname=upang_link
[13-Mar-2025 02:57:20 Europe/Berlin] Database connection successful
[13-Mar-2025 02:57:20 Europe/Berlin] RequestController initialized successfully
[13-Mar-2025 02:57:20 Europe/Berlin] Handling request: Method=GET, Endpoint=requests/types
[13-Mar-2025 02:57:20 Europe/Berlin] Normalized endpoint: types
[13-Mar-2025 02:57:20 Europe/Berlin] Getting request types
[13-Mar-2025 02:57:20 Europe/Berlin] Fetching request types
[13-Mar-2025 02:57:20 Europe/Berlin] Executing request types query: SELECT type_id, name, description, requirements, processing_time FROM request_types WHERE is_active = 1 ORDER BY name
[13-Mar-2025 02:57:20 Europe/Berlin] Found 7 request types
[13-Mar-2025 02:57:20 Europe/Berlin] Successfully formatted 7 request types
[13-Mar-2025 03:07:55 Europe/Berlin] Attempting to connect to database: mysql:host=localhost;dbname=upang_link
[13-Mar-2025 03:07:55 Europe/Berlin] Database connection successful
[13-Mar-2025 03:07:55 Europe/Berlin] Validating session for token: 0bd9b52f3659baf9e1d0eb28d38c7a4d35ad0dba8878f2eee4a4ea957ce85d9c
[13-Mar-2025 03:07:55 Europe/Berlin] Executing query: SELECT us.*, u.email_verified 
                FROM user_sessions us
                JOIN users u ON us.user_id = u.user_id
                WHERE us.token = ? AND us.is_active = 1 AND us.expires_at > NOW()
[13-Mar-2025 03:07:55 Europe/Berlin] Query executed. Row count: 1
[13-Mar-2025 03:07:55 Europe/Berlin] Session found: {"session_id":1,"user_id":2,"token":"0bd9b52f3659baf9e1d0eb28d38c7a4d35ad0dba8878f2eee4a4ea957ce85d9c","device_info":"okhttp\/4.12.0","ip_address":"192.168.1.9","last_activity":"2025-03-12 18:57:20","expires_at":"2025-03-13 16:58:30","is_active":1,"created_at":"2025-03-12 08:58:30","email_verified":1}
[13-Mar-2025 03:07:55 Europe/Berlin] Updating session activity for token: 0bd9b52f3659baf9e1d0eb28d38c7a4d35ad0dba8878f2eee4a4ea957ce85d9c
[13-Mar-2025 03:07:55 Europe/Berlin] Session activity update result: success
[13-Mar-2025 03:07:57 Europe/Berlin] Attempting to connect to database: mysql:host=localhost;dbname=upang_link
[13-Mar-2025 03:07:57 Europe/Berlin] Attempting to connect to database: mysql:host=localhost;dbname=upang_link
[13-Mar-2025 03:07:57 Europe/Berlin] Database connection successful
[13-Mar-2025 03:07:57 Europe/Berlin] Database connection successful
[13-Mar-2025 03:07:57 Europe/Berlin] Validating session for token: 0bd9b52f3659baf9e1d0eb28d38c7a4d35ad0dba8878f2eee4a4ea957ce85d9c
[13-Mar-2025 03:07:57 Europe/Berlin] Executing query: SELECT us.*, u.email_verified 
                FROM user_sessions us
                JOIN users u ON us.user_id = u.user_id
                WHERE us.token = ? AND us.is_active = 1 AND us.expires_at > NOW()
[13-Mar-2025 03:07:57 Europe/Berlin] Query executed. Row count: 1
[13-Mar-2025 03:07:57 Europe/Berlin] Session found: {"session_id":1,"user_id":2,"token":"0bd9b52f3659baf9e1d0eb28d38c7a4d35ad0dba8878f2eee4a4ea957ce85d9c","device_info":"okhttp\/4.12.0","ip_address":"192.168.1.9","last_activity":"2025-03-12 19:07:57","expires_at":"2025-03-13 16:58:30","is_active":1,"created_at":"2025-03-12 08:58:30","email_verified":1}
[13-Mar-2025 03:07:57 Europe/Berlin] Updating session activity for token: 0bd9b52f3659baf9e1d0eb28d38c7a4d35ad0dba8878f2eee4a4ea957ce85d9c
[13-Mar-2025 03:07:57 Europe/Berlin] Session activity update result: success
[13-Mar-2025 03:07:57 Europe/Berlin] Initializing RequestController
[13-Mar-2025 03:07:57 Europe/Berlin] Attempting to connect to database: mysql:host=localhost;dbname=upang_link
[13-Mar-2025 03:07:57 Europe/Berlin] Database connection successful
[13-Mar-2025 03:07:57 Europe/Berlin] RequestController initialized successfully
[13-Mar-2025 03:07:57 Europe/Berlin] Handling request: Method=GET, Endpoint=requests/types
[13-Mar-2025 03:07:57 Europe/Berlin] Normalized endpoint: types
[13-Mar-2025 03:07:57 Europe/Berlin] Getting request types
[13-Mar-2025 03:07:57 Europe/Berlin] Fetching request types
[13-Mar-2025 03:07:57 Europe/Berlin] Executing request types query: SELECT type_id, name, description, requirements, processing_time FROM request_types WHERE is_active = 1 ORDER BY name
[13-Mar-2025 03:07:57 Europe/Berlin] Initializing RequestController
[13-Mar-2025 03:07:57 Europe/Berlin] Attempting to connect to database: mysql:host=localhost;dbname=upang_link
[13-Mar-2025 03:07:57 Europe/Berlin] Found 7 request types
[13-Mar-2025 03:07:57 Europe/Berlin] Successfully formatted 7 request types
[13-Mar-2025 03:07:57 Europe/Berlin] Database connection successful
[13-Mar-2025 03:07:57 Europe/Berlin] RequestController initialized successfully
[13-Mar-2025 03:07:57 Europe/Berlin] Handling request: Method=GET, Endpoint=requests/statistics
[13-Mar-2025 03:07:57 Europe/Berlin] Normalized endpoint: statistics
[13-Mar-2025 03:07:57 Europe/Berlin] Getting request statistics
[13-Mar-2025 03:07:58 Europe/Berlin] Attempting to connect to database: mysql:host=localhost;dbname=upang_link
[13-Mar-2025 03:07:58 Europe/Berlin] Database connection successful
[13-Mar-2025 03:07:58 Europe/Berlin] Initializing RequestController
[13-Mar-2025 03:07:58 Europe/Berlin] Attempting to connect to database: mysql:host=localhost;dbname=upang_link
[13-Mar-2025 03:07:58 Europe/Berlin] Database connection successful
[13-Mar-2025 03:07:58 Europe/Berlin] RequestController initialized successfully
[13-Mar-2025 03:07:58 Europe/Berlin] Handling request: Method=GET, Endpoint=requests/types
[13-Mar-2025 03:07:58 Europe/Berlin] Normalized endpoint: types
[13-Mar-2025 03:07:58 Europe/Berlin] Getting request types
[13-Mar-2025 03:07:58 Europe/Berlin] Fetching request types
[13-Mar-2025 03:07:58 Europe/Berlin] Executing request types query: SELECT type_id, name, description, requirements, processing_time FROM request_types WHERE is_active = 1 ORDER BY name
[13-Mar-2025 03:07:58 Europe/Berlin] Found 7 request types
[13-Mar-2025 03:07:58 Europe/Berlin] Successfully formatted 7 request types
[13-Mar-2025 03:16:00 Europe/Berlin] Attempting to connect to database: mysql:host=localhost;dbname=upang_link
[13-Mar-2025 03:16:00 Europe/Berlin] Database connection successful
[13-Mar-2025 03:16:00 Europe/Berlin] Validating session for token: 0bd9b52f3659baf9e1d0eb28d38c7a4d35ad0dba8878f2eee4a4ea957ce85d9c
[13-Mar-2025 03:16:00 Europe/Berlin] Executing query: SELECT us.*, u.email_verified 
                FROM user_sessions us
                JOIN users u ON us.user_id = u.user_id
                WHERE us.token = ? AND us.is_active = 1 AND us.expires_at > NOW()
[13-Mar-2025 03:16:00 Europe/Berlin] Query executed. Row count: 1
[13-Mar-2025 03:16:00 Europe/Berlin] Session found: {"session_id":1,"user_id":2,"token":"0bd9b52f3659baf9e1d0eb28d38c7a4d35ad0dba8878f2eee4a4ea957ce85d9c","device_info":"okhttp\/4.12.0","ip_address":"192.168.1.9","last_activity":"2025-03-12 19:07:58","expires_at":"2025-03-13 16:58:30","is_active":1,"created_at":"2025-03-12 08:58:30","email_verified":1}
[13-Mar-2025 03:16:00 Europe/Berlin] Updating session activity for token: 0bd9b52f3659baf9e1d0eb28d38c7a4d35ad0dba8878f2eee4a4ea957ce85d9c
[13-Mar-2025 03:16:00 Europe/Berlin] Session activity update result: success
[13-Mar-2025 03:16:03 Europe/Berlin] Attempting to connect to database: mysql:host=localhost;dbname=upang_link
[13-Mar-2025 03:16:03 Europe/Berlin] Database connection successful
[13-Mar-2025 03:16:03 Europe/Berlin] Attempting to connect to database: mysql:host=localhost;dbname=upang_link
[13-Mar-2025 03:16:03 Europe/Berlin] Initializing RequestController
[13-Mar-2025 03:16:03 Europe/Berlin] Attempting to connect to database: mysql:host=localhost;dbname=upang_link
[13-Mar-2025 03:16:03 Europe/Berlin] Database connection successful
[13-Mar-2025 03:16:03 Europe/Berlin] Database connection successful
[13-Mar-2025 03:16:03 Europe/Berlin] RequestController initialized successfully
[13-Mar-2025 03:16:03 Europe/Berlin] Handling request: Method=GET, Endpoint=requests/types
[13-Mar-2025 03:16:03 Europe/Berlin] Normalized endpoint: types
[13-Mar-2025 03:16:03 Europe/Berlin] Getting request types
[13-Mar-2025 03:16:03 Europe/Berlin] Fetching request types
[13-Mar-2025 03:16:03 Europe/Berlin] Executing request types query: SELECT type_id, name, description, requirements, processing_time FROM request_types WHERE is_active = 1 ORDER BY name
[13-Mar-2025 03:16:03 Europe/Berlin] Found 7 request types
[13-Mar-2025 03:16:03 Europe/Berlin] Successfully formatted 7 request types
[13-Mar-2025 03:16:03 Europe/Berlin] Validating session for token: 0bd9b52f3659baf9e1d0eb28d38c7a4d35ad0dba8878f2eee4a4ea957ce85d9c
[13-Mar-2025 03:16:03 Europe/Berlin] Executing query: SELECT us.*, u.email_verified 
                FROM user_sessions us
                JOIN users u ON us.user_id = u.user_id
                WHERE us.token = ? AND us.is_active = 1 AND us.expires_at > NOW()
[13-Mar-2025 03:16:03 Europe/Berlin] Query executed. Row count: 1
[13-Mar-2025 03:16:03 Europe/Berlin] Session found: {"session_id":1,"user_id":2,"token":"0bd9b52f3659baf9e1d0eb28d38c7a4d35ad0dba8878f2eee4a4ea957ce85d9c","device_info":"okhttp\/4.12.0","ip_address":"192.168.1.9","last_activity":"2025-03-12 19:16:03","expires_at":"2025-03-13 16:58:30","is_active":1,"created_at":"2025-03-12 08:58:30","email_verified":1}
[13-Mar-2025 03:16:03 Europe/Berlin] Updating session activity for token: 0bd9b52f3659baf9e1d0eb28d38c7a4d35ad0dba8878f2eee4a4ea957ce85d9c
[13-Mar-2025 03:16:03 Europe/Berlin] Session activity update result: success
[13-Mar-2025 03:16:03 Europe/Berlin] Initializing RequestController
[13-Mar-2025 03:16:03 Europe/Berlin] Attempting to connect to database: mysql:host=localhost;dbname=upang_link
[13-Mar-2025 03:16:03 Europe/Berlin] Database connection successful
[13-Mar-2025 03:16:03 Europe/Berlin] RequestController initialized successfully
[13-Mar-2025 03:16:03 Europe/Berlin] Handling request: Method=GET, Endpoint=requests/statistics
[13-Mar-2025 03:16:03 Europe/Berlin] Normalized endpoint: statistics
[13-Mar-2025 03:16:03 Europe/Berlin] Getting request statistics
[13-Mar-2025 03:16:04 Europe/Berlin] Attempting to connect to database: mysql:host=localhost;dbname=upang_link
[13-Mar-2025 03:16:04 Europe/Berlin] Database connection successful
[13-Mar-2025 03:16:04 Europe/Berlin] Initializing RequestController
[13-Mar-2025 03:16:04 Europe/Berlin] Attempting to connect to database: mysql:host=localhost;dbname=upang_link
[13-Mar-2025 03:16:04 Europe/Berlin] Database connection successful
[13-Mar-2025 03:16:04 Europe/Berlin] RequestController initialized successfully
[13-Mar-2025 03:16:04 Europe/Berlin] Handling request: Method=GET, Endpoint=requests/types
[13-Mar-2025 03:16:04 Europe/Berlin] Normalized endpoint: types
[13-Mar-2025 03:16:04 Europe/Berlin] Getting request types
[13-Mar-2025 03:16:04 Europe/Berlin] Fetching request types
[13-Mar-2025 03:16:04 Europe/Berlin] Executing request types query: SELECT type_id, name, description, requirements, processing_time FROM request_types WHERE is_active = 1 ORDER BY name
[13-Mar-2025 03:16:04 Europe/Berlin] Found 7 request types
[13-Mar-2025 03:16:04 Europe/Berlin] Successfully formatted 7 request types
[13-Mar-2025 03:16:21 Europe/Berlin] Attempting to connect to database: mysql:host=localhost;dbname=upang_link
[13-Mar-2025 03:16:21 Europe/Berlin] Database connection successful
[13-Mar-2025 03:16:21 Europe/Berlin] Validating session for token: 0bd9b52f3659baf9e1d0eb28d38c7a4d35ad0dba8878f2eee4a4ea957ce85d9c
[13-Mar-2025 03:16:21 Europe/Berlin] Executing query: SELECT us.*, u.email_verified 
                FROM user_sessions us
                JOIN users u ON us.user_id = u.user_id
                WHERE us.token = ? AND us.is_active = 1 AND us.expires_at > NOW()
[13-Mar-2025 03:16:21 Europe/Berlin] Query executed. Row count: 1
[13-Mar-2025 03:16:21 Europe/Berlin] Session found: {"session_id":1,"user_id":2,"token":"0bd9b52f3659baf9e1d0eb28d38c7a4d35ad0dba8878f2eee4a4ea957ce85d9c","device_info":"okhttp\/4.12.0","ip_address":"192.168.1.9","last_activity":"2025-03-12 19:16:03","expires_at":"2025-03-13 16:58:30","is_active":1,"created_at":"2025-03-12 08:58:30","email_verified":1}
[13-Mar-2025 03:16:21 Europe/Berlin] Updating session activity for token: 0bd9b52f3659baf9e1d0eb28d38c7a4d35ad0dba8878f2eee4a4ea957ce85d9c
[13-Mar-2025 03:16:21 Europe/Berlin] Session activity update result: success
[13-Mar-2025 03:16:23 Europe/Berlin] Attempting to connect to database: mysql:host=localhost;dbname=upang_link
[13-Mar-2025 03:16:23 Europe/Berlin] Database connection successful
[13-Mar-2025 03:16:23 Europe/Berlin] Validating session for token: 0bd9b52f3659baf9e1d0eb28d38c7a4d35ad0dba8878f2eee4a4ea957ce85d9c
[13-Mar-2025 03:16:23 Europe/Berlin] Executing query: SELECT us.*, u.email_verified 
                FROM user_sessions us
                JOIN users u ON us.user_id = u.user_id
                WHERE us.token = ? AND us.is_active = 1 AND us.expires_at > NOW()
[13-Mar-2025 03:16:23 Europe/Berlin] Attempting to connect to database: mysql:host=localhost;dbname=upang_link
[13-Mar-2025 03:16:23 Europe/Berlin] Query executed. Row count: 1
[13-Mar-2025 03:16:23 Europe/Berlin] Session found: {"session_id":1,"user_id":2,"token":"0bd9b52f3659baf9e1d0eb28d38c7a4d35ad0dba8878f2eee4a4ea957ce85d9c","device_info":"okhttp\/4.12.0","ip_address":"192.168.1.9","last_activity":"2025-03-12 19:16:23","expires_at":"2025-03-13 16:58:30","is_active":1,"created_at":"2025-03-12 08:58:30","email_verified":1}
[13-Mar-2025 03:16:23 Europe/Berlin] Updating session activity for token: 0bd9b52f3659baf9e1d0eb28d38c7a4d35ad0dba8878f2eee4a4ea957ce85d9c
[13-Mar-2025 03:16:23 Europe/Berlin] Session activity update result: success
[13-Mar-2025 03:16:23 Europe/Berlin] Database connection successful
[13-Mar-2025 03:16:23 Europe/Berlin] Initializing RequestController
[13-Mar-2025 03:16:23 Europe/Berlin] Attempting to connect to database: mysql:host=localhost;dbname=upang_link
[13-Mar-2025 03:16:23 Europe/Berlin] Database connection successful
[13-Mar-2025 03:16:23 Europe/Berlin] RequestController initialized successfully
[13-Mar-2025 03:16:23 Europe/Berlin] Handling request: Method=GET, Endpoint=requests/statistics
[13-Mar-2025 03:16:23 Europe/Berlin] Normalized endpoint: statistics
[13-Mar-2025 03:16:23 Europe/Berlin] Getting request statistics
[13-Mar-2025 03:16:23 Europe/Berlin] Initializing RequestController
[13-Mar-2025 03:16:23 Europe/Berlin] Attempting to connect to database: mysql:host=localhost;dbname=upang_link
[13-Mar-2025 03:16:23 Europe/Berlin] Database connection successful
[13-Mar-2025 03:16:23 Europe/Berlin] RequestController initialized successfully
[13-Mar-2025 03:16:23 Europe/Berlin] Handling request: Method=GET, Endpoint=requests/types
[13-Mar-2025 03:16:23 Europe/Berlin] Normalized endpoint: types
[13-Mar-2025 03:16:23 Europe/Berlin] Getting request types
[13-Mar-2025 03:16:23 Europe/Berlin] Fetching request types
[13-Mar-2025 03:16:23 Europe/Berlin] Executing request types query: SELECT type_id, name, description, requirements, processing_time FROM request_types WHERE is_active = 1 ORDER BY name
[13-Mar-2025 03:16:23 Europe/Berlin] Found 7 request types
[13-Mar-2025 03:16:23 Europe/Berlin] Successfully formatted 7 request types
[13-Mar-2025 03:16:24 Europe/Berlin] Attempting to connect to database: mysql:host=localhost;dbname=upang_link
[13-Mar-2025 03:16:24 Europe/Berlin] Database connection successful
[13-Mar-2025 03:16:24 Europe/Berlin] Initializing RequestController
[13-Mar-2025 03:16:24 Europe/Berlin] Attempting to connect to database: mysql:host=localhost;dbname=upang_link
[13-Mar-2025 03:16:24 Europe/Berlin] Database connection successful
[13-Mar-2025 03:16:24 Europe/Berlin] RequestController initialized successfully
[13-Mar-2025 03:16:24 Europe/Berlin] Handling request: Method=GET, Endpoint=requests/types
[13-Mar-2025 03:16:24 Europe/Berlin] Normalized endpoint: types
[13-Mar-2025 03:16:24 Europe/Berlin] Getting request types
[13-Mar-2025 03:16:24 Europe/Berlin] Fetching request types
[13-Mar-2025 03:16:24 Europe/Berlin] Executing request types query: SELECT type_id, name, description, requirements, processing_time FROM request_types WHERE is_active = 1 ORDER BY name
[13-Mar-2025 03:16:24 Europe/Berlin] Found 7 request types
[13-Mar-2025 03:16:24 Europe/Berlin] Successfully formatted 7 request types
[13-Mar-2025 03:19:50 Europe/Berlin] Attempting to connect to database: mysql:host=localhost;dbname=upang_link
[13-Mar-2025 03:19:50 Europe/Berlin] Database connection successful
[13-Mar-2025 03:19:50 Europe/Berlin] Validating session for token: 0bd9b52f3659baf9e1d0eb28d38c7a4d35ad0dba8878f2eee4a4ea957ce85d9c
[13-Mar-2025 03:19:50 Europe/Berlin] Executing query: SELECT us.*, u.email_verified 
                FROM user_sessions us
                JOIN users u ON us.user_id = u.user_id
                WHERE us.token = ? AND us.is_active = 1 AND us.expires_at > NOW()
[13-Mar-2025 03:19:50 Europe/Berlin] Query executed. Row count: 1
[13-Mar-2025 03:19:50 Europe/Berlin] Session found: {"session_id":1,"user_id":2,"token":"0bd9b52f3659baf9e1d0eb28d38c7a4d35ad0dba8878f2eee4a4ea957ce85d9c","device_info":"okhttp\/4.12.0","ip_address":"192.168.1.9","last_activity":"2025-03-12 19:16:23","expires_at":"2025-03-13 16:58:30","is_active":1,"created_at":"2025-03-12 08:58:30","email_verified":1}
[13-Mar-2025 03:19:50 Europe/Berlin] Updating session activity for token: 0bd9b52f3659baf9e1d0eb28d38c7a4d35ad0dba8878f2eee4a4ea957ce85d9c
[13-Mar-2025 03:19:50 Europe/Berlin] Session activity update result: success
[13-Mar-2025 03:19:59 Europe/Berlin] Attempting to connect to database: mysql:host=localhost;dbname=upang_link
[13-Mar-2025 03:19:59 Europe/Berlin] Database connection successful
[13-Mar-2025 03:19:59 Europe/Berlin] Attempting to connect to database: mysql:host=localhost;dbname=upang_link
[13-Mar-2025 03:19:59 Europe/Berlin] Initializing RequestController
[13-Mar-2025 03:19:59 Europe/Berlin] Attempting to connect to database: mysql:host=localhost;dbname=upang_link
[13-Mar-2025 03:19:59 Europe/Berlin] Database connection successful
[13-Mar-2025 03:19:59 Europe/Berlin] Database connection successful
[13-Mar-2025 03:19:59 Europe/Berlin] RequestController initialized successfully
[13-Mar-2025 03:19:59 Europe/Berlin] Handling request: Method=GET, Endpoint=requests/types
[13-Mar-2025 03:19:59 Europe/Berlin] Normalized endpoint: types
[13-Mar-2025 03:19:59 Europe/Berlin] Getting request types
[13-Mar-2025 03:19:59 Europe/Berlin] Fetching request types
[13-Mar-2025 03:19:59 Europe/Berlin] Executing request types query: SELECT type_id, name, description, requirements, processing_time FROM request_types WHERE is_active = 1 ORDER BY name
[13-Mar-2025 03:19:59 Europe/Berlin] Validating session for token: 0bd9b52f3659baf9e1d0eb28d38c7a4d35ad0dba8878f2eee4a4ea957ce85d9c
[13-Mar-2025 03:19:59 Europe/Berlin] Found 7 request types
[13-Mar-2025 03:19:59 Europe/Berlin] Executing query: SELECT us.*, u.email_verified 
                FROM user_sessions us
                JOIN users u ON us.user_id = u.user_id
                WHERE us.token = ? AND us.is_active = 1 AND us.expires_at > NOW()
[13-Mar-2025 03:19:59 Europe/Berlin] Successfully formatted 7 request types
[13-Mar-2025 03:19:59 Europe/Berlin] Query executed. Row count: 1
[13-Mar-2025 03:19:59 Europe/Berlin] Session found: {"session_id":1,"user_id":2,"token":"0bd9b52f3659baf9e1d0eb28d38c7a4d35ad0dba8878f2eee4a4ea957ce85d9c","device_info":"okhttp\/4.12.0","ip_address":"192.168.1.9","last_activity":"2025-03-12 19:19:59","expires_at":"2025-03-13 16:58:30","is_active":1,"created_at":"2025-03-12 08:58:30","email_verified":1}
[13-Mar-2025 03:19:59 Europe/Berlin] Updating session activity for token: 0bd9b52f3659baf9e1d0eb28d38c7a4d35ad0dba8878f2eee4a4ea957ce85d9c
[13-Mar-2025 03:19:59 Europe/Berlin] Session activity update result: success
[13-Mar-2025 03:19:59 Europe/Berlin] Initializing RequestController
[13-Mar-2025 03:19:59 Europe/Berlin] Attempting to connect to database: mysql:host=localhost;dbname=upang_link
[13-Mar-2025 03:19:59 Europe/Berlin] Database connection successful
[13-Mar-2025 03:19:59 Europe/Berlin] RequestController initialized successfully
[13-Mar-2025 03:19:59 Europe/Berlin] Handling request: Method=GET, Endpoint=requests/statistics
[13-Mar-2025 03:19:59 Europe/Berlin] Normalized endpoint: statistics
[13-Mar-2025 03:19:59 Europe/Berlin] Getting request statistics
[13-Mar-2025 03:19:59 Europe/Berlin] Attempting to connect to database: mysql:host=localhost;dbname=upang_link
[13-Mar-2025 03:19:59 Europe/Berlin] Database connection successful
[13-Mar-2025 03:19:59 Europe/Berlin] Initializing RequestController
[13-Mar-2025 03:19:59 Europe/Berlin] Attempting to connect to database: mysql:host=localhost;dbname=upang_link
[13-Mar-2025 03:19:59 Europe/Berlin] Database connection successful
[13-Mar-2025 03:19:59 Europe/Berlin] RequestController initialized successfully
[13-Mar-2025 03:19:59 Europe/Berlin] Handling request: Method=GET, Endpoint=requests/types
[13-Mar-2025 03:19:59 Europe/Berlin] Normalized endpoint: types
[13-Mar-2025 03:19:59 Europe/Berlin] Getting request types
[13-Mar-2025 03:19:59 Europe/Berlin] Fetching request types
[13-Mar-2025 03:19:59 Europe/Berlin] Executing request types query: SELECT type_id, name, description, requirements, processing_time FROM request_types WHERE is_active = 1 ORDER BY name
[13-Mar-2025 03:19:59 Europe/Berlin] Found 7 request types
[13-Mar-2025 03:19:59 Europe/Berlin] Successfully formatted 7 request types
[13-Mar-2025 03:24:04 Europe/Berlin] Attempting to connect to database: mysql:host=localhost;dbname=upang_link
[13-Mar-2025 03:24:04 Europe/Berlin] Database connection successful
[13-Mar-2025 03:24:04 Europe/Berlin] Validating session for token: 0bd9b52f3659baf9e1d0eb28d38c7a4d35ad0dba8878f2eee4a4ea957ce85d9c
[13-Mar-2025 03:24:04 Europe/Berlin] Executing query: SELECT us.*, u.email_verified 
                FROM user_sessions us
                JOIN users u ON us.user_id = u.user_id
                WHERE us.token = ? AND us.is_active = 1 AND us.expires_at > NOW()
[13-Mar-2025 03:24:04 Europe/Berlin] Query executed. Row count: 1
[13-Mar-2025 03:24:04 Europe/Berlin] Session found: {"session_id":1,"user_id":2,"token":"0bd9b52f3659baf9e1d0eb28d38c7a4d35ad0dba8878f2eee4a4ea957ce85d9c","device_info":"okhttp\/4.12.0","ip_address":"192.168.1.9","last_activity":"2025-03-12 19:19:59","expires_at":"2025-03-13 16:58:30","is_active":1,"created_at":"2025-03-12 08:58:30","email_verified":1}
[13-Mar-2025 03:24:04 Europe/Berlin] Updating session activity for token: 0bd9b52f3659baf9e1d0eb28d38c7a4d35ad0dba8878f2eee4a4ea957ce85d9c
[13-Mar-2025 03:24:04 Europe/Berlin] Session activity update result: success
[13-Mar-2025 03:24:08 Europe/Berlin] Attempting to connect to database: mysql:host=localhost;dbname=upang_link
[13-Mar-2025 03:24:08 Europe/Berlin] Attempting to connect to database: mysql:host=localhost;dbname=upang_link
[13-Mar-2025 03:24:08 Europe/Berlin] Database connection successful
[13-Mar-2025 03:24:08 Europe/Berlin] Database connection successful
[13-Mar-2025 03:24:08 Europe/Berlin] Validating session for token: 0bd9b52f3659baf9e1d0eb28d38c7a4d35ad0dba8878f2eee4a4ea957ce85d9c
[13-Mar-2025 03:24:08 Europe/Berlin] Executing query: SELECT us.*, u.email_verified 
                FROM user_sessions us
                JOIN users u ON us.user_id = u.user_id
                WHERE us.token = ? AND us.is_active = 1 AND us.expires_at > NOW()
[13-Mar-2025 03:24:08 Europe/Berlin] Query executed. Row count: 1
[13-Mar-2025 03:24:08 Europe/Berlin] Session found: {"session_id":1,"user_id":2,"token":"0bd9b52f3659baf9e1d0eb28d38c7a4d35ad0dba8878f2eee4a4ea957ce85d9c","device_info":"okhttp\/4.12.0","ip_address":"192.168.1.9","last_activity":"2025-03-12 19:24:08","expires_at":"2025-03-13 16:58:30","is_active":1,"created_at":"2025-03-12 08:58:30","email_verified":1}
[13-Mar-2025 03:24:08 Europe/Berlin] Updating session activity for token: 0bd9b52f3659baf9e1d0eb28d38c7a4d35ad0dba8878f2eee4a4ea957ce85d9c
[13-Mar-2025 03:24:08 Europe/Berlin] Session activity update result: success
[13-Mar-2025 03:24:08 Europe/Berlin] Initializing RequestController
[13-Mar-2025 03:24:08 Europe/Berlin] Attempting to connect to database: mysql:host=localhost;dbname=upang_link
[13-Mar-2025 03:24:08 Europe/Berlin] Initializing RequestController
[13-Mar-2025 03:24:08 Europe/Berlin] Attempting to connect to database: mysql:host=localhost;dbname=upang_link
[13-Mar-2025 03:24:08 Europe/Berlin] Database connection successful
[13-Mar-2025 03:24:08 Europe/Berlin] RequestController initialized successfully
[13-Mar-2025 03:24:08 Europe/Berlin] Database connection successful
[13-Mar-2025 03:24:08 Europe/Berlin] Handling request: Method=GET, Endpoint=requests/types
[13-Mar-2025 03:24:08 Europe/Berlin] Normalized endpoint: types
[13-Mar-2025 03:24:08 Europe/Berlin] RequestController initialized successfully
[13-Mar-2025 03:24:08 Europe/Berlin] Getting request types
[13-Mar-2025 03:24:08 Europe/Berlin] Handling request: Method=GET, Endpoint=requests/statistics
[13-Mar-2025 03:24:08 Europe/Berlin] Fetching request types
[13-Mar-2025 03:24:08 Europe/Berlin] Normalized endpoint: statistics
[13-Mar-2025 03:24:08 Europe/Berlin] Executing request types query: SELECT type_id, name, description, requirements, processing_time FROM request_types WHERE is_active = 1 ORDER BY name
[13-Mar-2025 03:24:08 Europe/Berlin] Getting request statistics
[13-Mar-2025 03:24:08 Europe/Berlin] Found 7 request types
[13-Mar-2025 03:24:08 Europe/Berlin] Successfully formatted 7 request types
[13-Mar-2025 03:24:09 Europe/Berlin] Attempting to connect to database: mysql:host=localhost;dbname=upang_link
[13-Mar-2025 03:24:09 Europe/Berlin] Database connection successful
[13-Mar-2025 03:24:09 Europe/Berlin] Initializing RequestController
[13-Mar-2025 03:24:09 Europe/Berlin] Attempting to connect to database: mysql:host=localhost;dbname=upang_link
[13-Mar-2025 03:24:09 Europe/Berlin] Database connection successful
[13-Mar-2025 03:24:09 Europe/Berlin] RequestController initialized successfully
[13-Mar-2025 03:24:09 Europe/Berlin] Handling request: Method=GET, Endpoint=requests/types
[13-Mar-2025 03:24:09 Europe/Berlin] Normalized endpoint: types
[13-Mar-2025 03:24:09 Europe/Berlin] Getting request types
[13-Mar-2025 03:24:09 Europe/Berlin] Fetching request types
[13-Mar-2025 03:24:09 Europe/Berlin] Executing request types query: SELECT type_id, name, description, requirements, processing_time FROM request_types WHERE is_active = 1 ORDER BY name
[13-Mar-2025 03:24:09 Europe/Berlin] Found 7 request types
[13-Mar-2025 03:24:09 Europe/Berlin] Successfully formatted 7 request types
[13-Mar-2025 03:29:31 Europe/Berlin] Attempting to connect to database: mysql:host=localhost;dbname=upang_link
[13-Mar-2025 03:29:31 Europe/Berlin] Database connection successful
[13-Mar-2025 03:29:31 Europe/Berlin] Validating session for token: 0bd9b52f3659baf9e1d0eb28d38c7a4d35ad0dba8878f2eee4a4ea957ce85d9c
[13-Mar-2025 03:29:31 Europe/Berlin] Executing query: SELECT us.*, u.email_verified 
                FROM user_sessions us
                JOIN users u ON us.user_id = u.user_id
                WHERE us.token = ? AND us.is_active = 1 AND us.expires_at > NOW()
[13-Mar-2025 03:29:31 Europe/Berlin] Query executed. Row count: 1
[13-Mar-2025 03:29:31 Europe/Berlin] Session found: {"session_id":1,"user_id":2,"token":"0bd9b52f3659baf9e1d0eb28d38c7a4d35ad0dba8878f2eee4a4ea957ce85d9c","device_info":"okhttp\/4.12.0","ip_address":"192.168.1.9","last_activity":"2025-03-12 19:24:08","expires_at":"2025-03-13 16:58:30","is_active":1,"created_at":"2025-03-12 08:58:30","email_verified":1}
[13-Mar-2025 03:29:31 Europe/Berlin] Updating session activity for token: 0bd9b52f3659baf9e1d0eb28d38c7a4d35ad0dba8878f2eee4a4ea957ce85d9c
[13-Mar-2025 03:29:31 Europe/Berlin] Session activity update result: success
[13-Mar-2025 03:29:36 Europe/Berlin] Attempting to connect to database: mysql:host=localhost;dbname=upang_link
[13-Mar-2025 03:29:36 Europe/Berlin] Attempting to connect to database: mysql:host=localhost;dbname=upang_link
[13-Mar-2025 03:29:36 Europe/Berlin] Database connection successful
[13-Mar-2025 03:29:36 Europe/Berlin] Database connection successful
[13-Mar-2025 03:29:36 Europe/Berlin] Validating session for token: 0bd9b52f3659baf9e1d0eb28d38c7a4d35ad0dba8878f2eee4a4ea957ce85d9c
[13-Mar-2025 03:29:36 Europe/Berlin] Executing query: SELECT us.*, u.email_verified 
                FROM user_sessions us
                JOIN users u ON us.user_id = u.user_id
                WHERE us.token = ? AND us.is_active = 1 AND us.expires_at > NOW()
[13-Mar-2025 03:29:36 Europe/Berlin] Query executed. Row count: 1
[13-Mar-2025 03:29:36 Europe/Berlin] Session found: {"session_id":1,"user_id":2,"token":"0bd9b52f3659baf9e1d0eb28d38c7a4d35ad0dba8878f2eee4a4ea957ce85d9c","device_info":"okhttp\/4.12.0","ip_address":"192.168.1.9","last_activity":"2025-03-12 19:29:36","expires_at":"2025-03-13 16:58:30","is_active":1,"created_at":"2025-03-12 08:58:30","email_verified":1}
[13-Mar-2025 03:29:36 Europe/Berlin] Updating session activity for token: 0bd9b52f3659baf9e1d0eb28d38c7a4d35ad0dba8878f2eee4a4ea957ce85d9c
[13-Mar-2025 03:29:36 Europe/Berlin] Session activity update result: success
[13-Mar-2025 03:29:36 Europe/Berlin] Initializing RequestController
[13-Mar-2025 03:29:36 Europe/Berlin] Attempting to connect to database: mysql:host=localhost;dbname=upang_link
[13-Mar-2025 03:29:36 Europe/Berlin] Initializing RequestController
[13-Mar-2025 03:29:36 Europe/Berlin] Attempting to connect to database: mysql:host=localhost;dbname=upang_link
[13-Mar-2025 03:29:36 Europe/Berlin] Database connection successful
[13-Mar-2025 03:29:36 Europe/Berlin] RequestController initialized successfully
[13-Mar-2025 03:29:36 Europe/Berlin] Handling request: Method=GET, Endpoint=requests/statistics
[13-Mar-2025 03:29:36 Europe/Berlin] Normalized endpoint: statistics
[13-Mar-2025 03:29:36 Europe/Berlin] Getting request statistics
[13-Mar-2025 03:29:36 Europe/Berlin] Database connection successful
[13-Mar-2025 03:29:36 Europe/Berlin] RequestController initialized successfully
[13-Mar-2025 03:29:36 Europe/Berlin] Handling request: Method=GET, Endpoint=requests/types
[13-Mar-2025 03:29:36 Europe/Berlin] Normalized endpoint: types
[13-Mar-2025 03:29:36 Europe/Berlin] Getting request types
[13-Mar-2025 03:29:36 Europe/Berlin] Fetching request types
[13-Mar-2025 03:29:36 Europe/Berlin] Executing request types query: SELECT type_id, name, description, requirements, processing_time FROM request_types WHERE is_active = 1 ORDER BY name
[13-Mar-2025 03:29:36 Europe/Berlin] Found 7 request types
[13-Mar-2025 03:29:36 Europe/Berlin] Successfully formatted 7 request types
[13-Mar-2025 03:29:37 Europe/Berlin] Attempting to connect to database: mysql:host=localhost;dbname=upang_link
[13-Mar-2025 03:29:37 Europe/Berlin] Database connection successful
[13-Mar-2025 03:29:37 Europe/Berlin] Initializing RequestController
[13-Mar-2025 03:29:37 Europe/Berlin] Attempting to connect to database: mysql:host=localhost;dbname=upang_link
[13-Mar-2025 03:29:37 Europe/Berlin] Database connection successful
[13-Mar-2025 03:29:37 Europe/Berlin] RequestController initialized successfully
[13-Mar-2025 03:29:37 Europe/Berlin] Handling request: Method=GET, Endpoint=requests/types
[13-Mar-2025 03:29:37 Europe/Berlin] Normalized endpoint: types
[13-Mar-2025 03:29:37 Europe/Berlin] Getting request types
[13-Mar-2025 03:29:37 Europe/Berlin] Fetching request types
[13-Mar-2025 03:29:37 Europe/Berlin] Executing request types query: SELECT type_id, name, description, requirements, processing_time FROM request_types WHERE is_active = 1 ORDER BY name
[13-Mar-2025 03:29:37 Europe/Berlin] Found 7 request types
[13-Mar-2025 03:29:37 Europe/Berlin] Successfully formatted 7 request types
[13-Mar-2025 03:29:54 Europe/Berlin] Attempting to connect to database: mysql:host=localhost;dbname=upang_link
[13-Mar-2025 03:29:54 Europe/Berlin] Database connection successful
[13-Mar-2025 03:29:54 Europe/Berlin] Initializing RequestController
[13-Mar-2025 03:29:54 Europe/Berlin] Attempting to connect to database: mysql:host=localhost;dbname=upang_link
[13-Mar-2025 03:29:54 Europe/Berlin] Database connection successful
[13-Mar-2025 03:29:54 Europe/Berlin] RequestController initialized successfully
[13-Mar-2025 03:29:54 Europe/Berlin] Handling request: Method=GET, Endpoint=requests/types
[13-Mar-2025 03:29:54 Europe/Berlin] Normalized endpoint: types
[13-Mar-2025 03:29:54 Europe/Berlin] Getting request types
[13-Mar-2025 03:29:54 Europe/Berlin] Fetching request types
[13-Mar-2025 03:29:54 Europe/Berlin] Executing request types query: SELECT type_id, name, description, requirements, processing_time FROM request_types WHERE is_active = 1 ORDER BY name
[13-Mar-2025 03:29:54 Europe/Berlin] Found 7 request types
[13-Mar-2025 03:29:54 Europe/Berlin] Successfully formatted 7 request types
[13-Mar-2025 03:39:39 Europe/Berlin] Attempting to connect to database: mysql:host=localhost;dbname=upang_link
[13-Mar-2025 03:39:39 Europe/Berlin] Database connection successful
[13-Mar-2025 03:39:39 Europe/Berlin] Validating session for token: 0bd9b52f3659baf9e1d0eb28d38c7a4d35ad0dba8878f2eee4a4ea957ce85d9c
[13-Mar-2025 03:39:39 Europe/Berlin] Executing query: SELECT us.*, u.email_verified 
                FROM user_sessions us
                JOIN users u ON us.user_id = u.user_id
                WHERE us.token = ? AND us.is_active = 1 AND us.expires_at > NOW()
[13-Mar-2025 03:39:39 Europe/Berlin] Query executed. Row count: 1
[13-Mar-2025 03:39:39 Europe/Berlin] Session found: {"session_id":1,"user_id":2,"token":"0bd9b52f3659baf9e1d0eb28d38c7a4d35ad0dba8878f2eee4a4ea957ce85d9c","device_info":"okhttp\/4.12.0","ip_address":"192.168.1.9","last_activity":"2025-03-12 19:29:52","expires_at":"2025-03-13 16:58:30","is_active":1,"created_at":"2025-03-12 08:58:30","email_verified":1}
[13-Mar-2025 03:39:39 Europe/Berlin] Updating session activity for token: 0bd9b52f3659baf9e1d0eb28d38c7a4d35ad0dba8878f2eee4a4ea957ce85d9c
[13-Mar-2025 03:39:39 Europe/Berlin] Session activity update result: success
[13-Mar-2025 03:39:41 Europe/Berlin] Attempting to connect to database: mysql:host=localhost;dbname=upang_link
[13-Mar-2025 03:39:41 Europe/Berlin] Attempting to connect to database: mysql:host=localhost;dbname=upang_link
[13-Mar-2025 03:39:41 Europe/Berlin] Database connection successful
[13-Mar-2025 03:39:41 Europe/Berlin] Database connection successful
[13-Mar-2025 03:39:41 Europe/Berlin] Validating session for token: 0bd9b52f3659baf9e1d0eb28d38c7a4d35ad0dba8878f2eee4a4ea957ce85d9c
[13-Mar-2025 03:39:41 Europe/Berlin] Executing query: SELECT us.*, u.email_verified 
                FROM user_sessions us
                JOIN users u ON us.user_id = u.user_id
                WHERE us.token = ? AND us.is_active = 1 AND us.expires_at > NOW()
[13-Mar-2025 03:39:41 Europe/Berlin] Query executed. Row count: 1
[13-Mar-2025 03:39:41 Europe/Berlin] Session found: {"session_id":1,"user_id":2,"token":"0bd9b52f3659baf9e1d0eb28d38c7a4d35ad0dba8878f2eee4a4ea957ce85d9c","device_info":"okhttp\/4.12.0","ip_address":"192.168.1.9","last_activity":"2025-03-12 19:39:41","expires_at":"2025-03-13 16:58:30","is_active":1,"created_at":"2025-03-12 08:58:30","email_verified":1}
[13-Mar-2025 03:39:41 Europe/Berlin] Updating session activity for token: 0bd9b52f3659baf9e1d0eb28d38c7a4d35ad0dba8878f2eee4a4ea957ce85d9c
[13-Mar-2025 03:39:41 Europe/Berlin] Initializing RequestController
[13-Mar-2025 03:39:41 Europe/Berlin] Attempting to connect to database: mysql:host=localhost;dbname=upang_link
[13-Mar-2025 03:39:41 Europe/Berlin] Session activity update result: success
[13-Mar-2025 03:39:41 Europe/Berlin] Database connection successful
[13-Mar-2025 03:39:41 Europe/Berlin] RequestController initialized successfully
[13-Mar-2025 03:39:41 Europe/Berlin] Handling request: Method=GET, Endpoint=requests/types
[13-Mar-2025 03:39:41 Europe/Berlin] Normalized endpoint: types
[13-Mar-2025 03:39:41 Europe/Berlin] Getting request types
[13-Mar-2025 03:39:41 Europe/Berlin] Fetching request types
[13-Mar-2025 03:39:41 Europe/Berlin] Executing request types query: SELECT type_id, name, description, requirements, processing_time FROM request_types WHERE is_active = 1 ORDER BY name
[13-Mar-2025 03:39:41 Europe/Berlin] Initializing RequestController
[13-Mar-2025 03:39:41 Europe/Berlin] Found 7 request types
[13-Mar-2025 03:39:41 Europe/Berlin] Successfully formatted 7 request types
[13-Mar-2025 03:39:41 Europe/Berlin] Attempting to connect to database: mysql:host=localhost;dbname=upang_link
[13-Mar-2025 03:39:41 Europe/Berlin] Database connection successful
[13-Mar-2025 03:39:41 Europe/Berlin] RequestController initialized successfully
[13-Mar-2025 03:39:41 Europe/Berlin] Handling request: Method=GET, Endpoint=requests/statistics
[13-Mar-2025 03:39:41 Europe/Berlin] Normalized endpoint: statistics
[13-Mar-2025 03:39:41 Europe/Berlin] Getting request statistics
[13-Mar-2025 03:39:43 Europe/Berlin] Attempting to connect to database: mysql:host=localhost;dbname=upang_link
[13-Mar-2025 03:39:43 Europe/Berlin] Database connection successful
[13-Mar-2025 03:39:43 Europe/Berlin] Initializing RequestController
[13-Mar-2025 03:39:43 Europe/Berlin] Attempting to connect to database: mysql:host=localhost;dbname=upang_link
[13-Mar-2025 03:39:43 Europe/Berlin] Database connection successful
[13-Mar-2025 03:39:43 Europe/Berlin] RequestController initialized successfully
[13-Mar-2025 03:39:43 Europe/Berlin] Handling request: Method=GET, Endpoint=requests/types
[13-Mar-2025 03:39:43 Europe/Berlin] Normalized endpoint: types
[13-Mar-2025 03:39:43 Europe/Berlin] Getting request types
[13-Mar-2025 03:39:43 Europe/Berlin] Fetching request types
[13-Mar-2025 03:39:43 Europe/Berlin] Executing request types query: SELECT type_id, name, description, requirements, processing_time FROM request_types WHERE is_active = 1 ORDER BY name
[13-Mar-2025 03:39:43 Europe/Berlin] Found 7 request types
[13-Mar-2025 03:39:43 Europe/Berlin] Successfully formatted 7 request types
[13-Mar-2025 03:41:20 Europe/Berlin] Attempting to connect to database: mysql:host=localhost;dbname=upang_link
[13-Mar-2025 03:41:20 Europe/Berlin] Database connection successful
[13-Mar-2025 03:41:20 Europe/Berlin] Initializing RequestController
[13-Mar-2025 03:41:20 Europe/Berlin] Attempting to connect to database: mysql:host=localhost;dbname=upang_link
[13-Mar-2025 03:41:20 Europe/Berlin] Database connection successful
[13-Mar-2025 03:41:20 Europe/Berlin] RequestController initialized successfully
[13-Mar-2025 03:41:20 Europe/Berlin] Handling request: Method=GET, Endpoint=requests/types
[13-Mar-2025 03:41:20 Europe/Berlin] Normalized endpoint: types
[13-Mar-2025 03:41:20 Europe/Berlin] Getting request types
[13-Mar-2025 03:41:20 Europe/Berlin] Fetching request types
[13-Mar-2025 03:41:20 Europe/Berlin] Executing request types query: SELECT type_id, name, description, requirements, processing_time FROM request_types WHERE is_active = 1 ORDER BY name
[13-Mar-2025 03:41:20 Europe/Berlin] Found 7 request types
[13-Mar-2025 03:41:20 Europe/Berlin] Successfully formatted 7 request types
[13-Mar-2025 03:45:26 Europe/Berlin] Attempting to connect to database: mysql:host=localhost;dbname=upang_link
[13-Mar-2025 03:45:26 Europe/Berlin] Database connection successful
[13-Mar-2025 03:45:26 Europe/Berlin] Initializing RequestController
[13-Mar-2025 03:45:26 Europe/Berlin] Attempting to connect to database: mysql:host=localhost;dbname=upang_link
[13-Mar-2025 03:45:26 Europe/Berlin] Database connection successful
[13-Mar-2025 03:45:26 Europe/Berlin] RequestController initialized successfully
[13-Mar-2025 03:45:26 Europe/Berlin] Handling request: Method=GET, Endpoint=requests/types
[13-Mar-2025 03:45:26 Europe/Berlin] Normalized endpoint: types
[13-Mar-2025 03:45:26 Europe/Berlin] Getting request types
[13-Mar-2025 03:45:26 Europe/Berlin] Fetching request types
[13-Mar-2025 03:45:26 Europe/Berlin] Executing request types query: SELECT type_id, name, description, requirements, processing_time FROM request_types WHERE is_active = 1 ORDER BY name
[13-Mar-2025 03:45:26 Europe/Berlin] Found 7 request types
[13-Mar-2025 03:45:26 Europe/Berlin] Successfully formatted 7 request types
[13-Mar-2025 03:48:45 Europe/Berlin] Attempting to connect to database: mysql:host=localhost;dbname=upang_link
[13-Mar-2025 03:48:45 Europe/Berlin] Database connection successful
[13-Mar-2025 03:48:45 Europe/Berlin] Validating session for token: 0bd9b52f3659baf9e1d0eb28d38c7a4d35ad0dba8878f2eee4a4ea957ce85d9c
[13-Mar-2025 03:48:45 Europe/Berlin] Executing query: SELECT us.*, u.email_verified 
                FROM user_sessions us
                JOIN users u ON us.user_id = u.user_id
                WHERE us.token = ? AND us.is_active = 1 AND us.expires_at > NOW()
[13-Mar-2025 03:48:45 Europe/Berlin] Query executed. Row count: 1
[13-Mar-2025 03:48:45 Europe/Berlin] Session found: {"session_id":1,"user_id":2,"token":"0bd9b52f3659baf9e1d0eb28d38c7a4d35ad0dba8878f2eee4a4ea957ce85d9c","device_info":"okhttp\/4.12.0","ip_address":"192.168.1.9","last_activity":"2025-03-12 19:46:54","expires_at":"2025-03-13 16:58:30","is_active":1,"created_at":"2025-03-12 08:58:30","email_verified":1}
[13-Mar-2025 03:48:45 Europe/Berlin] Updating session activity for token: 0bd9b52f3659baf9e1d0eb28d38c7a4d35ad0dba8878f2eee4a4ea957ce85d9c
[13-Mar-2025 03:48:45 Europe/Berlin] Session activity update result: success
[13-Mar-2025 03:48:47 Europe/Berlin] Attempting to connect to database: mysql:host=localhost;dbname=upang_link
[13-Mar-2025 03:48:47 Europe/Berlin] Database connection successful
[13-Mar-2025 03:48:47 Europe/Berlin] Attempting to connect to database: mysql:host=localhost;dbname=upang_link
[13-Mar-2025 03:48:47 Europe/Berlin] Database connection successful
[13-Mar-2025 03:48:47 Europe/Berlin] Initializing RequestController
[13-Mar-2025 03:48:47 Europe/Berlin] Attempting to connect to database: mysql:host=localhost;dbname=upang_link
[13-Mar-2025 03:48:47 Europe/Berlin] Database connection successful
[13-Mar-2025 03:48:47 Europe/Berlin] RequestController initialized successfully
[13-Mar-2025 03:48:47 Europe/Berlin] Handling request: Method=GET, Endpoint=requests/types
[13-Mar-2025 03:48:47 Europe/Berlin] Validating session for token: 0bd9b52f3659baf9e1d0eb28d38c7a4d35ad0dba8878f2eee4a4ea957ce85d9c
[13-Mar-2025 03:48:47 Europe/Berlin] Normalized endpoint: types
[13-Mar-2025 03:48:47 Europe/Berlin] Executing query: SELECT us.*, u.email_verified 
                FROM user_sessions us
                JOIN users u ON us.user_id = u.user_id
                WHERE us.token = ? AND us.is_active = 1 AND us.expires_at > NOW()
[13-Mar-2025 03:48:47 Europe/Berlin] Getting request types
[13-Mar-2025 03:48:47 Europe/Berlin] Fetching request types
[13-Mar-2025 03:48:47 Europe/Berlin] Executing request types query: SELECT type_id, name, description, requirements, processing_time FROM request_types WHERE is_active = 1 ORDER BY name
[13-Mar-2025 03:48:47 Europe/Berlin] Query executed. Row count: 1
[13-Mar-2025 03:48:47 Europe/Berlin] Session found: {"session_id":1,"user_id":2,"token":"0bd9b52f3659baf9e1d0eb28d38c7a4d35ad0dba8878f2eee4a4ea957ce85d9c","device_info":"okhttp\/4.12.0","ip_address":"192.168.1.9","last_activity":"2025-03-12 19:48:47","expires_at":"2025-03-13 16:58:30","is_active":1,"created_at":"2025-03-12 08:58:30","email_verified":1}
[13-Mar-2025 03:48:47 Europe/Berlin] Updating session activity for token: 0bd9b52f3659baf9e1d0eb28d38c7a4d35ad0dba8878f2eee4a4ea957ce85d9c
[13-Mar-2025 03:48:47 Europe/Berlin] Found 7 request types
[13-Mar-2025 03:48:47 Europe/Berlin] Successfully formatted 7 request types
[13-Mar-2025 03:48:47 Europe/Berlin] Session activity update result: success
[13-Mar-2025 03:48:47 Europe/Berlin] Initializing RequestController
[13-Mar-2025 03:48:47 Europe/Berlin] Attempting to connect to database: mysql:host=localhost;dbname=upang_link
[13-Mar-2025 03:48:47 Europe/Berlin] Database connection successful
[13-Mar-2025 03:48:47 Europe/Berlin] RequestController initialized successfully
[13-Mar-2025 03:48:47 Europe/Berlin] Handling request: Method=GET, Endpoint=requests/statistics
[13-Mar-2025 03:48:47 Europe/Berlin] Normalized endpoint: statistics
[13-Mar-2025 03:48:47 Europe/Berlin] Getting request statistics
[13-Mar-2025 03:48:49 Europe/Berlin] Attempting to connect to database: mysql:host=localhost;dbname=upang_link
[13-Mar-2025 03:48:49 Europe/Berlin] Database connection successful
[13-Mar-2025 03:48:49 Europe/Berlin] Initializing RequestController
[13-Mar-2025 03:48:49 Europe/Berlin] Attempting to connect to database: mysql:host=localhost;dbname=upang_link
[13-Mar-2025 03:48:49 Europe/Berlin] Database connection successful
[13-Mar-2025 03:48:49 Europe/Berlin] RequestController initialized successfully
[13-Mar-2025 03:48:49 Europe/Berlin] Handling request: Method=GET, Endpoint=requests/types
[13-Mar-2025 03:48:49 Europe/Berlin] Normalized endpoint: types
[13-Mar-2025 03:48:49 Europe/Berlin] Getting request types
[13-Mar-2025 03:48:49 Europe/Berlin] Fetching request types
[13-Mar-2025 03:48:49 Europe/Berlin] Executing request types query: SELECT type_id, name, description, requirements, processing_time FROM request_types WHERE is_active = 1 ORDER BY name
[13-Mar-2025 03:48:49 Europe/Berlin] Found 7 request types
[13-Mar-2025 03:48:49 Europe/Berlin] Successfully formatted 7 request types
[13-Mar-2025 03:51:27 Europe/Berlin] Attempting to connect to database: mysql:host=localhost;dbname=upang_link
[13-Mar-2025 03:51:27 Europe/Berlin] Database connection successful
[13-Mar-2025 03:51:27 Europe/Berlin] Validating session for token: 0bd9b52f3659baf9e1d0eb28d38c7a4d35ad0dba8878f2eee4a4ea957ce85d9c
[13-Mar-2025 03:51:27 Europe/Berlin] Executing query: SELECT us.*, u.email_verified 
                FROM user_sessions us
                JOIN users u ON us.user_id = u.user_id
                WHERE us.token = ? AND us.is_active = 1 AND us.expires_at > NOW()
[13-Mar-2025 03:51:27 Europe/Berlin] Query executed. Row count: 1
[13-Mar-2025 03:51:27 Europe/Berlin] Session found: {"session_id":1,"user_id":2,"token":"0bd9b52f3659baf9e1d0eb28d38c7a4d35ad0dba8878f2eee4a4ea957ce85d9c","device_info":"okhttp\/4.12.0","ip_address":"192.168.1.9","last_activity":"2025-03-12 19:48:47","expires_at":"2025-03-13 16:58:30","is_active":1,"created_at":"2025-03-12 08:58:30","email_verified":1}
[13-Mar-2025 03:51:27 Europe/Berlin] Updating session activity for token: 0bd9b52f3659baf9e1d0eb28d38c7a4d35ad0dba8878f2eee4a4ea957ce85d9c
[13-Mar-2025 03:51:27 Europe/Berlin] Session activity update result: success
[13-Mar-2025 03:51:33 Europe/Berlin] Attempting to connect to database: mysql:host=localhost;dbname=upang_link
[13-Mar-2025 03:51:33 Europe/Berlin] Attempting to connect to database: mysql:host=localhost;dbname=upang_link
[13-Mar-2025 03:51:33 Europe/Berlin] Database connection successful
[13-Mar-2025 03:51:33 Europe/Berlin] Database connection successful
[13-Mar-2025 03:51:33 Europe/Berlin] Validating session for token: 0bd9b52f3659baf9e1d0eb28d38c7a4d35ad0dba8878f2eee4a4ea957ce85d9c
[13-Mar-2025 03:51:33 Europe/Berlin] Executing query: SELECT us.*, u.email_verified 
                FROM user_sessions us
                JOIN users u ON us.user_id = u.user_id
                WHERE us.token = ? AND us.is_active = 1 AND us.expires_at > NOW()
[13-Mar-2025 03:51:33 Europe/Berlin] Initializing RequestController
[13-Mar-2025 03:51:33 Europe/Berlin] Query executed. Row count: 1
[13-Mar-2025 03:51:33 Europe/Berlin] Attempting to connect to database: mysql:host=localhost;dbname=upang_link
[13-Mar-2025 03:51:33 Europe/Berlin] Session found: {"session_id":1,"user_id":2,"token":"0bd9b52f3659baf9e1d0eb28d38c7a4d35ad0dba8878f2eee4a4ea957ce85d9c","device_info":"okhttp\/4.12.0","ip_address":"192.168.1.9","last_activity":"2025-03-12 19:51:33","expires_at":"2025-03-13 16:58:30","is_active":1,"created_at":"2025-03-12 08:58:30","email_verified":1}
[13-Mar-2025 03:51:33 Europe/Berlin] Updating session activity for token: 0bd9b52f3659baf9e1d0eb28d38c7a4d35ad0dba8878f2eee4a4ea957ce85d9c
[13-Mar-2025 03:51:33 Europe/Berlin] Session activity update result: success
[13-Mar-2025 03:51:33 Europe/Berlin] Initializing RequestController
[13-Mar-2025 03:51:33 Europe/Berlin] Attempting to connect to database: mysql:host=localhost;dbname=upang_link
[13-Mar-2025 03:51:33 Europe/Berlin] Database connection successful
[13-Mar-2025 03:51:33 Europe/Berlin] RequestController initialized successfully
[13-Mar-2025 03:51:33 Europe/Berlin] Handling request: Method=GET, Endpoint=requests/types
[13-Mar-2025 03:51:33 Europe/Berlin] Normalized endpoint: types
[13-Mar-2025 03:51:33 Europe/Berlin] Getting request types
[13-Mar-2025 03:51:33 Europe/Berlin] Fetching request types
[13-Mar-2025 03:51:33 Europe/Berlin] Executing request types query: SELECT type_id, name, description, requirements, processing_time FROM request_types WHERE is_active = 1 ORDER BY name
[13-Mar-2025 03:51:33 Europe/Berlin] Database connection successful
[13-Mar-2025 03:51:33 Europe/Berlin] Found 7 request types
[13-Mar-2025 03:51:33 Europe/Berlin] Successfully formatted 7 request types
[13-Mar-2025 03:51:33 Europe/Berlin] RequestController initialized successfully
[13-Mar-2025 03:51:33 Europe/Berlin] Handling request: Method=GET, Endpoint=requests/statistics
[13-Mar-2025 03:51:33 Europe/Berlin] Normalized endpoint: statistics
[13-Mar-2025 03:51:33 Europe/Berlin] Getting request statistics
[13-Mar-2025 03:51:34 Europe/Berlin] Attempting to connect to database: mysql:host=localhost;dbname=upang_link
[13-Mar-2025 03:51:34 Europe/Berlin] Database connection successful
[13-Mar-2025 03:51:34 Europe/Berlin] Initializing RequestController
[13-Mar-2025 03:51:34 Europe/Berlin] Attempting to connect to database: mysql:host=localhost;dbname=upang_link
[13-Mar-2025 03:51:34 Europe/Berlin] Database connection successful
[13-Mar-2025 03:51:34 Europe/Berlin] RequestController initialized successfully
[13-Mar-2025 03:51:34 Europe/Berlin] Handling request: Method=GET, Endpoint=requests/types
[13-Mar-2025 03:51:34 Europe/Berlin] Normalized endpoint: types
[13-Mar-2025 03:51:34 Europe/Berlin] Getting request types
[13-Mar-2025 03:51:34 Europe/Berlin] Fetching request types
[13-Mar-2025 03:51:34 Europe/Berlin] Executing request types query: SELECT type_id, name, description, requirements, processing_time FROM request_types WHERE is_active = 1 ORDER BY name
[13-Mar-2025 03:51:34 Europe/Berlin] Found 7 request types
[13-Mar-2025 03:51:34 Europe/Berlin] Successfully formatted 7 request types
[13-Mar-2025 04:00:55 Europe/Berlin] Attempting to connect to database: mysql:host=localhost;dbname=upang_link
[13-Mar-2025 04:00:55 Europe/Berlin] Database connection successful
[13-Mar-2025 04:00:55 Europe/Berlin] Validating session for token: 0bd9b52f3659baf9e1d0eb28d38c7a4d35ad0dba8878f2eee4a4ea957ce85d9c
[13-Mar-2025 04:00:55 Europe/Berlin] Executing query: SELECT us.*, u.email_verified 
                FROM user_sessions us
                JOIN users u ON us.user_id = u.user_id
                WHERE us.token = ? AND us.is_active = 1 AND us.expires_at > NOW()
[13-Mar-2025 04:00:55 Europe/Berlin] Query executed. Row count: 1
[13-Mar-2025 04:00:55 Europe/Berlin] Session found: {"session_id":1,"user_id":2,"token":"0bd9b52f3659baf9e1d0eb28d38c7a4d35ad0dba8878f2eee4a4ea957ce85d9c","device_info":"okhttp\/4.12.0","ip_address":"192.168.1.9","last_activity":"2025-03-12 19:51:33","expires_at":"2025-03-13 16:58:30","is_active":1,"created_at":"2025-03-12 08:58:30","email_verified":1}
[13-Mar-2025 04:00:55 Europe/Berlin] Updating session activity for token: 0bd9b52f3659baf9e1d0eb28d38c7a4d35ad0dba8878f2eee4a4ea957ce85d9c
[13-Mar-2025 04:00:55 Europe/Berlin] Session activity update result: success
[13-Mar-2025 04:01:01 Europe/Berlin] Attempting to connect to database: mysql:host=localhost;dbname=upang_link
[13-Mar-2025 04:01:01 Europe/Berlin] Database connection successful
[13-Mar-2025 04:01:01 Europe/Berlin] Attempting to connect to database: mysql:host=localhost;dbname=upang_link
[13-Mar-2025 04:01:01 Europe/Berlin] Initializing RequestController
[13-Mar-2025 04:01:01 Europe/Berlin] Attempting to connect to database: mysql:host=localhost;dbname=upang_link
[13-Mar-2025 04:01:01 Europe/Berlin] Database connection successful
[13-Mar-2025 04:01:01 Europe/Berlin] Database connection successful
[13-Mar-2025 04:01:01 Europe/Berlin] RequestController initialized successfully
[13-Mar-2025 04:01:01 Europe/Berlin] Handling request: Method=GET, Endpoint=requests/types
[13-Mar-2025 04:01:01 Europe/Berlin] Normalized endpoint: types
[13-Mar-2025 04:01:01 Europe/Berlin] Getting request types
[13-Mar-2025 04:01:01 Europe/Berlin] Fetching request types
[13-Mar-2025 04:01:01 Europe/Berlin] Executing request types query: SELECT type_id, name, description, requirements, processing_time FROM request_types WHERE is_active = 1 ORDER BY name
[13-Mar-2025 04:01:01 Europe/Berlin] Validating session for token: 0bd9b52f3659baf9e1d0eb28d38c7a4d35ad0dba8878f2eee4a4ea957ce85d9c
[13-Mar-2025 04:01:01 Europe/Berlin] Executing query: SELECT us.*, u.email_verified 
                FROM user_sessions us
                JOIN users u ON us.user_id = u.user_id
                WHERE us.token = ? AND us.is_active = 1 AND us.expires_at > NOW()
[13-Mar-2025 04:01:01 Europe/Berlin] Found 7 request types
[13-Mar-2025 04:01:01 Europe/Berlin] Successfully formatted 7 request types
[13-Mar-2025 04:01:01 Europe/Berlin] Query executed. Row count: 1
[13-Mar-2025 04:01:01 Europe/Berlin] Session found: {"session_id":1,"user_id":2,"token":"0bd9b52f3659baf9e1d0eb28d38c7a4d35ad0dba8878f2eee4a4ea957ce85d9c","device_info":"okhttp\/4.12.0","ip_address":"192.168.1.9","last_activity":"2025-03-12 20:01:01","expires_at":"2025-03-13 16:58:30","is_active":1,"created_at":"2025-03-12 08:58:30","email_verified":1}
[13-Mar-2025 04:01:01 Europe/Berlin] Updating session activity for token: 0bd9b52f3659baf9e1d0eb28d38c7a4d35ad0dba8878f2eee4a4ea957ce85d9c
[13-Mar-2025 04:01:01 Europe/Berlin] Session activity update result: success
[13-Mar-2025 04:01:01 Europe/Berlin] Initializing RequestController
[13-Mar-2025 04:01:01 Europe/Berlin] Attempting to connect to database: mysql:host=localhost;dbname=upang_link
[13-Mar-2025 04:01:01 Europe/Berlin] Database connection successful
[13-Mar-2025 04:01:01 Europe/Berlin] RequestController initialized successfully
[13-Mar-2025 04:01:01 Europe/Berlin] Handling request: Method=GET, Endpoint=requests/statistics
[13-Mar-2025 04:01:01 Europe/Berlin] Normalized endpoint: statistics
[13-Mar-2025 04:01:01 Europe/Berlin] Getting request statistics
[13-Mar-2025 04:01:02 Europe/Berlin] Attempting to connect to database: mysql:host=localhost;dbname=upang_link
[13-Mar-2025 04:01:02 Europe/Berlin] Database connection successful
[13-Mar-2025 04:01:02 Europe/Berlin] Initializing RequestController
[13-Mar-2025 04:01:02 Europe/Berlin] Attempting to connect to database: mysql:host=localhost;dbname=upang_link
[13-Mar-2025 04:01:02 Europe/Berlin] Database connection successful
[13-Mar-2025 04:01:02 Europe/Berlin] RequestController initialized successfully
[13-Mar-2025 04:01:02 Europe/Berlin] Handling request: Method=GET, Endpoint=requests/types
[13-Mar-2025 04:01:02 Europe/Berlin] Normalized endpoint: types
[13-Mar-2025 04:01:02 Europe/Berlin] Getting request types
[13-Mar-2025 04:01:02 Europe/Berlin] Fetching request types
[13-Mar-2025 04:01:02 Europe/Berlin] Executing request types query: SELECT type_id, name, description, requirements, processing_time FROM request_types WHERE is_active = 1 ORDER BY name
[13-Mar-2025 04:01:02 Europe/Berlin] Found 7 request types
[13-Mar-2025 04:01:02 Europe/Berlin] Successfully formatted 7 request types
[13-Mar-2025 04:01:32 Europe/Berlin] Attempting to connect to database: mysql:host=localhost;dbname=upang_link
[13-Mar-2025 04:01:32 Europe/Berlin] Database connection successful
[13-Mar-2025 04:01:32 Europe/Berlin] Initializing RequestController
[13-Mar-2025 04:01:32 Europe/Berlin] Attempting to connect to database: mysql:host=localhost;dbname=upang_link
[13-Mar-2025 04:01:32 Europe/Berlin] Database connection successful
[13-Mar-2025 04:01:32 Europe/Berlin] RequestController initialized successfully
[13-Mar-2025 04:01:32 Europe/Berlin] Handling request: Method=GET, Endpoint=requests/types
[13-Mar-2025 04:01:32 Europe/Berlin] Normalized endpoint: types
[13-Mar-2025 04:01:32 Europe/Berlin] Getting request types
[13-Mar-2025 04:01:32 Europe/Berlin] Fetching request types
[13-Mar-2025 04:01:32 Europe/Berlin] Executing request types query: SELECT type_id, name, description, requirements, processing_time FROM request_types WHERE is_active = 1 ORDER BY name
[13-Mar-2025 04:01:32 Europe/Berlin] Found 7 request types
[13-Mar-2025 04:01:32 Europe/Berlin] Successfully formatted 7 request types
[13-Mar-2025 04:04:09 Europe/Berlin] Attempting to connect to database: mysql:host=localhost;dbname=upang_link
[13-Mar-2025 04:04:09 Europe/Berlin] Database connection successful
[13-Mar-2025 04:04:09 Europe/Berlin] Validating session for token: 0bd9b52f3659baf9e1d0eb28d38c7a4d35ad0dba8878f2eee4a4ea957ce85d9c
[13-Mar-2025 04:04:09 Europe/Berlin] Executing query: SELECT us.*, u.email_verified 
                FROM user_sessions us
                JOIN users u ON us.user_id = u.user_id
                WHERE us.token = ? AND us.is_active = 1 AND us.expires_at > NOW()
[13-Mar-2025 04:04:09 Europe/Berlin] Query executed. Row count: 1
[13-Mar-2025 04:04:09 Europe/Berlin] Session found: {"session_id":1,"user_id":2,"token":"0bd9b52f3659baf9e1d0eb28d38c7a4d35ad0dba8878f2eee4a4ea957ce85d9c","device_info":"okhttp\/4.12.0","ip_address":"192.168.1.9","last_activity":"2025-03-12 20:01:31","expires_at":"2025-03-13 16:58:30","is_active":1,"created_at":"2025-03-12 08:58:30","email_verified":1}
[13-Mar-2025 04:04:09 Europe/Berlin] Updating session activity for token: 0bd9b52f3659baf9e1d0eb28d38c7a4d35ad0dba8878f2eee4a4ea957ce85d9c
[13-Mar-2025 04:04:09 Europe/Berlin] Session activity update result: success
[13-Mar-2025 04:04:11 Europe/Berlin] Attempting to connect to database: mysql:host=localhost;dbname=upang_link
[13-Mar-2025 04:04:11 Europe/Berlin] Database connection successful
[13-Mar-2025 04:04:11 Europe/Berlin] Attempting to connect to database: mysql:host=localhost;dbname=upang_link
[13-Mar-2025 04:04:11 Europe/Berlin] Database connection successful
[13-Mar-2025 04:04:11 Europe/Berlin] Validating session for token: 0bd9b52f3659baf9e1d0eb28d38c7a4d35ad0dba8878f2eee4a4ea957ce85d9c
[13-Mar-2025 04:04:11 Europe/Berlin] Executing query: SELECT us.*, u.email_verified 
                FROM user_sessions us
                JOIN users u ON us.user_id = u.user_id
                WHERE us.token = ? AND us.is_active = 1 AND us.expires_at > NOW()
[13-Mar-2025 04:04:11 Europe/Berlin] Query executed. Row count: 1
[13-Mar-2025 04:04:11 Europe/Berlin] Session found: {"session_id":1,"user_id":2,"token":"0bd9b52f3659baf9e1d0eb28d38c7a4d35ad0dba8878f2eee4a4ea957ce85d9c","device_info":"okhttp\/4.12.0","ip_address":"192.168.1.9","last_activity":"2025-03-12 20:04:11","expires_at":"2025-03-13 16:58:30","is_active":1,"created_at":"2025-03-12 08:58:30","email_verified":1}
[13-Mar-2025 04:04:11 Europe/Berlin] Updating session activity for token: 0bd9b52f3659baf9e1d0eb28d38c7a4d35ad0dba8878f2eee4a4ea957ce85d9c
[13-Mar-2025 04:04:11 Europe/Berlin] Session activity update result: success
[13-Mar-2025 04:04:11 Europe/Berlin] Initializing RequestController
[13-Mar-2025 04:04:11 Europe/Berlin] Attempting to connect to database: mysql:host=localhost;dbname=upang_link
[13-Mar-2025 04:04:11 Europe/Berlin] Initializing RequestController
[13-Mar-2025 04:04:11 Europe/Berlin] Database connection successful
[13-Mar-2025 04:04:11 Europe/Berlin] Attempting to connect to database: mysql:host=localhost;dbname=upang_link
[13-Mar-2025 04:04:11 Europe/Berlin] RequestController initialized successfully
[13-Mar-2025 04:04:11 Europe/Berlin] Handling request: Method=GET, Endpoint=requests/statistics
[13-Mar-2025 04:04:11 Europe/Berlin] Normalized endpoint: statistics
[13-Mar-2025 04:04:11 Europe/Berlin] Getting request statistics
[13-Mar-2025 04:04:11 Europe/Berlin] Database connection successful
[13-Mar-2025 04:04:11 Europe/Berlin] RequestController initialized successfully
[13-Mar-2025 04:04:11 Europe/Berlin] Handling request: Method=GET, Endpoint=requests/types
[13-Mar-2025 04:04:11 Europe/Berlin] Normalized endpoint: types
[13-Mar-2025 04:04:11 Europe/Berlin] Getting request types
[13-Mar-2025 04:04:11 Europe/Berlin] Fetching request types
[13-Mar-2025 04:04:11 Europe/Berlin] Executing request types query: SELECT type_id, name, description, requirements, processing_time FROM request_types WHERE is_active = 1 ORDER BY name
[13-Mar-2025 04:04:11 Europe/Berlin] Found 7 request types
[13-Mar-2025 04:04:11 Europe/Berlin] Successfully formatted 7 request types
[13-Mar-2025 04:04:12 Europe/Berlin] Attempting to connect to database: mysql:host=localhost;dbname=upang_link
[13-Mar-2025 04:04:12 Europe/Berlin] Database connection successful
[13-Mar-2025 04:04:12 Europe/Berlin] Initializing RequestController
[13-Mar-2025 04:04:12 Europe/Berlin] Attempting to connect to database: mysql:host=localhost;dbname=upang_link
[13-Mar-2025 04:04:12 Europe/Berlin] Database connection successful
[13-Mar-2025 04:04:12 Europe/Berlin] RequestController initialized successfully
[13-Mar-2025 04:04:12 Europe/Berlin] Handling request: Method=GET, Endpoint=requests/types
[13-Mar-2025 04:04:12 Europe/Berlin] Normalized endpoint: types
[13-Mar-2025 04:04:12 Europe/Berlin] Getting request types
[13-Mar-2025 04:04:12 Europe/Berlin] Fetching request types
[13-Mar-2025 04:04:12 Europe/Berlin] Executing request types query: SELECT type_id, name, description, requirements, processing_time FROM request_types WHERE is_active = 1 ORDER BY name
[13-Mar-2025 04:04:12 Europe/Berlin] Found 7 request types
[13-Mar-2025 04:04:12 Europe/Berlin] Successfully formatted 7 request types
[13-Mar-2025 04:06:57 Europe/Berlin] Attempting to connect to database: mysql:host=localhost;dbname=upang_link
[13-Mar-2025 04:06:57 Europe/Berlin] Database connection successful
[13-Mar-2025 04:06:57 Europe/Berlin] Validating session for token: 0bd9b52f3659baf9e1d0eb28d38c7a4d35ad0dba8878f2eee4a4ea957ce85d9c
[13-Mar-2025 04:06:57 Europe/Berlin] Executing query: SELECT us.*, u.email_verified 
                FROM user_sessions us
                JOIN users u ON us.user_id = u.user_id
                WHERE us.token = ? AND us.is_active = 1 AND us.expires_at > NOW()
[13-Mar-2025 04:06:57 Europe/Berlin] Query executed. Row count: 1
[13-Mar-2025 04:06:57 Europe/Berlin] Session found: {"session_id":1,"user_id":2,"token":"0bd9b52f3659baf9e1d0eb28d38c7a4d35ad0dba8878f2eee4a4ea957ce85d9c","device_info":"okhttp\/4.12.0","ip_address":"192.168.1.9","last_activity":"2025-03-12 20:04:11","expires_at":"2025-03-13 16:58:30","is_active":1,"created_at":"2025-03-12 08:58:30","email_verified":1}
[13-Mar-2025 04:06:57 Europe/Berlin] Updating session activity for token: 0bd9b52f3659baf9e1d0eb28d38c7a4d35ad0dba8878f2eee4a4ea957ce85d9c
[13-Mar-2025 04:06:57 Europe/Berlin] Session activity update result: success
[13-Mar-2025 04:07:05 Europe/Berlin] Attempting to connect to database: mysql:host=localhost;dbname=upang_link
[13-Mar-2025 04:07:05 Europe/Berlin] Database connection successful
[13-Mar-2025 04:07:05 Europe/Berlin] Validating session for token: 0bd9b52f3659baf9e1d0eb28d38c7a4d35ad0dba8878f2eee4a4ea957ce85d9c
[13-Mar-2025 04:07:05 Europe/Berlin] Executing query: SELECT us.*, u.email_verified 
                FROM user_sessions us
                JOIN users u ON us.user_id = u.user_id
                WHERE us.token = ? AND us.is_active = 1 AND us.expires_at > NOW()
[13-Mar-2025 04:07:05 Europe/Berlin] Query executed. Row count: 1
[13-Mar-2025 04:07:05 Europe/Berlin] Session found: {"session_id":1,"user_id":2,"token":"0bd9b52f3659baf9e1d0eb28d38c7a4d35ad0dba8878f2eee4a4ea957ce85d9c","device_info":"okhttp\/4.12.0","ip_address":"192.168.1.9","last_activity":"2025-03-12 20:07:05","expires_at":"2025-03-13 16:58:30","is_active":1,"created_at":"2025-03-12 08:58:30","email_verified":1}
[13-Mar-2025 04:07:05 Europe/Berlin] Updating session activity for token: 0bd9b52f3659baf9e1d0eb28d38c7a4d35ad0dba8878f2eee4a4ea957ce85d9c
[13-Mar-2025 04:07:05 Europe/Berlin] Session activity update result: success
[13-Mar-2025 04:07:05 Europe/Berlin] Initializing RequestController
[13-Mar-2025 04:07:05 Europe/Berlin] Attempting to connect to database: mysql:host=localhost;dbname=upang_link
[13-Mar-2025 04:07:05 Europe/Berlin] Attempting to connect to database: mysql:host=localhost;dbname=upang_link
[13-Mar-2025 04:07:05 Europe/Berlin] Database connection successful
[13-Mar-2025 04:07:05 Europe/Berlin] RequestController initialized successfully
[13-Mar-2025 04:07:05 Europe/Berlin] Handling request: Method=GET, Endpoint=requests/statistics
[13-Mar-2025 04:07:05 Europe/Berlin] Normalized endpoint: statistics
[13-Mar-2025 04:07:05 Europe/Berlin] Database connection successful
[13-Mar-2025 04:07:05 Europe/Berlin] Getting request statistics
[13-Mar-2025 04:07:05 Europe/Berlin] Initializing RequestController
[13-Mar-2025 04:07:05 Europe/Berlin] Attempting to connect to database: mysql:host=localhost;dbname=upang_link
[13-Mar-2025 04:07:05 Europe/Berlin] Database connection successful
[13-Mar-2025 04:07:05 Europe/Berlin] RequestController initialized successfully
[13-Mar-2025 04:07:05 Europe/Berlin] Handling request: Method=GET, Endpoint=requests/types
[13-Mar-2025 04:07:05 Europe/Berlin] Normalized endpoint: types
[13-Mar-2025 04:07:05 Europe/Berlin] Getting request types
[13-Mar-2025 04:07:05 Europe/Berlin] Fetching request types
[13-Mar-2025 04:07:05 Europe/Berlin] Executing request types query: SELECT type_id, name, description, requirements, processing_time FROM request_types WHERE is_active = 1 ORDER BY name
[13-Mar-2025 04:07:05 Europe/Berlin] Found 7 request types
[13-Mar-2025 04:07:05 Europe/Berlin] Successfully formatted 7 request types
[13-Mar-2025 04:07:06 Europe/Berlin] Attempting to connect to database: mysql:host=localhost;dbname=upang_link
[13-Mar-2025 04:07:06 Europe/Berlin] Database connection successful
[13-Mar-2025 04:07:06 Europe/Berlin] Initializing RequestController
[13-Mar-2025 04:07:06 Europe/Berlin] Attempting to connect to database: mysql:host=localhost;dbname=upang_link
[13-Mar-2025 04:07:06 Europe/Berlin] Database connection successful
[13-Mar-2025 04:07:06 Europe/Berlin] RequestController initialized successfully
[13-Mar-2025 04:07:06 Europe/Berlin] Handling request: Method=GET, Endpoint=requests/types
[13-Mar-2025 04:07:06 Europe/Berlin] Normalized endpoint: types
[13-Mar-2025 04:07:06 Europe/Berlin] Getting request types
[13-Mar-2025 04:07:06 Europe/Berlin] Fetching request types
[13-Mar-2025 04:07:06 Europe/Berlin] Executing request types query: SELECT type_id, name, description, requirements, processing_time FROM request_types WHERE is_active = 1 ORDER BY name
[13-Mar-2025 04:07:06 Europe/Berlin] Found 7 request types
[13-Mar-2025 04:07:06 Europe/Berlin] Successfully formatted 7 request types
[13-Mar-2025 04:09:20 Europe/Berlin] Attempting to connect to database: mysql:host=localhost;dbname=upang_link
[13-Mar-2025 04:09:20 Europe/Berlin] Database connection successful
[13-Mar-2025 04:09:20 Europe/Berlin] Validating session for token: 0bd9b52f3659baf9e1d0eb28d38c7a4d35ad0dba8878f2eee4a4ea957ce85d9c
[13-Mar-2025 04:09:20 Europe/Berlin] Executing query: SELECT us.*, u.email_verified 
                FROM user_sessions us
                JOIN users u ON us.user_id = u.user_id
                WHERE us.token = ? AND us.is_active = 1 AND us.expires_at > NOW()
[13-Mar-2025 04:09:20 Europe/Berlin] Query executed. Row count: 1
[13-Mar-2025 04:09:20 Europe/Berlin] Session found: {"session_id":1,"user_id":2,"token":"0bd9b52f3659baf9e1d0eb28d38c7a4d35ad0dba8878f2eee4a4ea957ce85d9c","device_info":"okhttp\/4.12.0","ip_address":"192.168.1.9","last_activity":"2025-03-12 20:07:05","expires_at":"2025-03-13 16:58:30","is_active":1,"created_at":"2025-03-12 08:58:30","email_verified":1}
[13-Mar-2025 04:09:20 Europe/Berlin] Updating session activity for token: 0bd9b52f3659baf9e1d0eb28d38c7a4d35ad0dba8878f2eee4a4ea957ce85d9c
[13-Mar-2025 04:09:20 Europe/Berlin] Session activity update result: success
[13-Mar-2025 04:09:22 Europe/Berlin] Attempting to connect to database: mysql:host=localhost;dbname=upang_link
[13-Mar-2025 04:09:22 Europe/Berlin] Attempting to connect to database: mysql:host=localhost;dbname=upang_link
[13-Mar-2025 04:09:22 Europe/Berlin] Database connection successful
[13-Mar-2025 04:09:22 Europe/Berlin] Database connection successful
[13-Mar-2025 04:09:22 Europe/Berlin] Validating session for token: 0bd9b52f3659baf9e1d0eb28d38c7a4d35ad0dba8878f2eee4a4ea957ce85d9c
[13-Mar-2025 04:09:22 Europe/Berlin] Executing query: SELECT us.*, u.email_verified 
                FROM user_sessions us
                JOIN users u ON us.user_id = u.user_id
                WHERE us.token = ? AND us.is_active = 1 AND us.expires_at > NOW()
[13-Mar-2025 04:09:22 Europe/Berlin] Query executed. Row count: 1
[13-Mar-2025 04:09:22 Europe/Berlin] Session found: {"session_id":1,"user_id":2,"token":"0bd9b52f3659baf9e1d0eb28d38c7a4d35ad0dba8878f2eee4a4ea957ce85d9c","device_info":"okhttp\/4.12.0","ip_address":"192.168.1.9","last_activity":"2025-03-12 20:09:22","expires_at":"2025-03-13 16:58:30","is_active":1,"created_at":"2025-03-12 08:58:30","email_verified":1}
[13-Mar-2025 04:09:22 Europe/Berlin] Updating session activity for token: 0bd9b52f3659baf9e1d0eb28d38c7a4d35ad0dba8878f2eee4a4ea957ce85d9c
[13-Mar-2025 04:09:22 Europe/Berlin] Session activity update result: success
[13-Mar-2025 04:09:22 Europe/Berlin] Initializing RequestController
[13-Mar-2025 04:09:22 Europe/Berlin] Attempting to connect to database: mysql:host=localhost;dbname=upang_link
[13-Mar-2025 04:09:22 Europe/Berlin] Initializing RequestController
[13-Mar-2025 04:09:22 Europe/Berlin] Attempting to connect to database: mysql:host=localhost;dbname=upang_link
[13-Mar-2025 04:09:22 Europe/Berlin] Database connection successful
[13-Mar-2025 04:09:22 Europe/Berlin] Database connection successful
[13-Mar-2025 04:09:22 Europe/Berlin] RequestController initialized successfully
[13-Mar-2025 04:09:22 Europe/Berlin] RequestController initialized successfully
[13-Mar-2025 04:09:22 Europe/Berlin] Handling request: Method=GET, Endpoint=requests/statistics
[13-Mar-2025 04:09:22 Europe/Berlin] Handling request: Method=GET, Endpoint=requests/types
[13-Mar-2025 04:09:22 Europe/Berlin] Normalized endpoint: statistics
[13-Mar-2025 04:09:22 Europe/Berlin] Normalized endpoint: types
[13-Mar-2025 04:09:22 Europe/Berlin] Getting request statistics
[13-Mar-2025 04:09:22 Europe/Berlin] Getting request types
[13-Mar-2025 04:09:22 Europe/Berlin] Fetching request types
[13-Mar-2025 04:09:22 Europe/Berlin] Executing request types query: SELECT type_id, name, description, requirements, processing_time FROM request_types WHERE is_active = 1 ORDER BY name
[13-Mar-2025 04:09:22 Europe/Berlin] Found 7 request types
[13-Mar-2025 04:09:22 Europe/Berlin] Successfully formatted 7 request types
[13-Mar-2025 04:09:23 Europe/Berlin] Attempting to connect to database: mysql:host=localhost;dbname=upang_link
[13-Mar-2025 04:09:23 Europe/Berlin] Database connection successful
[13-Mar-2025 04:09:23 Europe/Berlin] Initializing RequestController
[13-Mar-2025 04:09:23 Europe/Berlin] Attempting to connect to database: mysql:host=localhost;dbname=upang_link
[13-Mar-2025 04:09:23 Europe/Berlin] Database connection successful
[13-Mar-2025 04:09:23 Europe/Berlin] RequestController initialized successfully
[13-Mar-2025 04:09:23 Europe/Berlin] Handling request: Method=GET, Endpoint=requests/types
[13-Mar-2025 04:09:23 Europe/Berlin] Normalized endpoint: types
[13-Mar-2025 04:09:23 Europe/Berlin] Getting request types
[13-Mar-2025 04:09:23 Europe/Berlin] Fetching request types
[13-Mar-2025 04:09:23 Europe/Berlin] Executing request types query: SELECT type_id, name, description, requirements, processing_time FROM request_types WHERE is_active = 1 ORDER BY name
[13-Mar-2025 04:09:23 Europe/Berlin] Found 7 request types
[13-Mar-2025 04:09:23 Europe/Berlin] Successfully formatted 7 request types
[13-Mar-2025 04:13:52 Europe/Berlin] Attempting to connect to database: mysql:host=localhost;dbname=upang_link
[13-Mar-2025 04:13:52 Europe/Berlin] Database connection successful
[13-Mar-2025 04:13:52 Europe/Berlin] Validating session for token: 0bd9b52f3659baf9e1d0eb28d38c7a4d35ad0dba8878f2eee4a4ea957ce85d9c
[13-Mar-2025 04:13:52 Europe/Berlin] Executing query: SELECT us.*, u.email_verified 
                FROM user_sessions us
                JOIN users u ON us.user_id = u.user_id
                WHERE us.token = ? AND us.is_active = 1 AND us.expires_at > NOW()
[13-Mar-2025 04:13:52 Europe/Berlin] Query executed. Row count: 1
[13-Mar-2025 04:13:52 Europe/Berlin] Session found: {"session_id":1,"user_id":2,"token":"0bd9b52f3659baf9e1d0eb28d38c7a4d35ad0dba8878f2eee4a4ea957ce85d9c","device_info":"okhttp\/4.12.0","ip_address":"192.168.1.9","last_activity":"2025-03-12 20:09:22","expires_at":"2025-03-13 16:58:30","is_active":1,"created_at":"2025-03-12 08:58:30","email_verified":1}
[13-Mar-2025 04:13:52 Europe/Berlin] Updating session activity for token: 0bd9b52f3659baf9e1d0eb28d38c7a4d35ad0dba8878f2eee4a4ea957ce85d9c
[13-Mar-2025 04:13:52 Europe/Berlin] Session activity update result: success
[13-Mar-2025 04:13:59 Europe/Berlin] Attempting to connect to database: mysql:host=localhost;dbname=upang_link
[13-Mar-2025 04:13:59 Europe/Berlin] Attempting to connect to database: mysql:host=localhost;dbname=upang_link
[13-Mar-2025 04:13:59 Europe/Berlin] Database connection successful
[13-Mar-2025 04:13:59 Europe/Berlin] Database connection successful
[13-Mar-2025 04:13:59 Europe/Berlin] Validating session for token: 0bd9b52f3659baf9e1d0eb28d38c7a4d35ad0dba8878f2eee4a4ea957ce85d9c
[13-Mar-2025 04:13:59 Europe/Berlin] Executing query: SELECT us.*, u.email_verified 
                FROM user_sessions us
                JOIN users u ON us.user_id = u.user_id
                WHERE us.token = ? AND us.is_active = 1 AND us.expires_at > NOW()
[13-Mar-2025 04:13:59 Europe/Berlin] Query executed. Row count: 1
[13-Mar-2025 04:13:59 Europe/Berlin] Session found: {"session_id":1,"user_id":2,"token":"0bd9b52f3659baf9e1d0eb28d38c7a4d35ad0dba8878f2eee4a4ea957ce85d9c","device_info":"okhttp\/4.12.0","ip_address":"192.168.1.9","last_activity":"2025-03-12 20:13:59","expires_at":"2025-03-13 16:58:30","is_active":1,"created_at":"2025-03-12 08:58:30","email_verified":1}
[13-Mar-2025 04:13:59 Europe/Berlin] Updating session activity for token: 0bd9b52f3659baf9e1d0eb28d38c7a4d35ad0dba8878f2eee4a4ea957ce85d9c
[13-Mar-2025 04:13:59 Europe/Berlin] Initializing RequestController
[13-Mar-2025 04:13:59 Europe/Berlin] Session activity update result: success
[13-Mar-2025 04:13:59 Europe/Berlin] Attempting to connect to database: mysql:host=localhost;dbname=upang_link
[13-Mar-2025 04:13:59 Europe/Berlin] Initializing RequestController
[13-Mar-2025 04:13:59 Europe/Berlin] Database connection successful
[13-Mar-2025 04:13:59 Europe/Berlin] Attempting to connect to database: mysql:host=localhost;dbname=upang_link
[13-Mar-2025 04:13:59 Europe/Berlin] RequestController initialized successfully
[13-Mar-2025 04:13:59 Europe/Berlin] Handling request: Method=GET, Endpoint=requests/types
[13-Mar-2025 04:13:59 Europe/Berlin] Normalized endpoint: types
[13-Mar-2025 04:13:59 Europe/Berlin] Getting request types
[13-Mar-2025 04:13:59 Europe/Berlin] Fetching request types
[13-Mar-2025 04:13:59 Europe/Berlin] Executing request types query: SELECT type_id, name, description, requirements, processing_time FROM request_types WHERE is_active = 1 ORDER BY name
[13-Mar-2025 04:13:59 Europe/Berlin] Found 7 request types
[13-Mar-2025 04:13:59 Europe/Berlin] Successfully formatted 7 request types
[13-Mar-2025 04:13:59 Europe/Berlin] Database connection successful
[13-Mar-2025 04:13:59 Europe/Berlin] RequestController initialized successfully
[13-Mar-2025 04:13:59 Europe/Berlin] Handling request: Method=GET, Endpoint=requests/statistics
[13-Mar-2025 04:13:59 Europe/Berlin] Normalized endpoint: statistics
[13-Mar-2025 04:13:59 Europe/Berlin] Getting request statistics
[13-Mar-2025 04:14:00 Europe/Berlin] Attempting to connect to database: mysql:host=localhost;dbname=upang_link
[13-Mar-2025 04:14:00 Europe/Berlin] Database connection successful
[13-Mar-2025 04:14:00 Europe/Berlin] Initializing RequestController
[13-Mar-2025 04:14:00 Europe/Berlin] Attempting to connect to database: mysql:host=localhost;dbname=upang_link
[13-Mar-2025 04:14:00 Europe/Berlin] Database connection successful
[13-Mar-2025 04:14:00 Europe/Berlin] RequestController initialized successfully
[13-Mar-2025 04:14:00 Europe/Berlin] Handling request: Method=GET, Endpoint=requests/types
[13-Mar-2025 04:14:00 Europe/Berlin] Normalized endpoint: types
[13-Mar-2025 04:14:00 Europe/Berlin] Getting request types
[13-Mar-2025 04:14:00 Europe/Berlin] Fetching request types
[13-Mar-2025 04:14:00 Europe/Berlin] Executing request types query: SELECT type_id, name, description, requirements, processing_time FROM request_types WHERE is_active = 1 ORDER BY name
[13-Mar-2025 04:14:00 Europe/Berlin] Found 7 request types
[13-Mar-2025 04:14:00 Europe/Berlin] Successfully formatted 7 request types
[13-Mar-2025 04:30:37 Europe/Berlin] Attempting to connect to database: mysql:host=localhost;dbname=upang_link
[13-Mar-2025 04:30:37 Europe/Berlin] Database connection successful
[13-Mar-2025 04:30:37 Europe/Berlin] Validating session for token: 0bd9b52f3659baf9e1d0eb28d38c7a4d35ad0dba8878f2eee4a4ea957ce85d9c
[13-Mar-2025 04:30:37 Europe/Berlin] Executing query: SELECT us.*, u.email_verified 
                FROM user_sessions us
                JOIN users u ON us.user_id = u.user_id
                WHERE us.token = ? AND us.is_active = 1 AND us.expires_at > NOW()
[13-Mar-2025 04:30:37 Europe/Berlin] Query executed. Row count: 1
[13-Mar-2025 04:30:37 Europe/Berlin] Session found: {"session_id":1,"user_id":2,"token":"0bd9b52f3659baf9e1d0eb28d38c7a4d35ad0dba8878f2eee4a4ea957ce85d9c","device_info":"okhttp\/4.12.0","ip_address":"192.168.1.9","last_activity":"2025-03-12 20:13:59","expires_at":"2025-03-13 16:58:30","is_active":1,"created_at":"2025-03-12 08:58:30","email_verified":1}
[13-Mar-2025 04:30:37 Europe/Berlin] Updating session activity for token: 0bd9b52f3659baf9e1d0eb28d38c7a4d35ad0dba8878f2eee4a4ea957ce85d9c
[13-Mar-2025 04:30:37 Europe/Berlin] Session activity update result: success
[13-Mar-2025 04:30:41 Europe/Berlin] Attempting to connect to database: mysql:host=localhost;dbname=upang_link
[13-Mar-2025 04:30:41 Europe/Berlin] Attempting to connect to database: mysql:host=localhost;dbname=upang_link
[13-Mar-2025 04:30:41 Europe/Berlin] Database connection successful
[13-Mar-2025 04:30:41 Europe/Berlin] Database connection successful
[13-Mar-2025 04:30:41 Europe/Berlin] Validating session for token: 0bd9b52f3659baf9e1d0eb28d38c7a4d35ad0dba8878f2eee4a4ea957ce85d9c
[13-Mar-2025 04:30:41 Europe/Berlin] Executing query: SELECT us.*, u.email_verified 
                FROM user_sessions us
                JOIN users u ON us.user_id = u.user_id
                WHERE us.token = ? AND us.is_active = 1 AND us.expires_at > NOW()
[13-Mar-2025 04:30:41 Europe/Berlin] Query executed. Row count: 1
[13-Mar-2025 04:30:41 Europe/Berlin] Session found: {"session_id":1,"user_id":2,"token":"0bd9b52f3659baf9e1d0eb28d38c7a4d35ad0dba8878f2eee4a4ea957ce85d9c","device_info":"okhttp\/4.12.0","ip_address":"192.168.1.9","last_activity":"2025-03-12 20:30:41","expires_at":"2025-03-13 16:58:30","is_active":1,"created_at":"2025-03-12 08:58:30","email_verified":1}
[13-Mar-2025 04:30:41 Europe/Berlin] Updating session activity for token: 0bd9b52f3659baf9e1d0eb28d38c7a4d35ad0dba8878f2eee4a4ea957ce85d9c
[13-Mar-2025 04:30:41 Europe/Berlin] Initializing RequestController
[13-Mar-2025 04:30:41 Europe/Berlin] Session activity update result: success
[13-Mar-2025 04:30:41 Europe/Berlin] Attempting to connect to database: mysql:host=localhost;dbname=upang_link
[13-Mar-2025 04:30:41 Europe/Berlin] Database connection successful
[13-Mar-2025 04:30:41 Europe/Berlin] Initializing RequestController
[13-Mar-2025 04:30:41 Europe/Berlin] Attempting to connect to database: mysql:host=localhost;dbname=upang_link
[13-Mar-2025 04:30:41 Europe/Berlin] RequestController initialized successfully
[13-Mar-2025 04:30:41 Europe/Berlin] Handling request: Method=GET, Endpoint=requests/types
[13-Mar-2025 04:30:41 Europe/Berlin] Normalized endpoint: types
[13-Mar-2025 04:30:41 Europe/Berlin] Getting request types
[13-Mar-2025 04:30:41 Europe/Berlin] Fetching request types
[13-Mar-2025 04:30:41 Europe/Berlin] Executing request types query: SELECT type_id, name, description, requirements, processing_time FROM request_types WHERE is_active = 1 ORDER BY name
[13-Mar-2025 04:30:41 Europe/Berlin] Database connection successful
[13-Mar-2025 04:30:41 Europe/Berlin] Found 7 request types
[13-Mar-2025 04:30:41 Europe/Berlin] RequestController initialized successfully
[13-Mar-2025 04:30:41 Europe/Berlin] Handling request: Method=GET, Endpoint=requests/statistics
[13-Mar-2025 04:30:41 Europe/Berlin] Successfully formatted 7 request types
[13-Mar-2025 04:30:41 Europe/Berlin] Normalized endpoint: statistics
[13-Mar-2025 04:30:41 Europe/Berlin] Getting request statistics
[13-Mar-2025 04:30:43 Europe/Berlin] Attempting to connect to database: mysql:host=localhost;dbname=upang_link
[13-Mar-2025 04:30:43 Europe/Berlin] Database connection successful
[13-Mar-2025 04:30:43 Europe/Berlin] Initializing RequestController
[13-Mar-2025 04:30:43 Europe/Berlin] Attempting to connect to database: mysql:host=localhost;dbname=upang_link
[13-Mar-2025 04:30:43 Europe/Berlin] Database connection successful
[13-Mar-2025 04:30:43 Europe/Berlin] RequestController initialized successfully
[13-Mar-2025 04:30:43 Europe/Berlin] Handling request: Method=GET, Endpoint=requests/types
[13-Mar-2025 04:30:43 Europe/Berlin] Normalized endpoint: types
[13-Mar-2025 04:30:43 Europe/Berlin] Getting request types
[13-Mar-2025 04:30:43 Europe/Berlin] Fetching request types
[13-Mar-2025 04:30:43 Europe/Berlin] Executing request types query: SELECT type_id, name, description, requirements, processing_time FROM request_types WHERE is_active = 1 ORDER BY name
[13-Mar-2025 04:30:43 Europe/Berlin] Found 7 request types
[13-Mar-2025 04:30:43 Europe/Berlin] Successfully formatted 7 request types
[13-Mar-2025 04:32:53 Europe/Berlin] Attempting to connect to database: mysql:host=localhost;dbname=upang_link
[13-Mar-2025 04:32:53 Europe/Berlin] Database connection successful
[13-Mar-2025 04:32:53 Europe/Berlin] Validating session for token: 0bd9b52f3659baf9e1d0eb28d38c7a4d35ad0dba8878f2eee4a4ea957ce85d9c
[13-Mar-2025 04:32:53 Europe/Berlin] Executing query: SELECT us.*, u.email_verified 
                FROM user_sessions us
                JOIN users u ON us.user_id = u.user_id
                WHERE us.token = ? AND us.is_active = 1 AND us.expires_at > NOW()
[13-Mar-2025 04:32:53 Europe/Berlin] Query executed. Row count: 1
[13-Mar-2025 04:32:53 Europe/Berlin] Session found: {"session_id":1,"user_id":2,"token":"0bd9b52f3659baf9e1d0eb28d38c7a4d35ad0dba8878f2eee4a4ea957ce85d9c","device_info":"okhttp\/4.12.0","ip_address":"192.168.1.9","last_activity":"2025-03-12 20:30:41","expires_at":"2025-03-13 16:58:30","is_active":1,"created_at":"2025-03-12 08:58:30","email_verified":1}
[13-Mar-2025 04:32:53 Europe/Berlin] Updating session activity for token: 0bd9b52f3659baf9e1d0eb28d38c7a4d35ad0dba8878f2eee4a4ea957ce85d9c
[13-Mar-2025 04:32:53 Europe/Berlin] Session activity update result: success
[13-Mar-2025 04:32:58 Europe/Berlin] Attempting to connect to database: mysql:host=localhost;dbname=upang_link
[13-Mar-2025 04:32:58 Europe/Berlin] Attempting to connect to database: mysql:host=localhost;dbname=upang_link
[13-Mar-2025 04:32:58 Europe/Berlin] Database connection successful
[13-Mar-2025 04:32:58 Europe/Berlin] Database connection successful
[13-Mar-2025 04:32:58 Europe/Berlin] Validating session for token: 0bd9b52f3659baf9e1d0eb28d38c7a4d35ad0dba8878f2eee4a4ea957ce85d9c
[13-Mar-2025 04:32:58 Europe/Berlin] Executing query: SELECT us.*, u.email_verified 
                FROM user_sessions us
                JOIN users u ON us.user_id = u.user_id
                WHERE us.token = ? AND us.is_active = 1 AND us.expires_at > NOW()
[13-Mar-2025 04:32:58 Europe/Berlin] Query executed. Row count: 1
[13-Mar-2025 04:32:58 Europe/Berlin] Initializing RequestController
[13-Mar-2025 04:32:58 Europe/Berlin] Session found: {"session_id":1,"user_id":2,"token":"0bd9b52f3659baf9e1d0eb28d38c7a4d35ad0dba8878f2eee4a4ea957ce85d9c","device_info":"okhttp\/4.12.0","ip_address":"192.168.1.9","last_activity":"2025-03-12 20:32:58","expires_at":"2025-03-13 16:58:30","is_active":1,"created_at":"2025-03-12 08:58:30","email_verified":1}
[13-Mar-2025 04:32:58 Europe/Berlin] Attempting to connect to database: mysql:host=localhost;dbname=upang_link
[13-Mar-2025 04:32:58 Europe/Berlin] Updating session activity for token: 0bd9b52f3659baf9e1d0eb28d38c7a4d35ad0dba8878f2eee4a4ea957ce85d9c
[13-Mar-2025 04:32:58 Europe/Berlin] Session activity update result: success
[13-Mar-2025 04:32:58 Europe/Berlin] Database connection successful
[13-Mar-2025 04:32:58 Europe/Berlin] RequestController initialized successfully
[13-Mar-2025 04:32:58 Europe/Berlin] Initializing RequestController
[13-Mar-2025 04:32:58 Europe/Berlin] Handling request: Method=GET, Endpoint=requests/types
[13-Mar-2025 04:32:58 Europe/Berlin] Normalized endpoint: types
[13-Mar-2025 04:32:58 Europe/Berlin] Attempting to connect to database: mysql:host=localhost;dbname=upang_link
[13-Mar-2025 04:32:58 Europe/Berlin] Getting request types
[13-Mar-2025 04:32:58 Europe/Berlin] Database connection successful
[13-Mar-2025 04:32:58 Europe/Berlin] Fetching request types
[13-Mar-2025 04:32:58 Europe/Berlin] RequestController initialized successfully
[13-Mar-2025 04:32:58 Europe/Berlin] Handling request: Method=GET, Endpoint=requests/statistics
[13-Mar-2025 04:32:58 Europe/Berlin] Normalized endpoint: statistics
[13-Mar-2025 04:32:58 Europe/Berlin] Getting request statistics
[13-Mar-2025 04:32:58 Europe/Berlin] Executing request types query: SELECT type_id, name, description, requirements, processing_time FROM request_types WHERE is_active = 1 ORDER BY name
[13-Mar-2025 04:32:58 Europe/Berlin] Found 7 request types
[13-Mar-2025 04:32:58 Europe/Berlin] Successfully formatted 7 request types
[13-Mar-2025 04:32:59 Europe/Berlin] Attempting to connect to database: mysql:host=localhost;dbname=upang_link
[13-Mar-2025 04:32:59 Europe/Berlin] Database connection successful
[13-Mar-2025 04:32:59 Europe/Berlin] Initializing RequestController
[13-Mar-2025 04:32:59 Europe/Berlin] Attempting to connect to database: mysql:host=localhost;dbname=upang_link
[13-Mar-2025 04:32:59 Europe/Berlin] Database connection successful
[13-Mar-2025 04:32:59 Europe/Berlin] RequestController initialized successfully
[13-Mar-2025 04:32:59 Europe/Berlin] Handling request: Method=GET, Endpoint=requests/types
[13-Mar-2025 04:32:59 Europe/Berlin] Normalized endpoint: types
[13-Mar-2025 04:32:59 Europe/Berlin] Getting request types
[13-Mar-2025 04:32:59 Europe/Berlin] Fetching request types
[13-Mar-2025 04:32:59 Europe/Berlin] Executing request types query: SELECT type_id, name, description, requirements, processing_time FROM request_types WHERE is_active = 1 ORDER BY name
[13-Mar-2025 04:32:59 Europe/Berlin] Found 7 request types
[13-Mar-2025 04:32:59 Europe/Berlin] Successfully formatted 7 request types
[13-Mar-2025 04:41:51 Europe/Berlin] Attempting to connect to database: mysql:host=localhost;dbname=upang_link
[13-Mar-2025 04:41:51 Europe/Berlin] Database connection successful
[13-Mar-2025 04:41:51 Europe/Berlin] Validating session for token: 0bd9b52f3659baf9e1d0eb28d38c7a4d35ad0dba8878f2eee4a4ea957ce85d9c
[13-Mar-2025 04:41:51 Europe/Berlin] Executing query: SELECT us.*, u.email_verified 
                FROM user_sessions us
                JOIN users u ON us.user_id = u.user_id
                WHERE us.token = ? AND us.is_active = 1 AND us.expires_at > NOW()
[13-Mar-2025 04:41:51 Europe/Berlin] Query executed. Row count: 1
[13-Mar-2025 04:41:51 Europe/Berlin] Session found: {"session_id":1,"user_id":2,"token":"0bd9b52f3659baf9e1d0eb28d38c7a4d35ad0dba8878f2eee4a4ea957ce85d9c","device_info":"okhttp\/4.12.0","ip_address":"192.168.1.9","last_activity":"2025-03-12 20:32:58","expires_at":"2025-03-13 16:58:30","is_active":1,"created_at":"2025-03-12 08:58:30","email_verified":1}
[13-Mar-2025 04:41:51 Europe/Berlin] Updating session activity for token: 0bd9b52f3659baf9e1d0eb28d38c7a4d35ad0dba8878f2eee4a4ea957ce85d9c
[13-Mar-2025 04:41:51 Europe/Berlin] Session activity update result: success
[13-Mar-2025 04:41:54 Europe/Berlin] Attempting to connect to database: mysql:host=localhost;dbname=upang_link
[13-Mar-2025 04:41:54 Europe/Berlin] Attempting to connect to database: mysql:host=localhost;dbname=upang_link
[13-Mar-2025 04:41:54 Europe/Berlin] Database connection successful
[13-Mar-2025 04:41:54 Europe/Berlin] Initializing RequestController
[13-Mar-2025 04:41:54 Europe/Berlin] Attempting to connect to database: mysql:host=localhost;dbname=upang_link
[13-Mar-2025 04:41:54 Europe/Berlin] Database connection successful
[13-Mar-2025 04:41:54 Europe/Berlin] Database connection successful
[13-Mar-2025 04:41:54 Europe/Berlin] RequestController initialized successfully
[13-Mar-2025 04:41:54 Europe/Berlin] Handling request: Method=GET, Endpoint=requests/types
[13-Mar-2025 04:41:54 Europe/Berlin] Normalized endpoint: types
[13-Mar-2025 04:41:54 Europe/Berlin] Validating session for token: 0bd9b52f3659baf9e1d0eb28d38c7a4d35ad0dba8878f2eee4a4ea957ce85d9c
[13-Mar-2025 04:41:54 Europe/Berlin] Getting request types
[13-Mar-2025 04:41:54 Europe/Berlin] Executing query: SELECT us.*, u.email_verified 
                FROM user_sessions us
                JOIN users u ON us.user_id = u.user_id
                WHERE us.token = ? AND us.is_active = 1 AND us.expires_at > NOW()
[13-Mar-2025 04:41:54 Europe/Berlin] Fetching request types
[13-Mar-2025 04:41:54 Europe/Berlin] Executing request types query: SELECT type_id, name, description, requirements, processing_time FROM request_types WHERE is_active = 1 ORDER BY name
[13-Mar-2025 04:41:54 Europe/Berlin] Query executed. Row count: 1
[13-Mar-2025 04:41:54 Europe/Berlin] Session found: {"session_id":1,"user_id":2,"token":"0bd9b52f3659baf9e1d0eb28d38c7a4d35ad0dba8878f2eee4a4ea957ce85d9c","device_info":"okhttp\/4.12.0","ip_address":"192.168.1.9","last_activity":"2025-03-12 20:41:53","expires_at":"2025-03-13 16:58:30","is_active":1,"created_at":"2025-03-12 08:58:30","email_verified":1}
[13-Mar-2025 04:41:54 Europe/Berlin] Updating session activity for token: 0bd9b52f3659baf9e1d0eb28d38c7a4d35ad0dba8878f2eee4a4ea957ce85d9c
[13-Mar-2025 04:41:54 Europe/Berlin] Session activity update result: success
[13-Mar-2025 04:41:54 Europe/Berlin] Initializing RequestController
[13-Mar-2025 04:41:54 Europe/Berlin] Found 7 request types
[13-Mar-2025 04:41:54 Europe/Berlin] Successfully formatted 7 request types
[13-Mar-2025 04:41:54 Europe/Berlin] Attempting to connect to database: mysql:host=localhost;dbname=upang_link
[13-Mar-2025 04:41:54 Europe/Berlin] Database connection successful
[13-Mar-2025 04:41:54 Europe/Berlin] RequestController initialized successfully
[13-Mar-2025 04:41:54 Europe/Berlin] Handling request: Method=GET, Endpoint=requests/statistics
[13-Mar-2025 04:41:54 Europe/Berlin] Normalized endpoint: statistics
[13-Mar-2025 04:41:54 Europe/Berlin] Getting request statistics
[13-Mar-2025 04:41:55 Europe/Berlin] Attempting to connect to database: mysql:host=localhost;dbname=upang_link
[13-Mar-2025 04:41:55 Europe/Berlin] Database connection successful
[13-Mar-2025 04:41:55 Europe/Berlin] Initializing RequestController
[13-Mar-2025 04:41:55 Europe/Berlin] Attempting to connect to database: mysql:host=localhost;dbname=upang_link
[13-Mar-2025 04:41:55 Europe/Berlin] Database connection successful
[13-Mar-2025 04:41:55 Europe/Berlin] RequestController initialized successfully
[13-Mar-2025 04:41:55 Europe/Berlin] Handling request: Method=GET, Endpoint=requests/types
[13-Mar-2025 04:41:55 Europe/Berlin] Normalized endpoint: types
[13-Mar-2025 04:41:55 Europe/Berlin] Getting request types
[13-Mar-2025 04:41:55 Europe/Berlin] Fetching request types
[13-Mar-2025 04:41:55 Europe/Berlin] Executing request types query: SELECT type_id, name, description, requirements, processing_time FROM request_types WHERE is_active = 1 ORDER BY name
[13-Mar-2025 04:41:55 Europe/Berlin] Found 7 request types
[13-Mar-2025 04:41:55 Europe/Berlin] Successfully formatted 7 request types
[13-Mar-2025 04:45:37 Europe/Berlin] Attempting to connect to database: mysql:host=localhost;dbname=upang_link
[13-Mar-2025 04:45:37 Europe/Berlin] Database connection successful
[13-Mar-2025 04:45:37 Europe/Berlin] Validating session for token: 0bd9b52f3659baf9e1d0eb28d38c7a4d35ad0dba8878f2eee4a4ea957ce85d9c
[13-Mar-2025 04:45:37 Europe/Berlin] Executing query: SELECT us.*, u.email_verified 
                FROM user_sessions us
                JOIN users u ON us.user_id = u.user_id
                WHERE us.token = ? AND us.is_active = 1 AND us.expires_at > NOW()
[13-Mar-2025 04:45:37 Europe/Berlin] Query executed. Row count: 1
[13-Mar-2025 04:45:37 Europe/Berlin] Session found: {"session_id":1,"user_id":2,"token":"0bd9b52f3659baf9e1d0eb28d38c7a4d35ad0dba8878f2eee4a4ea957ce85d9c","device_info":"okhttp\/4.12.0","ip_address":"192.168.1.9","last_activity":"2025-03-12 20:41:54","expires_at":"2025-03-13 16:58:30","is_active":1,"created_at":"2025-03-12 08:58:30","email_verified":1}
[13-Mar-2025 04:45:37 Europe/Berlin] Updating session activity for token: 0bd9b52f3659baf9e1d0eb28d38c7a4d35ad0dba8878f2eee4a4ea957ce85d9c
[13-Mar-2025 04:45:37 Europe/Berlin] Session activity update result: success
[13-Mar-2025 04:45:39 Europe/Berlin] Attempting to connect to database: mysql:host=localhost;dbname=upang_link
[13-Mar-2025 04:45:39 Europe/Berlin] Database connection successful
[13-Mar-2025 04:45:39 Europe/Berlin] Initializing RequestController
[13-Mar-2025 04:45:39 Europe/Berlin] Attempting to connect to database: mysql:host=localhost;dbname=upang_link
[13-Mar-2025 04:45:39 Europe/Berlin] Attempting to connect to database: mysql:host=localhost;dbname=upang_link
[13-Mar-2025 04:45:39 Europe/Berlin] Database connection successful
[13-Mar-2025 04:45:39 Europe/Berlin] Database connection successful
[13-Mar-2025 04:45:39 Europe/Berlin] RequestController initialized successfully
[13-Mar-2025 04:45:39 Europe/Berlin] Handling request: Method=GET, Endpoint=requests/types
[13-Mar-2025 04:45:39 Europe/Berlin] Normalized endpoint: types
[13-Mar-2025 04:45:39 Europe/Berlin] Getting request types
[13-Mar-2025 04:45:39 Europe/Berlin] Successfully fetched 7 request types
[13-Mar-2025 04:45:39 Europe/Berlin] Validating session for token: 0bd9b52f3659baf9e1d0eb28d38c7a4d35ad0dba8878f2eee4a4ea957ce85d9c
[13-Mar-2025 04:45:39 Europe/Berlin] Executing query: SELECT us.*, u.email_verified 
                FROM user_sessions us
                JOIN users u ON us.user_id = u.user_id
                WHERE us.token = ? AND us.is_active = 1 AND us.expires_at > NOW()
[13-Mar-2025 04:45:39 Europe/Berlin] Query executed. Row count: 1
[13-Mar-2025 04:45:39 Europe/Berlin] Session found: {"session_id":1,"user_id":2,"token":"0bd9b52f3659baf9e1d0eb28d38c7a4d35ad0dba8878f2eee4a4ea957ce85d9c","device_info":"okhttp\/4.12.0","ip_address":"192.168.1.9","last_activity":"2025-03-12 20:45:39","expires_at":"2025-03-13 16:58:30","is_active":1,"created_at":"2025-03-12 08:58:30","email_verified":1}
[13-Mar-2025 04:45:39 Europe/Berlin] Updating session activity for token: 0bd9b52f3659baf9e1d0eb28d38c7a4d35ad0dba8878f2eee4a4ea957ce85d9c
[13-Mar-2025 04:45:39 Europe/Berlin] Session activity update result: success
[13-Mar-2025 04:45:39 Europe/Berlin] Initializing RequestController
[13-Mar-2025 04:45:39 Europe/Berlin] Attempting to connect to database: mysql:host=localhost;dbname=upang_link
[13-Mar-2025 04:45:39 Europe/Berlin] Database connection successful
[13-Mar-2025 04:45:39 Europe/Berlin] RequestController initialized successfully
[13-Mar-2025 04:45:39 Europe/Berlin] Handling request: Method=GET, Endpoint=requests/statistics
[13-Mar-2025 04:45:39 Europe/Berlin] Normalized endpoint: statistics
[13-Mar-2025 04:45:39 Europe/Berlin] Getting request statistics
[13-Mar-2025 04:45:40 Europe/Berlin] Attempting to connect to database: mysql:host=localhost;dbname=upang_link
[13-Mar-2025 04:45:40 Europe/Berlin] Database connection successful
[13-Mar-2025 04:45:40 Europe/Berlin] Initializing RequestController
[13-Mar-2025 04:45:40 Europe/Berlin] Attempting to connect to database: mysql:host=localhost;dbname=upang_link
[13-Mar-2025 04:45:40 Europe/Berlin] Database connection successful
[13-Mar-2025 04:45:40 Europe/Berlin] RequestController initialized successfully
[13-Mar-2025 04:45:40 Europe/Berlin] Handling request: Method=GET, Endpoint=requests/types
[13-Mar-2025 04:45:40 Europe/Berlin] Normalized endpoint: types
[13-Mar-2025 04:45:40 Europe/Berlin] Getting request types
[13-Mar-2025 04:45:40 Europe/Berlin] Successfully fetched 7 request types
[13-Mar-2025 04:48:20 Europe/Berlin] Attempting to connect to database: mysql:host=localhost;dbname=upang_link
[13-Mar-2025 04:48:20 Europe/Berlin] Database connection successful
[13-Mar-2025 04:48:20 Europe/Berlin] Validating session for token: 0bd9b52f3659baf9e1d0eb28d38c7a4d35ad0dba8878f2eee4a4ea957ce85d9c
[13-Mar-2025 04:48:20 Europe/Berlin] Executing query: SELECT us.*, u.email_verified 
                FROM user_sessions us
                JOIN users u ON us.user_id = u.user_id
                WHERE us.token = ? AND us.is_active = 1 AND us.expires_at > NOW()
[13-Mar-2025 04:48:20 Europe/Berlin] Query executed. Row count: 1
[13-Mar-2025 04:48:20 Europe/Berlin] Session found: {"session_id":1,"user_id":2,"token":"0bd9b52f3659baf9e1d0eb28d38c7a4d35ad0dba8878f2eee4a4ea957ce85d9c","device_info":"okhttp\/4.12.0","ip_address":"192.168.1.9","last_activity":"2025-03-12 20:45:40","expires_at":"2025-03-13 16:58:30","is_active":1,"created_at":"2025-03-12 08:58:30","email_verified":1}
[13-Mar-2025 04:48:20 Europe/Berlin] Updating session activity for token: 0bd9b52f3659baf9e1d0eb28d38c7a4d35ad0dba8878f2eee4a4ea957ce85d9c
[13-Mar-2025 04:48:20 Europe/Berlin] Session activity update result: success
[13-Mar-2025 04:48:21 Europe/Berlin] Attempting to connect to database: mysql:host=localhost;dbname=upang_link
[13-Mar-2025 04:48:21 Europe/Berlin] Attempting to connect to database: mysql:host=localhost;dbname=upang_link
[13-Mar-2025 04:48:21 Europe/Berlin] Database connection successful
[13-Mar-2025 04:48:21 Europe/Berlin] Database connection successful
[13-Mar-2025 04:48:21 Europe/Berlin] Validating session for token: 0bd9b52f3659baf9e1d0eb28d38c7a4d35ad0dba8878f2eee4a4ea957ce85d9c
[13-Mar-2025 04:48:21 Europe/Berlin] Executing query: SELECT us.*, u.email_verified 
                FROM user_sessions us
                JOIN users u ON us.user_id = u.user_id
                WHERE us.token = ? AND us.is_active = 1 AND us.expires_at > NOW()
[13-Mar-2025 04:48:21 Europe/Berlin] Initializing RequestController
[13-Mar-2025 04:48:21 Europe/Berlin] Attempting to connect to database: mysql:host=localhost;dbname=upang_link
[13-Mar-2025 04:48:21 Europe/Berlin] Query executed. Row count: 1
[13-Mar-2025 04:48:21 Europe/Berlin] Session found: {"session_id":1,"user_id":2,"token":"0bd9b52f3659baf9e1d0eb28d38c7a4d35ad0dba8878f2eee4a4ea957ce85d9c","device_info":"okhttp\/4.12.0","ip_address":"192.168.1.9","last_activity":"2025-03-12 20:48:21","expires_at":"2025-03-13 16:58:30","is_active":1,"created_at":"2025-03-12 08:58:30","email_verified":1}
[13-Mar-2025 04:48:21 Europe/Berlin] Updating session activity for token: 0bd9b52f3659baf9e1d0eb28d38c7a4d35ad0dba8878f2eee4a4ea957ce85d9c
[13-Mar-2025 04:48:21 Europe/Berlin] Session activity update result: success
[13-Mar-2025 04:48:21 Europe/Berlin] Database connection successful
[13-Mar-2025 04:48:21 Europe/Berlin] RequestController initialized successfully
[13-Mar-2025 04:48:21 Europe/Berlin] Handling request: Method=GET, Endpoint=requests/types
[13-Mar-2025 04:48:21 Europe/Berlin] Normalized endpoint: types
[13-Mar-2025 04:48:21 Europe/Berlin] Getting request types
[13-Mar-2025 04:48:21 Europe/Berlin] Successfully fetched 7 request types
[13-Mar-2025 04:48:21 Europe/Berlin] Initializing RequestController
[13-Mar-2025 04:48:21 Europe/Berlin] Attempting to connect to database: mysql:host=localhost;dbname=upang_link
[13-Mar-2025 04:48:21 Europe/Berlin] Database connection successful
[13-Mar-2025 04:48:21 Europe/Berlin] RequestController initialized successfully
[13-Mar-2025 04:48:21 Europe/Berlin] Handling request: Method=GET, Endpoint=requests/statistics
[13-Mar-2025 04:48:21 Europe/Berlin] Normalized endpoint: statistics
[13-Mar-2025 04:48:21 Europe/Berlin] Getting request statistics
[13-Mar-2025 04:48:22 Europe/Berlin] Attempting to connect to database: mysql:host=localhost;dbname=upang_link
[13-Mar-2025 04:48:22 Europe/Berlin] Database connection successful
[13-Mar-2025 04:48:22 Europe/Berlin] Initializing RequestController
[13-Mar-2025 04:48:22 Europe/Berlin] Attempting to connect to database: mysql:host=localhost;dbname=upang_link
[13-Mar-2025 04:48:22 Europe/Berlin] Database connection successful
[13-Mar-2025 04:48:22 Europe/Berlin] RequestController initialized successfully
[13-Mar-2025 04:48:22 Europe/Berlin] Handling request: Method=GET, Endpoint=requests/types
[13-Mar-2025 04:48:22 Europe/Berlin] Normalized endpoint: types
[13-Mar-2025 04:48:22 Europe/Berlin] Getting request types
[13-Mar-2025 04:48:22 Europe/Berlin] Successfully fetched 7 request types
[13-Mar-2025 04:50:55 Europe/Berlin] Attempting to connect to database: mysql:host=localhost;dbname=upang_link
[13-Mar-2025 04:50:55 Europe/Berlin] Database connection successful
[13-Mar-2025 04:50:55 Europe/Berlin] Validating session for token: 0bd9b52f3659baf9e1d0eb28d38c7a4d35ad0dba8878f2eee4a4ea957ce85d9c
[13-Mar-2025 04:50:55 Europe/Berlin] Executing query: SELECT us.*, u.email_verified 
                FROM user_sessions us
                JOIN users u ON us.user_id = u.user_id
                WHERE us.token = ? AND us.is_active = 1 AND us.expires_at > NOW()
[13-Mar-2025 04:50:55 Europe/Berlin] Query executed. Row count: 1
[13-Mar-2025 04:50:55 Europe/Berlin] Session found: {"session_id":1,"user_id":2,"token":"0bd9b52f3659baf9e1d0eb28d38c7a4d35ad0dba8878f2eee4a4ea957ce85d9c","device_info":"okhttp\/4.12.0","ip_address":"192.168.1.9","last_activity":"2025-03-12 20:48:21","expires_at":"2025-03-13 16:58:30","is_active":1,"created_at":"2025-03-12 08:58:30","email_verified":1}
[13-Mar-2025 04:50:55 Europe/Berlin] Updating session activity for token: 0bd9b52f3659baf9e1d0eb28d38c7a4d35ad0dba8878f2eee4a4ea957ce85d9c
[13-Mar-2025 04:50:55 Europe/Berlin] Session activity update result: success
[13-Mar-2025 04:50:59 Europe/Berlin] Attempting to connect to database: mysql:host=localhost;dbname=upang_link
[13-Mar-2025 04:50:59 Europe/Berlin] Attempting to connect to database: mysql:host=localhost;dbname=upang_link
[13-Mar-2025 04:50:59 Europe/Berlin] Database connection successful
[13-Mar-2025 04:50:59 Europe/Berlin] Database connection successful
[13-Mar-2025 04:50:59 Europe/Berlin] Validating session for token: 0bd9b52f3659baf9e1d0eb28d38c7a4d35ad0dba8878f2eee4a4ea957ce85d9c
[13-Mar-2025 04:50:59 Europe/Berlin] Executing query: SELECT us.*, u.email_verified 
                FROM user_sessions us
                JOIN users u ON us.user_id = u.user_id
                WHERE us.token = ? AND us.is_active = 1 AND us.expires_at > NOW()
[13-Mar-2025 04:50:59 Europe/Berlin] Query executed. Row count: 1
[13-Mar-2025 04:50:59 Europe/Berlin] Session found: {"session_id":1,"user_id":2,"token":"0bd9b52f3659baf9e1d0eb28d38c7a4d35ad0dba8878f2eee4a4ea957ce85d9c","device_info":"okhttp\/4.12.0","ip_address":"192.168.1.9","last_activity":"2025-03-12 20:50:59","expires_at":"2025-03-13 16:58:30","is_active":1,"created_at":"2025-03-12 08:58:30","email_verified":1}
[13-Mar-2025 04:50:59 Europe/Berlin] Updating session activity for token: 0bd9b52f3659baf9e1d0eb28d38c7a4d35ad0dba8878f2eee4a4ea957ce85d9c
[13-Mar-2025 04:50:59 Europe/Berlin] Session activity update result: success
[13-Mar-2025 04:50:59 Europe/Berlin] Initializing RequestController
[13-Mar-2025 04:50:59 Europe/Berlin] Initializing RequestController
[13-Mar-2025 04:50:59 Europe/Berlin] Attempting to connect to database: mysql:host=localhost;dbname=upang_link
[13-Mar-2025 04:50:59 Europe/Berlin] Attempting to connect to database: mysql:host=localhost;dbname=upang_link
[13-Mar-2025 04:50:59 Europe/Berlin] Database connection successful
[13-Mar-2025 04:50:59 Europe/Berlin] Database connection successful
[13-Mar-2025 04:50:59 Europe/Berlin] RequestController initialized successfully
[13-Mar-2025 04:50:59 Europe/Berlin] Handling request: Method=GET, Endpoint=requests/types
[13-Mar-2025 04:50:59 Europe/Berlin] Normalized endpoint: types
[13-Mar-2025 04:50:59 Europe/Berlin] RequestController initialized successfully
[13-Mar-2025 04:50:59 Europe/Berlin] Getting request types
[13-Mar-2025 04:50:59 Europe/Berlin] Handling request: Method=GET, Endpoint=requests/statistics
[13-Mar-2025 04:50:59 Europe/Berlin] Normalized endpoint: statistics
[13-Mar-2025 04:50:59 Europe/Berlin] Getting request statistics
[13-Mar-2025 04:50:59 Europe/Berlin] Successfully fetched 7 request types
[13-Mar-2025 04:51:01 Europe/Berlin] Attempting to connect to database: mysql:host=localhost;dbname=upang_link
[13-Mar-2025 04:51:01 Europe/Berlin] Database connection successful
[13-Mar-2025 04:51:01 Europe/Berlin] Initializing RequestController
[13-Mar-2025 04:51:01 Europe/Berlin] Attempting to connect to database: mysql:host=localhost;dbname=upang_link
[13-Mar-2025 04:51:01 Europe/Berlin] Database connection successful
[13-Mar-2025 04:51:01 Europe/Berlin] RequestController initialized successfully
[13-Mar-2025 04:51:01 Europe/Berlin] Handling request: Method=GET, Endpoint=requests/types
[13-Mar-2025 04:51:01 Europe/Berlin] Normalized endpoint: types
[13-Mar-2025 04:51:01 Europe/Berlin] Getting request types
[13-Mar-2025 04:51:01 Europe/Berlin] Successfully fetched 7 request types
[13-Mar-2025 04:54:09 Europe/Berlin] Attempting to connect to database: mysql:host=localhost;dbname=upang_link
[13-Mar-2025 04:54:10 Europe/Berlin] Database connection successful
[13-Mar-2025 04:54:10 Europe/Berlin] Validating session for token: 0bd9b52f3659baf9e1d0eb28d38c7a4d35ad0dba8878f2eee4a4ea957ce85d9c
[13-Mar-2025 04:54:10 Europe/Berlin] Executing query: SELECT us.*, u.email_verified 
                FROM user_sessions us
                JOIN users u ON us.user_id = u.user_id
                WHERE us.token = ? AND us.is_active = 1 AND us.expires_at > NOW()
[13-Mar-2025 04:54:10 Europe/Berlin] Query executed. Row count: 1
[13-Mar-2025 04:54:10 Europe/Berlin] Session found: {"session_id":1,"user_id":2,"token":"0bd9b52f3659baf9e1d0eb28d38c7a4d35ad0dba8878f2eee4a4ea957ce85d9c","device_info":"okhttp\/4.12.0","ip_address":"192.168.1.9","last_activity":"2025-03-12 20:50:59","expires_at":"2025-03-13 16:58:30","is_active":1,"created_at":"2025-03-12 08:58:30","email_verified":1}
[13-Mar-2025 04:54:10 Europe/Berlin] Updating session activity for token: 0bd9b52f3659baf9e1d0eb28d38c7a4d35ad0dba8878f2eee4a4ea957ce85d9c
[13-Mar-2025 04:54:10 Europe/Berlin] Session activity update result: success
[13-Mar-2025 04:54:14 Europe/Berlin] Attempting to connect to database: mysql:host=localhost;dbname=upang_link
[13-Mar-2025 04:54:14 Europe/Berlin] Attempting to connect to database: mysql:host=localhost;dbname=upang_link
[13-Mar-2025 04:54:14 Europe/Berlin] Database connection successful
[13-Mar-2025 04:54:14 Europe/Berlin] Database connection successful
[13-Mar-2025 04:54:14 Europe/Berlin] Validating session for token: 0bd9b52f3659baf9e1d0eb28d38c7a4d35ad0dba8878f2eee4a4ea957ce85d9c
[13-Mar-2025 04:54:14 Europe/Berlin] Executing query: SELECT us.*, u.email_verified 
                FROM user_sessions us
                JOIN users u ON us.user_id = u.user_id
                WHERE us.token = ? AND us.is_active = 1 AND us.expires_at > NOW()
[13-Mar-2025 04:54:14 Europe/Berlin] Query executed. Row count: 1
[13-Mar-2025 04:54:14 Europe/Berlin] Session found: {"session_id":1,"user_id":2,"token":"0bd9b52f3659baf9e1d0eb28d38c7a4d35ad0dba8878f2eee4a4ea957ce85d9c","device_info":"okhttp\/4.12.0","ip_address":"192.168.1.9","last_activity":"2025-03-12 20:54:14","expires_at":"2025-03-13 16:58:30","is_active":1,"created_at":"2025-03-12 08:58:30","email_verified":1}
[13-Mar-2025 04:54:14 Europe/Berlin] Updating session activity for token: 0bd9b52f3659baf9e1d0eb28d38c7a4d35ad0dba8878f2eee4a4ea957ce85d9c
[13-Mar-2025 04:54:14 Europe/Berlin] Session activity update result: success
[13-Mar-2025 04:54:14 Europe/Berlin] Initializing RequestController
[13-Mar-2025 04:54:14 Europe/Berlin] Attempting to connect to database: mysql:host=localhost;dbname=upang_link
[13-Mar-2025 04:54:14 Europe/Berlin] Database connection successful
[13-Mar-2025 04:54:14 Europe/Berlin] Initializing RequestController
[13-Mar-2025 04:54:14 Europe/Berlin] Attempting to connect to database: mysql:host=localhost;dbname=upang_link
[13-Mar-2025 04:54:14 Europe/Berlin] RequestController initialized successfully
[13-Mar-2025 04:54:14 Europe/Berlin] Handling request: Method=GET, Endpoint=requests/types
[13-Mar-2025 04:54:14 Europe/Berlin] Normalized endpoint: types
[13-Mar-2025 04:54:14 Europe/Berlin] Getting request types
[13-Mar-2025 04:54:14 Europe/Berlin] Database connection successful
[13-Mar-2025 04:54:14 Europe/Berlin] Successfully fetched 7 request types
[13-Mar-2025 04:54:14 Europe/Berlin] RequestController initialized successfully
[13-Mar-2025 04:54:14 Europe/Berlin] Handling request: Method=GET, Endpoint=requests/statistics
[13-Mar-2025 04:54:14 Europe/Berlin] Normalized endpoint: statistics
[13-Mar-2025 04:54:14 Europe/Berlin] Getting request statistics
[13-Mar-2025 04:54:16 Europe/Berlin] Attempting to connect to database: mysql:host=localhost;dbname=upang_link
[13-Mar-2025 04:54:16 Europe/Berlin] Database connection successful
[13-Mar-2025 04:54:16 Europe/Berlin] Initializing RequestController
[13-Mar-2025 04:54:16 Europe/Berlin] Attempting to connect to database: mysql:host=localhost;dbname=upang_link
[13-Mar-2025 04:54:16 Europe/Berlin] Database connection successful
[13-Mar-2025 04:54:16 Europe/Berlin] RequestController initialized successfully
[13-Mar-2025 04:54:16 Europe/Berlin] Handling request: Method=GET, Endpoint=requests/types
[13-Mar-2025 04:54:16 Europe/Berlin] Normalized endpoint: types
[13-Mar-2025 04:54:16 Europe/Berlin] Getting request types
[13-Mar-2025 04:54:16 Europe/Berlin] Successfully fetched 7 request types
[13-Mar-2025 04:54:36 Europe/Berlin] Attempting to connect to database: mysql:host=localhost;dbname=upang_link
[13-Mar-2025 04:54:36 Europe/Berlin] Database connection successful
[13-Mar-2025 04:54:36 Europe/Berlin] Initializing RequestController
[13-Mar-2025 04:54:36 Europe/Berlin] Attempting to connect to database: mysql:host=localhost;dbname=upang_link
[13-Mar-2025 04:54:36 Europe/Berlin] Database connection successful
[13-Mar-2025 04:54:36 Europe/Berlin] RequestController initialized successfully
[13-Mar-2025 04:54:36 Europe/Berlin] Handling request: Method=GET, Endpoint=requests/types
[13-Mar-2025 04:54:36 Europe/Berlin] Normalized endpoint: types
[13-Mar-2025 04:54:36 Europe/Berlin] Getting request types
[13-Mar-2025 04:54:36 Europe/Berlin] Successfully fetched 7 request types
[13-Mar-2025 04:57:36 Europe/Berlin] Attempting to connect to database: mysql:host=localhost;dbname=upang_link
[13-Mar-2025 04:57:36 Europe/Berlin] Database connection successful
[13-Mar-2025 04:57:36 Europe/Berlin] Validating session for token: 0bd9b52f3659baf9e1d0eb28d38c7a4d35ad0dba8878f2eee4a4ea957ce85d9c
[13-Mar-2025 04:57:36 Europe/Berlin] Executing query: SELECT us.*, u.email_verified 
                FROM user_sessions us
                JOIN users u ON us.user_id = u.user_id
                WHERE us.token = ? AND us.is_active = 1 AND us.expires_at > NOW()
[13-Mar-2025 04:57:36 Europe/Berlin] Query executed. Row count: 1
[13-Mar-2025 04:57:36 Europe/Berlin] Session found: {"session_id":1,"user_id":2,"token":"0bd9b52f3659baf9e1d0eb28d38c7a4d35ad0dba8878f2eee4a4ea957ce85d9c","device_info":"okhttp\/4.12.0","ip_address":"192.168.1.9","last_activity":"2025-03-12 20:54:34","expires_at":"2025-03-13 16:58:30","is_active":1,"created_at":"2025-03-12 08:58:30","email_verified":1}
[13-Mar-2025 04:57:36 Europe/Berlin] Updating session activity for token: 0bd9b52f3659baf9e1d0eb28d38c7a4d35ad0dba8878f2eee4a4ea957ce85d9c
[13-Mar-2025 04:57:36 Europe/Berlin] Session activity update result: success
[13-Mar-2025 04:57:40 Europe/Berlin] Attempting to connect to database: mysql:host=localhost;dbname=upang_link
[13-Mar-2025 04:57:40 Europe/Berlin] Attempting to connect to database: mysql:host=localhost;dbname=upang_link
[13-Mar-2025 04:57:40 Europe/Berlin] Database connection successful
[13-Mar-2025 04:57:40 Europe/Berlin] Database connection successful
[13-Mar-2025 04:57:40 Europe/Berlin] Validating session for token: 0bd9b52f3659baf9e1d0eb28d38c7a4d35ad0dba8878f2eee4a4ea957ce85d9c
[13-Mar-2025 04:57:40 Europe/Berlin] Executing query: SELECT us.*, u.email_verified 
                FROM user_sessions us
                JOIN users u ON us.user_id = u.user_id
                WHERE us.token = ? AND us.is_active = 1 AND us.expires_at > NOW()
[13-Mar-2025 04:57:40 Europe/Berlin] Query executed. Row count: 1
[13-Mar-2025 04:57:40 Europe/Berlin] Session found: {"session_id":1,"user_id":2,"token":"0bd9b52f3659baf9e1d0eb28d38c7a4d35ad0dba8878f2eee4a4ea957ce85d9c","device_info":"okhttp\/4.12.0","ip_address":"192.168.1.9","last_activity":"2025-03-12 20:57:40","expires_at":"2025-03-13 16:58:30","is_active":1,"created_at":"2025-03-12 08:58:30","email_verified":1}
[13-Mar-2025 04:57:40 Europe/Berlin] Updating session activity for token: 0bd9b52f3659baf9e1d0eb28d38c7a4d35ad0dba8878f2eee4a4ea957ce85d9c
[13-Mar-2025 04:57:40 Europe/Berlin] Initializing RequestController
[13-Mar-2025 04:57:40 Europe/Berlin] Session activity update result: success
[13-Mar-2025 04:57:40 Europe/Berlin] Attempting to connect to database: mysql:host=localhost;dbname=upang_link
[13-Mar-2025 04:57:40 Europe/Berlin] Database connection successful
[13-Mar-2025 04:57:40 Europe/Berlin] RequestController initialized successfully
[13-Mar-2025 04:57:40 Europe/Berlin] Handling request: Method=GET, Endpoint=requests/types
[13-Mar-2025 04:57:40 Europe/Berlin] Initializing RequestController
[13-Mar-2025 04:57:40 Europe/Berlin] Normalized endpoint: types
[13-Mar-2025 04:57:40 Europe/Berlin] Getting request types
[13-Mar-2025 04:57:40 Europe/Berlin] Attempting to connect to database: mysql:host=localhost;dbname=upang_link
[13-Mar-2025 04:57:40 Europe/Berlin] Successfully fetched 7 request types
[13-Mar-2025 04:57:40 Europe/Berlin] Database connection successful
[13-Mar-2025 04:57:40 Europe/Berlin] RequestController initialized successfully
[13-Mar-2025 04:57:40 Europe/Berlin] Handling request: Method=GET, Endpoint=requests/statistics
[13-Mar-2025 04:57:40 Europe/Berlin] Normalized endpoint: statistics
[13-Mar-2025 04:57:40 Europe/Berlin] Getting request statistics
[13-Mar-2025 04:57:41 Europe/Berlin] Attempting to connect to database: mysql:host=localhost;dbname=upang_link
[13-Mar-2025 04:57:41 Europe/Berlin] Database connection successful
[13-Mar-2025 04:57:41 Europe/Berlin] Initializing RequestController
[13-Mar-2025 04:57:41 Europe/Berlin] Attempting to connect to database: mysql:host=localhost;dbname=upang_link
[13-Mar-2025 04:57:41 Europe/Berlin] Database connection successful
[13-Mar-2025 04:57:41 Europe/Berlin] RequestController initialized successfully
[13-Mar-2025 04:57:41 Europe/Berlin] Handling request: Method=GET, Endpoint=requests/types
[13-Mar-2025 04:57:41 Europe/Berlin] Normalized endpoint: types
[13-Mar-2025 04:57:41 Europe/Berlin] Getting request types
[13-Mar-2025 04:57:41 Europe/Berlin] Successfully fetched 7 request types
[13-Mar-2025 05:01:29 Europe/Berlin] Attempting to connect to database: mysql:host=localhost;dbname=upang_link
[13-Mar-2025 05:01:29 Europe/Berlin] Database connection successful
[13-Mar-2025 05:01:29 Europe/Berlin] Validating session for token: 0bd9b52f3659baf9e1d0eb28d38c7a4d35ad0dba8878f2eee4a4ea957ce85d9c
[13-Mar-2025 05:01:29 Europe/Berlin] Executing query: SELECT us.*, u.email_verified 
                FROM user_sessions us
                JOIN users u ON us.user_id = u.user_id
                WHERE us.token = ? AND us.is_active = 1 AND us.expires_at > NOW()
[13-Mar-2025 05:01:29 Europe/Berlin] Query executed. Row count: 1
[13-Mar-2025 05:01:29 Europe/Berlin] Session found: {"session_id":1,"user_id":2,"token":"0bd9b52f3659baf9e1d0eb28d38c7a4d35ad0dba8878f2eee4a4ea957ce85d9c","device_info":"okhttp\/4.12.0","ip_address":"192.168.1.9","last_activity":"2025-03-12 20:57:40","expires_at":"2025-03-13 16:58:30","is_active":1,"created_at":"2025-03-12 08:58:30","email_verified":1}
[13-Mar-2025 05:01:29 Europe/Berlin] Updating session activity for token: 0bd9b52f3659baf9e1d0eb28d38c7a4d35ad0dba8878f2eee4a4ea957ce85d9c
[13-Mar-2025 05:01:29 Europe/Berlin] Session activity update result: success
[13-Mar-2025 05:01:32 Europe/Berlin] Attempting to connect to database: mysql:host=localhost;dbname=upang_link
[13-Mar-2025 05:01:32 Europe/Berlin] Attempting to connect to database: mysql:host=localhost;dbname=upang_link
[13-Mar-2025 05:01:32 Europe/Berlin] Database connection successful
[13-Mar-2025 05:01:32 Europe/Berlin] Database connection successful
[13-Mar-2025 05:01:32 Europe/Berlin] Validating session for token: 0bd9b52f3659baf9e1d0eb28d38c7a4d35ad0dba8878f2eee4a4ea957ce85d9c
[13-Mar-2025 05:01:32 Europe/Berlin] Executing query: SELECT us.*, u.email_verified 
                FROM user_sessions us
                JOIN users u ON us.user_id = u.user_id
                WHERE us.token = ? AND us.is_active = 1 AND us.expires_at > NOW()
[13-Mar-2025 05:01:32 Europe/Berlin] Initializing RequestController
[13-Mar-2025 05:01:32 Europe/Berlin] Attempting to connect to database: mysql:host=localhost;dbname=upang_link
[13-Mar-2025 05:01:32 Europe/Berlin] Query executed. Row count: 1
[13-Mar-2025 05:01:32 Europe/Berlin] Session found: {"session_id":1,"user_id":2,"token":"0bd9b52f3659baf9e1d0eb28d38c7a4d35ad0dba8878f2eee4a4ea957ce85d9c","device_info":"okhttp\/4.12.0","ip_address":"192.168.1.9","last_activity":"2025-03-12 21:01:32","expires_at":"2025-03-13 16:58:30","is_active":1,"created_at":"2025-03-12 08:58:30","email_verified":1}
[13-Mar-2025 05:01:32 Europe/Berlin] Updating session activity for token: 0bd9b52f3659baf9e1d0eb28d38c7a4d35ad0dba8878f2eee4a4ea957ce85d9c
[13-Mar-2025 05:01:32 Europe/Berlin] Session activity update result: success
[13-Mar-2025 05:01:32 Europe/Berlin] Database connection successful
[13-Mar-2025 05:01:32 Europe/Berlin] RequestController initialized successfully
[13-Mar-2025 05:01:32 Europe/Berlin] Handling request: Method=GET, Endpoint=requests/types
[13-Mar-2025 05:01:32 Europe/Berlin] Normalized endpoint: types
[13-Mar-2025 05:01:32 Europe/Berlin] Getting request types
[13-Mar-2025 05:01:32 Europe/Berlin] Initializing RequestController
[13-Mar-2025 05:01:32 Europe/Berlin] Successfully fetched 7 request types
[13-Mar-2025 05:01:32 Europe/Berlin] Attempting to connect to database: mysql:host=localhost;dbname=upang_link
[13-Mar-2025 05:01:32 Europe/Berlin] Database connection successful
[13-Mar-2025 05:01:32 Europe/Berlin] RequestController initialized successfully
[13-Mar-2025 05:01:32 Europe/Berlin] Handling request: Method=GET, Endpoint=requests/statistics
[13-Mar-2025 05:01:32 Europe/Berlin] Normalized endpoint: statistics
[13-Mar-2025 05:01:32 Europe/Berlin] Getting request statistics
[13-Mar-2025 05:01:35 Europe/Berlin] Attempting to connect to database: mysql:host=localhost;dbname=upang_link
[13-Mar-2025 05:01:35 Europe/Berlin] Database connection successful
[13-Mar-2025 05:01:35 Europe/Berlin] Initializing RequestController
[13-Mar-2025 05:01:35 Europe/Berlin] Attempting to connect to database: mysql:host=localhost;dbname=upang_link
[13-Mar-2025 05:01:35 Europe/Berlin] Database connection successful
[13-Mar-2025 05:01:35 Europe/Berlin] RequestController initialized successfully
[13-Mar-2025 05:01:35 Europe/Berlin] Handling request: Method=GET, Endpoint=requests/types
[13-Mar-2025 05:01:35 Europe/Berlin] Normalized endpoint: types
[13-Mar-2025 05:01:35 Europe/Berlin] Getting request types
[13-Mar-2025 05:01:35 Europe/Berlin] Successfully fetched 7 request types
[13-Mar-2025 05:06:04 Europe/Berlin] Attempting to connect to database: mysql:host=localhost;dbname=upang_link
[13-Mar-2025 05:06:04 Europe/Berlin] Database connection successful
[13-Mar-2025 05:06:04 Europe/Berlin] Validating session for token: 0bd9b52f3659baf9e1d0eb28d38c7a4d35ad0dba8878f2eee4a4ea957ce85d9c
[13-Mar-2025 05:06:04 Europe/Berlin] Executing query: SELECT us.*, u.email_verified 
                FROM user_sessions us
                JOIN users u ON us.user_id = u.user_id
                WHERE us.token = ? AND us.is_active = 1 AND us.expires_at > NOW()
[13-Mar-2025 05:06:04 Europe/Berlin] Query executed. Row count: 1
[13-Mar-2025 05:06:04 Europe/Berlin] Session found: {"session_id":1,"user_id":2,"token":"0bd9b52f3659baf9e1d0eb28d38c7a4d35ad0dba8878f2eee4a4ea957ce85d9c","device_info":"okhttp\/4.12.0","ip_address":"192.168.1.9","last_activity":"2025-03-12 21:01:33","expires_at":"2025-03-13 16:58:30","is_active":1,"created_at":"2025-03-12 08:58:30","email_verified":1}
[13-Mar-2025 05:06:04 Europe/Berlin] Updating session activity for token: 0bd9b52f3659baf9e1d0eb28d38c7a4d35ad0dba8878f2eee4a4ea957ce85d9c
[13-Mar-2025 05:06:04 Europe/Berlin] Session activity update result: success
[13-Mar-2025 05:06:09 Europe/Berlin] Attempting to connect to database: mysql:host=localhost;dbname=upang_link
[13-Mar-2025 05:06:09 Europe/Berlin] Attempting to connect to database: mysql:host=localhost;dbname=upang_link
[13-Mar-2025 05:06:09 Europe/Berlin] Database connection successful
[13-Mar-2025 05:06:09 Europe/Berlin] Database connection successful
[13-Mar-2025 05:06:09 Europe/Berlin] Validating session for token: 0bd9b52f3659baf9e1d0eb28d38c7a4d35ad0dba8878f2eee4a4ea957ce85d9c
[13-Mar-2025 05:06:09 Europe/Berlin] Executing query: SELECT us.*, u.email_verified 
                FROM user_sessions us
                JOIN users u ON us.user_id = u.user_id
                WHERE us.token = ? AND us.is_active = 1 AND us.expires_at > NOW()
[13-Mar-2025 05:06:09 Europe/Berlin] Query executed. Row count: 1
[13-Mar-2025 05:06:09 Europe/Berlin] Session found: {"session_id":1,"user_id":2,"token":"0bd9b52f3659baf9e1d0eb28d38c7a4d35ad0dba8878f2eee4a4ea957ce85d9c","device_info":"okhttp\/4.12.0","ip_address":"192.168.1.9","last_activity":"2025-03-12 21:06:04","expires_at":"2025-03-13 16:58:30","is_active":1,"created_at":"2025-03-12 08:58:30","email_verified":1}
[13-Mar-2025 05:06:09 Europe/Berlin] Updating session activity for token: 0bd9b52f3659baf9e1d0eb28d38c7a4d35ad0dba8878f2eee4a4ea957ce85d9c
[13-Mar-2025 05:06:09 Europe/Berlin] Initializing RequestController
[13-Mar-2025 05:06:09 Europe/Berlin] Attempting to connect to database: mysql:host=localhost;dbname=upang_link
[13-Mar-2025 05:06:09 Europe/Berlin] Database connection successful
[13-Mar-2025 05:06:09 Europe/Berlin] RequestController initialized successfully
[13-Mar-2025 05:06:09 Europe/Berlin] Handling request: Method=GET, Endpoint=requests/types
[13-Mar-2025 05:06:09 Europe/Berlin] Normalized endpoint: types
[13-Mar-2025 05:06:09 Europe/Berlin] Getting request types
[13-Mar-2025 05:06:09 Europe/Berlin] Session activity update result: success
[13-Mar-2025 05:06:09 Europe/Berlin] Successfully fetched 7 request types
[13-Mar-2025 05:06:09 Europe/Berlin] Initializing RequestController
[13-Mar-2025 05:06:09 Europe/Berlin] Attempting to connect to database: mysql:host=localhost;dbname=upang_link
[13-Mar-2025 05:06:09 Europe/Berlin] Database connection successful
[13-Mar-2025 05:06:09 Europe/Berlin] RequestController initialized successfully
[13-Mar-2025 05:06:09 Europe/Berlin] Handling request: Method=GET, Endpoint=requests/statistics
[13-Mar-2025 05:06:09 Europe/Berlin] Normalized endpoint: statistics
[13-Mar-2025 05:06:09 Europe/Berlin] Getting request statistics
[13-Mar-2025 05:06:09 Europe/Berlin] Attempting to connect to database: mysql:host=localhost;dbname=upang_link
[13-Mar-2025 05:06:09 Europe/Berlin] Database connection successful
[13-Mar-2025 05:06:09 Europe/Berlin] Initializing RequestController
[13-Mar-2025 05:06:09 Europe/Berlin] Attempting to connect to database: mysql:host=localhost;dbname=upang_link
[13-Mar-2025 05:06:09 Europe/Berlin] Database connection successful
[13-Mar-2025 05:06:09 Europe/Berlin] RequestController initialized successfully
[13-Mar-2025 05:06:09 Europe/Berlin] Handling request: Method=GET, Endpoint=requests/types
[13-Mar-2025 05:06:09 Europe/Berlin] Normalized endpoint: types
[13-Mar-2025 05:06:09 Europe/Berlin] Getting request types
[13-Mar-2025 05:06:09 Europe/Berlin] Successfully fetched 7 request types
[13-Mar-2025 05:09:08 Europe/Berlin] Attempting to connect to database: mysql:host=localhost;dbname=upang_link
[13-Mar-2025 05:09:08 Europe/Berlin] Database connection successful
[13-Mar-2025 05:09:08 Europe/Berlin] Validating session for token: 0bd9b52f3659baf9e1d0eb28d38c7a4d35ad0dba8878f2eee4a4ea957ce85d9c
[13-Mar-2025 05:09:08 Europe/Berlin] Executing query: SELECT us.*, u.email_verified 
                FROM user_sessions us
                JOIN users u ON us.user_id = u.user_id
                WHERE us.token = ? AND us.is_active = 1 AND us.expires_at > NOW()
[13-Mar-2025 05:09:08 Europe/Berlin] Query executed. Row count: 1
[13-Mar-2025 05:09:08 Europe/Berlin] Session found: {"session_id":1,"user_id":2,"token":"0bd9b52f3659baf9e1d0eb28d38c7a4d35ad0dba8878f2eee4a4ea957ce85d9c","device_info":"okhttp\/4.12.0","ip_address":"192.168.1.9","last_activity":"2025-03-12 21:06:09","expires_at":"2025-03-13 16:58:30","is_active":1,"created_at":"2025-03-12 08:58:30","email_verified":1}
[13-Mar-2025 05:09:08 Europe/Berlin] Updating session activity for token: 0bd9b52f3659baf9e1d0eb28d38c7a4d35ad0dba8878f2eee4a4ea957ce85d9c
[13-Mar-2025 05:09:08 Europe/Berlin] Session activity update result: success
[13-Mar-2025 05:09:09 Europe/Berlin] Attempting to connect to database: mysql:host=localhost;dbname=upang_link
[13-Mar-2025 05:09:09 Europe/Berlin] Attempting to connect to database: mysql:host=localhost;dbname=upang_link
[13-Mar-2025 05:09:09 Europe/Berlin] Database connection successful
[13-Mar-2025 05:09:09 Europe/Berlin] Database connection successful
[13-Mar-2025 05:09:09 Europe/Berlin] Validating session for token: 0bd9b52f3659baf9e1d0eb28d38c7a4d35ad0dba8878f2eee4a4ea957ce85d9c
[13-Mar-2025 05:09:09 Europe/Berlin] Executing query: SELECT us.*, u.email_verified 
                FROM user_sessions us
                JOIN users u ON us.user_id = u.user_id
                WHERE us.token = ? AND us.is_active = 1 AND us.expires_at > NOW()
[13-Mar-2025 05:09:09 Europe/Berlin] Query executed. Row count: 1
[13-Mar-2025 05:09:09 Europe/Berlin] Session found: {"session_id":1,"user_id":2,"token":"0bd9b52f3659baf9e1d0eb28d38c7a4d35ad0dba8878f2eee4a4ea957ce85d9c","device_info":"okhttp\/4.12.0","ip_address":"192.168.1.9","last_activity":"2025-03-12 21:09:09","expires_at":"2025-03-13 16:58:30","is_active":1,"created_at":"2025-03-12 08:58:30","email_verified":1}
[13-Mar-2025 05:09:09 Europe/Berlin] Updating session activity for token: 0bd9b52f3659baf9e1d0eb28d38c7a4d35ad0dba8878f2eee4a4ea957ce85d9c
[13-Mar-2025 05:09:09 Europe/Berlin] Session activity update result: success
[13-Mar-2025 05:09:09 Europe/Berlin] Initializing RequestController
[13-Mar-2025 05:09:09 Europe/Berlin] Attempting to connect to database: mysql:host=localhost;dbname=upang_link
[13-Mar-2025 05:09:09 Europe/Berlin] Initializing RequestController
[13-Mar-2025 05:09:09 Europe/Berlin] Attempting to connect to database: mysql:host=localhost;dbname=upang_link
[13-Mar-2025 05:09:09 Europe/Berlin] Database connection successful
[13-Mar-2025 05:09:09 Europe/Berlin] RequestController initialized successfully
[13-Mar-2025 05:09:09 Europe/Berlin] Handling request: Method=GET, Endpoint=requests/types
[13-Mar-2025 05:09:09 Europe/Berlin] Normalized endpoint: types
[13-Mar-2025 05:09:09 Europe/Berlin] Database connection successful
[13-Mar-2025 05:09:09 Europe/Berlin] Getting request types
[13-Mar-2025 05:09:09 Europe/Berlin] RequestController initialized successfully
[13-Mar-2025 05:09:09 Europe/Berlin] Handling request: Method=GET, Endpoint=requests/statistics
[13-Mar-2025 05:09:09 Europe/Berlin] Successfully fetched 7 request types
[13-Mar-2025 05:09:09 Europe/Berlin] Normalized endpoint: statistics
[13-Mar-2025 05:09:09 Europe/Berlin] Getting request statistics
[13-Mar-2025 05:09:10 Europe/Berlin] Attempting to connect to database: mysql:host=localhost;dbname=upang_link
[13-Mar-2025 05:09:10 Europe/Berlin] Database connection successful
[13-Mar-2025 05:09:10 Europe/Berlin] Initializing RequestController
[13-Mar-2025 05:09:10 Europe/Berlin] Attempting to connect to database: mysql:host=localhost;dbname=upang_link
[13-Mar-2025 05:09:10 Europe/Berlin] Database connection successful
[13-Mar-2025 05:09:10 Europe/Berlin] RequestController initialized successfully
[13-Mar-2025 05:09:10 Europe/Berlin] Handling request: Method=GET, Endpoint=requests/types
[13-Mar-2025 05:09:10 Europe/Berlin] Normalized endpoint: types
[13-Mar-2025 05:09:10 Europe/Berlin] Getting request types
[13-Mar-2025 05:09:10 Europe/Berlin] Successfully fetched 7 request types
[13-Mar-2025 05:09:38 Europe/Berlin] Attempting to connect to database: mysql:host=localhost;dbname=upang_link
[13-Mar-2025 05:09:38 Europe/Berlin] Database connection successful
[13-Mar-2025 05:09:38 Europe/Berlin] Initializing RequestController
[13-Mar-2025 05:09:38 Europe/Berlin] Attempting to connect to database: mysql:host=localhost;dbname=upang_link
[13-Mar-2025 05:09:38 Europe/Berlin] Database connection successful
[13-Mar-2025 05:09:38 Europe/Berlin] RequestController initialized successfully
[13-Mar-2025 05:09:38 Europe/Berlin] Handling request: Method=GET, Endpoint=requests/types
[13-Mar-2025 05:09:38 Europe/Berlin] Normalized endpoint: types
[13-Mar-2025 05:09:38 Europe/Berlin] Getting request types
[13-Mar-2025 05:09:38 Europe/Berlin] Successfully fetched 7 request types
[13-Mar-2025 05:12:19 Europe/Berlin] Attempting to connect to database: mysql:host=localhost;dbname=upang_link
[13-Mar-2025 05:12:19 Europe/Berlin] Database connection successful
[13-Mar-2025 05:12:19 Europe/Berlin] Validating session for token: 0bd9b52f3659baf9e1d0eb28d38c7a4d35ad0dba8878f2eee4a4ea957ce85d9c
[13-Mar-2025 05:12:19 Europe/Berlin] Executing query: SELECT us.*, u.email_verified 
                FROM user_sessions us
                JOIN users u ON us.user_id = u.user_id
                WHERE us.token = ? AND us.is_active = 1 AND us.expires_at > NOW()
[13-Mar-2025 05:12:19 Europe/Berlin] Query executed. Row count: 1
[13-Mar-2025 05:12:19 Europe/Berlin] Session found: {"session_id":1,"user_id":2,"token":"0bd9b52f3659baf9e1d0eb28d38c7a4d35ad0dba8878f2eee4a4ea957ce85d9c","device_info":"okhttp\/4.12.0","ip_address":"192.168.1.9","last_activity":"2025-03-12 21:09:37","expires_at":"2025-03-13 16:58:30","is_active":1,"created_at":"2025-03-12 08:58:30","email_verified":1}
[13-Mar-2025 05:12:19 Europe/Berlin] Updating session activity for token: 0bd9b52f3659baf9e1d0eb28d38c7a4d35ad0dba8878f2eee4a4ea957ce85d9c
[13-Mar-2025 05:12:19 Europe/Berlin] Session activity update result: success
[13-Mar-2025 05:12:21 Europe/Berlin] Attempting to connect to database: mysql:host=localhost;dbname=upang_link
[13-Mar-2025 05:12:21 Europe/Berlin] Database connection successful
[13-Mar-2025 05:12:21 Europe/Berlin] Attempting to connect to database: mysql:host=localhost;dbname=upang_link
[13-Mar-2025 05:12:21 Europe/Berlin] Database connection successful
[13-Mar-2025 05:12:21 Europe/Berlin] Initializing RequestController
[13-Mar-2025 05:12:21 Europe/Berlin] Attempting to connect to database: mysql:host=localhost;dbname=upang_link
[13-Mar-2025 05:12:21 Europe/Berlin] Database connection successful
[13-Mar-2025 05:12:21 Europe/Berlin] Validating session for token: 0bd9b52f3659baf9e1d0eb28d38c7a4d35ad0dba8878f2eee4a4ea957ce85d9c
[13-Mar-2025 05:12:21 Europe/Berlin] RequestController initialized successfully
[13-Mar-2025 05:12:21 Europe/Berlin] Executing query: SELECT us.*, u.email_verified 
                FROM user_sessions us
                JOIN users u ON us.user_id = u.user_id
                WHERE us.token = ? AND us.is_active = 1 AND us.expires_at > NOW()
[13-Mar-2025 05:12:21 Europe/Berlin] Handling request: Method=GET, Endpoint=requests/types
[13-Mar-2025 05:12:21 Europe/Berlin] Normalized endpoint: types
[13-Mar-2025 05:12:21 Europe/Berlin] Getting request types
[13-Mar-2025 05:12:21 Europe/Berlin] Query executed. Row count: 1
[13-Mar-2025 05:12:21 Europe/Berlin] Session found: {"session_id":1,"user_id":2,"token":"0bd9b52f3659baf9e1d0eb28d38c7a4d35ad0dba8878f2eee4a4ea957ce85d9c","device_info":"okhttp\/4.12.0","ip_address":"192.168.1.9","last_activity":"2025-03-12 21:12:21","expires_at":"2025-03-13 16:58:30","is_active":1,"created_at":"2025-03-12 08:58:30","email_verified":1}
[13-Mar-2025 05:12:21 Europe/Berlin] Updating session activity for token: 0bd9b52f3659baf9e1d0eb28d38c7a4d35ad0dba8878f2eee4a4ea957ce85d9c
[13-Mar-2025 05:12:21 Europe/Berlin] Successfully fetched 7 request types
[13-Mar-2025 05:12:21 Europe/Berlin] Session activity update result: success
[13-Mar-2025 05:12:21 Europe/Berlin] Initializing RequestController
[13-Mar-2025 05:12:21 Europe/Berlin] Attempting to connect to database: mysql:host=localhost;dbname=upang_link
[13-Mar-2025 05:12:21 Europe/Berlin] Database connection successful
[13-Mar-2025 05:12:21 Europe/Berlin] RequestController initialized successfully
[13-Mar-2025 05:12:21 Europe/Berlin] Handling request: Method=GET, Endpoint=requests/statistics
[13-Mar-2025 05:12:21 Europe/Berlin] Normalized endpoint: statistics
[13-Mar-2025 05:12:21 Europe/Berlin] Getting request statistics
[13-Mar-2025 05:12:22 Europe/Berlin] Attempting to connect to database: mysql:host=localhost;dbname=upang_link
[13-Mar-2025 05:12:22 Europe/Berlin] Database connection successful
[13-Mar-2025 05:12:22 Europe/Berlin] Initializing RequestController
[13-Mar-2025 05:12:22 Europe/Berlin] Attempting to connect to database: mysql:host=localhost;dbname=upang_link
[13-Mar-2025 05:12:22 Europe/Berlin] Database connection successful
[13-Mar-2025 05:12:22 Europe/Berlin] RequestController initialized successfully
[13-Mar-2025 05:12:22 Europe/Berlin] Handling request: Method=GET, Endpoint=requests/types
[13-Mar-2025 05:12:22 Europe/Berlin] Normalized endpoint: types
[13-Mar-2025 05:12:22 Europe/Berlin] Getting request types
[13-Mar-2025 05:12:22 Europe/Berlin] Successfully fetched 7 request types
[13-Mar-2025 05:17:11 Europe/Berlin] Attempting to connect to database: mysql:host=localhost;dbname=upang_link
[13-Mar-2025 05:17:11 Europe/Berlin] Database connection successful
[13-Mar-2025 05:17:11 Europe/Berlin] Validating session for token: 0bd9b52f3659baf9e1d0eb28d38c7a4d35ad0dba8878f2eee4a4ea957ce85d9c
[13-Mar-2025 05:17:11 Europe/Berlin] Executing query: SELECT us.*, u.email_verified 
                FROM user_sessions us
                JOIN users u ON us.user_id = u.user_id
                WHERE us.token = ? AND us.is_active = 1 AND us.expires_at > NOW()
[13-Mar-2025 05:17:11 Europe/Berlin] Query executed. Row count: 1
[13-Mar-2025 05:17:11 Europe/Berlin] Session found: {"session_id":1,"user_id":2,"token":"0bd9b52f3659baf9e1d0eb28d38c7a4d35ad0dba8878f2eee4a4ea957ce85d9c","device_info":"okhttp\/4.12.0","ip_address":"192.168.1.9","last_activity":"2025-03-12 21:12:21","expires_at":"2025-03-13 16:58:30","is_active":1,"created_at":"2025-03-12 08:58:30","email_verified":1}
[13-Mar-2025 05:17:11 Europe/Berlin] Updating session activity for token: 0bd9b52f3659baf9e1d0eb28d38c7a4d35ad0dba8878f2eee4a4ea957ce85d9c
[13-Mar-2025 05:17:11 Europe/Berlin] Session activity update result: success
[13-Mar-2025 05:17:13 Europe/Berlin] Attempting to connect to database: mysql:host=localhost;dbname=upang_link
[13-Mar-2025 05:17:13 Europe/Berlin] Attempting to connect to database: mysql:host=localhost;dbname=upang_link
[13-Mar-2025 05:17:13 Europe/Berlin] Database connection successful
[13-Mar-2025 05:17:13 Europe/Berlin] Database connection successful
[13-Mar-2025 05:17:13 Europe/Berlin] Validating session for token: 0bd9b52f3659baf9e1d0eb28d38c7a4d35ad0dba8878f2eee4a4ea957ce85d9c
[13-Mar-2025 05:17:13 Europe/Berlin] Executing query: SELECT us.*, u.email_verified 
                FROM user_sessions us
                JOIN users u ON us.user_id = u.user_id
                WHERE us.token = ? AND us.is_active = 1 AND us.expires_at > NOW()
[13-Mar-2025 05:17:13 Europe/Berlin] Query executed. Row count: 1
[13-Mar-2025 05:17:13 Europe/Berlin] Session found: {"session_id":1,"user_id":2,"token":"0bd9b52f3659baf9e1d0eb28d38c7a4d35ad0dba8878f2eee4a4ea957ce85d9c","device_info":"okhttp\/4.12.0","ip_address":"192.168.1.9","last_activity":"2025-03-12 21:17:13","expires_at":"2025-03-13 16:58:30","is_active":1,"created_at":"2025-03-12 08:58:30","email_verified":1}
[13-Mar-2025 05:17:13 Europe/Berlin] Updating session activity for token: 0bd9b52f3659baf9e1d0eb28d38c7a4d35ad0dba8878f2eee4a4ea957ce85d9c
[13-Mar-2025 05:17:13 Europe/Berlin] Session activity update result: success
[13-Mar-2025 05:17:13 Europe/Berlin] Initializing RequestController
[13-Mar-2025 05:17:13 Europe/Berlin] Initializing RequestController
[13-Mar-2025 05:17:13 Europe/Berlin] Attempting to connect to database: mysql:host=localhost;dbname=upang_link
[13-Mar-2025 05:17:13 Europe/Berlin] Attempting to connect to database: mysql:host=localhost;dbname=upang_link
[13-Mar-2025 05:17:13 Europe/Berlin] Database connection successful
[13-Mar-2025 05:17:13 Europe/Berlin] Database connection successful
[13-Mar-2025 05:17:13 Europe/Berlin] RequestController initialized successfully
[13-Mar-2025 05:17:13 Europe/Berlin] RequestController initialized successfully
[13-Mar-2025 05:17:13 Europe/Berlin] Handling request: Method=GET, Endpoint=requests/types
[13-Mar-2025 05:17:13 Europe/Berlin] Handling request: Method=GET, Endpoint=requests/statistics
[13-Mar-2025 05:17:13 Europe/Berlin] Normalized endpoint: types
[13-Mar-2025 05:17:13 Europe/Berlin] Normalized endpoint: statistics
[13-Mar-2025 05:17:13 Europe/Berlin] Getting request types
[13-Mar-2025 05:17:13 Europe/Berlin] Getting request statistics
[13-Mar-2025 05:17:13 Europe/Berlin] Successfully fetched 7 request types
[13-Mar-2025 05:17:14 Europe/Berlin] Attempting to connect to database: mysql:host=localhost;dbname=upang_link
[13-Mar-2025 05:17:14 Europe/Berlin] Database connection successful
[13-Mar-2025 05:17:14 Europe/Berlin] Initializing RequestController
[13-Mar-2025 05:17:14 Europe/Berlin] Attempting to connect to database: mysql:host=localhost;dbname=upang_link
[13-Mar-2025 05:17:14 Europe/Berlin] Database connection successful
[13-Mar-2025 05:17:14 Europe/Berlin] RequestController initialized successfully
[13-Mar-2025 05:17:14 Europe/Berlin] Handling request: Method=GET, Endpoint=requests/types
[13-Mar-2025 05:17:14 Europe/Berlin] Normalized endpoint: types
[13-Mar-2025 05:17:14 Europe/Berlin] Getting request types
[13-Mar-2025 05:17:14 Europe/Berlin] Successfully fetched 7 request types
[13-Mar-2025 05:38:36 Europe/Berlin] Attempting to connect to database: mysql:host=localhost;dbname=upang_link
[13-Mar-2025 05:38:36 Europe/Berlin] Database connection successful
[13-Mar-2025 05:38:37 Europe/Berlin] Validating session for token: 0bd9b52f3659baf9e1d0eb28d38c7a4d35ad0dba8878f2eee4a4ea957ce85d9c
[13-Mar-2025 05:38:37 Europe/Berlin] Executing query: SELECT us.*, u.email_verified 
                FROM user_sessions us
                JOIN users u ON us.user_id = u.user_id
                WHERE us.token = ? AND us.is_active = 1 AND us.expires_at > NOW()
[13-Mar-2025 05:38:37 Europe/Berlin] Query executed. Row count: 1
[13-Mar-2025 05:38:37 Europe/Berlin] Session found: {"session_id":1,"user_id":2,"token":"0bd9b52f3659baf9e1d0eb28d38c7a4d35ad0dba8878f2eee4a4ea957ce85d9c","device_info":"okhttp\/4.12.0","ip_address":"192.168.1.9","last_activity":"2025-03-12 21:17:13","expires_at":"2025-03-13 16:58:30","is_active":1,"created_at":"2025-03-12 08:58:30","email_verified":1}
[13-Mar-2025 05:38:37 Europe/Berlin] Updating session activity for token: 0bd9b52f3659baf9e1d0eb28d38c7a4d35ad0dba8878f2eee4a4ea957ce85d9c
[13-Mar-2025 05:38:37 Europe/Berlin] Session activity update result: success
[13-Mar-2025 05:38:39 Europe/Berlin] Attempting to connect to database: mysql:host=localhost;dbname=upang_link
[13-Mar-2025 05:38:39 Europe/Berlin] Database connection successful
[13-Mar-2025 05:38:39 Europe/Berlin] Initializing RequestController
[13-Mar-2025 05:38:39 Europe/Berlin] Attempting to connect to database: mysql:host=localhost;dbname=upang_link
[13-Mar-2025 05:38:39 Europe/Berlin] Database connection successful
[13-Mar-2025 05:38:39 Europe/Berlin] RequestController initialized successfully
[13-Mar-2025 05:38:39 Europe/Berlin] Handling request: Method=GET, Endpoint=requests/types
[13-Mar-2025 05:38:39 Europe/Berlin] Normalized endpoint: types
[13-Mar-2025 05:38:39 Europe/Berlin] Getting request types
[13-Mar-2025 05:38:39 Europe/Berlin] Successfully fetched 7 request types
[13-Mar-2025 05:38:39 Europe/Berlin] Attempting to connect to database: mysql:host=localhost;dbname=upang_link
[13-Mar-2025 05:38:39 Europe/Berlin] Database connection successful
[13-Mar-2025 05:38:39 Europe/Berlin] Validating session for token: 0bd9b52f3659baf9e1d0eb28d38c7a4d35ad0dba8878f2eee4a4ea957ce85d9c
[13-Mar-2025 05:38:39 Europe/Berlin] Executing query: SELECT us.*, u.email_verified 
                FROM user_sessions us
                JOIN users u ON us.user_id = u.user_id
                WHERE us.token = ? AND us.is_active = 1 AND us.expires_at > NOW()
[13-Mar-2025 05:38:39 Europe/Berlin] Query executed. Row count: 1
[13-Mar-2025 05:38:39 Europe/Berlin] Session found: {"session_id":1,"user_id":2,"token":"0bd9b52f3659baf9e1d0eb28d38c7a4d35ad0dba8878f2eee4a4ea957ce85d9c","device_info":"okhttp\/4.12.0","ip_address":"192.168.1.9","last_activity":"2025-03-12 21:38:38","expires_at":"2025-03-13 16:58:30","is_active":1,"created_at":"2025-03-12 08:58:30","email_verified":1}
[13-Mar-2025 05:38:39 Europe/Berlin] Updating session activity for token: 0bd9b52f3659baf9e1d0eb28d38c7a4d35ad0dba8878f2eee4a4ea957ce85d9c
[13-Mar-2025 05:38:39 Europe/Berlin] Session activity update result: success
[13-Mar-2025 05:38:39 Europe/Berlin] Initializing RequestController
[13-Mar-2025 05:38:39 Europe/Berlin] Attempting to connect to database: mysql:host=localhost;dbname=upang_link
[13-Mar-2025 05:38:39 Europe/Berlin] Database connection successful
[13-Mar-2025 05:38:39 Europe/Berlin] RequestController initialized successfully
[13-Mar-2025 05:38:39 Europe/Berlin] Handling request: Method=GET, Endpoint=requests/statistics
[13-Mar-2025 05:38:39 Europe/Berlin] Normalized endpoint: statistics
[13-Mar-2025 05:38:39 Europe/Berlin] Getting request statistics
[13-Mar-2025 05:38:39 Europe/Berlin] Attempting to connect to database: mysql:host=localhost;dbname=upang_link
[13-Mar-2025 05:38:39 Europe/Berlin] Database connection successful
[13-Mar-2025 05:38:39 Europe/Berlin] Initializing RequestController
[13-Mar-2025 05:38:39 Europe/Berlin] Attempting to connect to database: mysql:host=localhost;dbname=upang_link
[13-Mar-2025 05:38:39 Europe/Berlin] Database connection successful
[13-Mar-2025 05:38:39 Europe/Berlin] RequestController initialized successfully
[13-Mar-2025 05:38:39 Europe/Berlin] Handling request: Method=GET, Endpoint=requests/types
[13-Mar-2025 05:38:39 Europe/Berlin] Normalized endpoint: types
[13-Mar-2025 05:38:39 Europe/Berlin] Getting request types
[13-Mar-2025 05:38:39 Europe/Berlin] Successfully fetched 7 request types
[13-Mar-2025 05:44:21 Europe/Berlin] Attempting to connect to database: mysql:host=localhost;dbname=upang_link
[13-Mar-2025 05:44:21 Europe/Berlin] Database connection successful
[13-Mar-2025 05:44:21 Europe/Berlin] Validating session for token: 0bd9b52f3659baf9e1d0eb28d38c7a4d35ad0dba8878f2eee4a4ea957ce85d9c
[13-Mar-2025 05:44:21 Europe/Berlin] Executing query: SELECT us.*, u.email_verified 
                FROM user_sessions us
                JOIN users u ON us.user_id = u.user_id
                WHERE us.token = ? AND us.is_active = 1 AND us.expires_at > NOW()
[13-Mar-2025 05:44:21 Europe/Berlin] Query executed. Row count: 1
[13-Mar-2025 05:44:21 Europe/Berlin] Session found: {"session_id":1,"user_id":2,"token":"0bd9b52f3659baf9e1d0eb28d38c7a4d35ad0dba8878f2eee4a4ea957ce85d9c","device_info":"okhttp\/4.12.0","ip_address":"192.168.1.9","last_activity":"2025-03-12 21:38:39","expires_at":"2025-03-13 16:58:30","is_active":1,"created_at":"2025-03-12 08:58:30","email_verified":1}
[13-Mar-2025 05:44:21 Europe/Berlin] Updating session activity for token: 0bd9b52f3659baf9e1d0eb28d38c7a4d35ad0dba8878f2eee4a4ea957ce85d9c
[13-Mar-2025 05:44:21 Europe/Berlin] Session activity update result: success
[13-Mar-2025 05:44:22 Europe/Berlin] Attempting to connect to database: mysql:host=localhost;dbname=upang_link
[13-Mar-2025 05:44:22 Europe/Berlin] Attempting to connect to database: mysql:host=localhost;dbname=upang_link
[13-Mar-2025 05:44:22 Europe/Berlin] Database connection successful
[13-Mar-2025 05:44:22 Europe/Berlin] Database connection successful
[13-Mar-2025 05:44:22 Europe/Berlin] Validating session for token: 0bd9b52f3659baf9e1d0eb28d38c7a4d35ad0dba8878f2eee4a4ea957ce85d9c
[13-Mar-2025 05:44:22 Europe/Berlin] Executing query: SELECT us.*, u.email_verified 
                FROM user_sessions us
                JOIN users u ON us.user_id = u.user_id
                WHERE us.token = ? AND us.is_active = 1 AND us.expires_at > NOW()
[13-Mar-2025 05:44:22 Europe/Berlin] Query executed. Row count: 1
[13-Mar-2025 05:44:22 Europe/Berlin] Initializing RequestController
[13-Mar-2025 05:44:22 Europe/Berlin] Session found: {"session_id":1,"user_id":2,"token":"0bd9b52f3659baf9e1d0eb28d38c7a4d35ad0dba8878f2eee4a4ea957ce85d9c","device_info":"okhttp\/4.12.0","ip_address":"192.168.1.9","last_activity":"2025-03-12 21:44:22","expires_at":"2025-03-13 16:58:30","is_active":1,"created_at":"2025-03-12 08:58:30","email_verified":1}
[13-Mar-2025 05:44:22 Europe/Berlin] Attempting to connect to database: mysql:host=localhost;dbname=upang_link
[13-Mar-2025 05:44:22 Europe/Berlin] Updating session activity for token: 0bd9b52f3659baf9e1d0eb28d38c7a4d35ad0dba8878f2eee4a4ea957ce85d9c
[13-Mar-2025 05:44:22 Europe/Berlin] Session activity update result: success
[13-Mar-2025 05:44:22 Europe/Berlin] Database connection successful
[13-Mar-2025 05:44:22 Europe/Berlin] RequestController initialized successfully
[13-Mar-2025 05:44:22 Europe/Berlin] Handling request: Method=GET, Endpoint=requests/types
[13-Mar-2025 05:44:22 Europe/Berlin] Normalized endpoint: types
[13-Mar-2025 05:44:22 Europe/Berlin] Getting request types
[13-Mar-2025 05:44:22 Europe/Berlin] Initializing RequestController
[13-Mar-2025 05:44:22 Europe/Berlin] Attempting to connect to database: mysql:host=localhost;dbname=upang_link
[13-Mar-2025 05:44:22 Europe/Berlin] Successfully fetched 7 request types
[13-Mar-2025 05:44:22 Europe/Berlin] Database connection successful
[13-Mar-2025 05:44:22 Europe/Berlin] RequestController initialized successfully
[13-Mar-2025 05:44:22 Europe/Berlin] Handling request: Method=GET, Endpoint=requests/statistics
[13-Mar-2025 05:44:22 Europe/Berlin] Normalized endpoint: statistics
[13-Mar-2025 05:44:22 Europe/Berlin] Getting request statistics
[13-Mar-2025 05:44:24 Europe/Berlin] Attempting to connect to database: mysql:host=localhost;dbname=upang_link
[13-Mar-2025 05:44:24 Europe/Berlin] Database connection successful
[13-Mar-2025 05:44:24 Europe/Berlin] Initializing RequestController
[13-Mar-2025 05:44:24 Europe/Berlin] Attempting to connect to database: mysql:host=localhost;dbname=upang_link
[13-Mar-2025 05:44:24 Europe/Berlin] Database connection successful
[13-Mar-2025 05:44:24 Europe/Berlin] RequestController initialized successfully
[13-Mar-2025 05:44:24 Europe/Berlin] Handling request: Method=GET, Endpoint=requests/types
[13-Mar-2025 05:44:24 Europe/Berlin] Normalized endpoint: types
[13-Mar-2025 05:44:24 Europe/Berlin] Getting request types
[13-Mar-2025 05:44:24 Europe/Berlin] Successfully fetched 7 request types
[13-Mar-2025 05:44:40 Europe/Berlin] Attempting to connect to database: mysql:host=localhost;dbname=upang_link
[13-Mar-2025 05:44:40 Europe/Berlin] Database connection successful
[13-Mar-2025 05:44:40 Europe/Berlin] Validating session for token: 0bd9b52f3659baf9e1d0eb28d38c7a4d35ad0dba8878f2eee4a4ea957ce85d9c
[13-Mar-2025 05:44:40 Europe/Berlin] Executing query: SELECT us.*, u.email_verified 
                FROM user_sessions us
                JOIN users u ON us.user_id = u.user_id
                WHERE us.token = ? AND us.is_active = 1 AND us.expires_at > NOW()
[13-Mar-2025 05:44:40 Europe/Berlin] Query executed. Row count: 1
[13-Mar-2025 05:44:40 Europe/Berlin] Session found: {"session_id":1,"user_id":2,"token":"0bd9b52f3659baf9e1d0eb28d38c7a4d35ad0dba8878f2eee4a4ea957ce85d9c","device_info":"okhttp\/4.12.0","ip_address":"192.168.1.9","last_activity":"2025-03-12 21:44:23","expires_at":"2025-03-13 16:58:30","is_active":1,"created_at":"2025-03-12 08:58:30","email_verified":1}
[13-Mar-2025 05:44:40 Europe/Berlin] Updating session activity for token: 0bd9b52f3659baf9e1d0eb28d38c7a4d35ad0dba8878f2eee4a4ea957ce85d9c
[13-Mar-2025 05:44:40 Europe/Berlin] Session activity update result: success
[13-Mar-2025 05:44:42 Europe/Berlin] Attempting to connect to database: mysql:host=localhost;dbname=upang_link
[13-Mar-2025 05:44:42 Europe/Berlin] Database connection successful
[13-Mar-2025 05:44:42 Europe/Berlin] Attempting to connect to database: mysql:host=localhost;dbname=upang_link
[13-Mar-2025 05:44:42 Europe/Berlin] Database connection successful
[13-Mar-2025 05:44:42 Europe/Berlin] Validating session for token: 0bd9b52f3659baf9e1d0eb28d38c7a4d35ad0dba8878f2eee4a4ea957ce85d9c
[13-Mar-2025 05:44:42 Europe/Berlin] Executing query: SELECT us.*, u.email_verified 
                FROM user_sessions us
                JOIN users u ON us.user_id = u.user_id
                WHERE us.token = ? AND us.is_active = 1 AND us.expires_at > NOW()
[13-Mar-2025 05:44:42 Europe/Berlin] Query executed. Row count: 1
[13-Mar-2025 05:44:42 Europe/Berlin] Session found: {"session_id":1,"user_id":2,"token":"0bd9b52f3659baf9e1d0eb28d38c7a4d35ad0dba8878f2eee4a4ea957ce85d9c","device_info":"okhttp\/4.12.0","ip_address":"192.168.1.9","last_activity":"2025-03-12 21:44:42","expires_at":"2025-03-13 16:58:30","is_active":1,"created_at":"2025-03-12 08:58:30","email_verified":1}
[13-Mar-2025 05:44:42 Europe/Berlin] Updating session activity for token: 0bd9b52f3659baf9e1d0eb28d38c7a4d35ad0dba8878f2eee4a4ea957ce85d9c
[13-Mar-2025 05:44:42 Europe/Berlin] Session activity update result: success
[13-Mar-2025 05:44:42 Europe/Berlin] Initializing RequestController
[13-Mar-2025 05:44:42 Europe/Berlin] Attempting to connect to database: mysql:host=localhost;dbname=upang_link
[13-Mar-2025 05:44:42 Europe/Berlin] Initializing RequestController
[13-Mar-2025 05:44:42 Europe/Berlin] Attempting to connect to database: mysql:host=localhost;dbname=upang_link
[13-Mar-2025 05:44:42 Europe/Berlin] Database connection successful
[13-Mar-2025 05:44:42 Europe/Berlin] RequestController initialized successfully
[13-Mar-2025 05:44:42 Europe/Berlin] Handling request: Method=GET, Endpoint=requests/statistics
[13-Mar-2025 05:44:42 Europe/Berlin] Normalized endpoint: statistics
[13-Mar-2025 05:44:42 Europe/Berlin] Getting request statistics
[13-Mar-2025 05:44:42 Europe/Berlin] Database connection successful
[13-Mar-2025 05:44:42 Europe/Berlin] RequestController initialized successfully
[13-Mar-2025 05:44:42 Europe/Berlin] Handling request: Method=GET, Endpoint=requests/types
[13-Mar-2025 05:44:42 Europe/Berlin] Normalized endpoint: types
[13-Mar-2025 05:44:42 Europe/Berlin] Getting request types
[13-Mar-2025 05:44:42 Europe/Berlin] Successfully fetched 7 request types
[13-Mar-2025 05:44:43 Europe/Berlin] Attempting to connect to database: mysql:host=localhost;dbname=upang_link
[13-Mar-2025 05:44:43 Europe/Berlin] Database connection successful
[13-Mar-2025 05:44:43 Europe/Berlin] Initializing RequestController
[13-Mar-2025 05:44:43 Europe/Berlin] Attempting to connect to database: mysql:host=localhost;dbname=upang_link
[13-Mar-2025 05:44:43 Europe/Berlin] Database connection successful
[13-Mar-2025 05:44:43 Europe/Berlin] RequestController initialized successfully
[13-Mar-2025 05:44:43 Europe/Berlin] Handling request: Method=GET, Endpoint=requests/types
[13-Mar-2025 05:44:43 Europe/Berlin] Normalized endpoint: types
[13-Mar-2025 05:44:43 Europe/Berlin] Getting request types
[13-Mar-2025 05:44:43 Europe/Berlin] Successfully fetched 7 request types
[13-Mar-2025 05:50:37 Europe/Berlin] Attempting to connect to database: mysql:host=localhost;dbname=upang_link
[13-Mar-2025 05:50:37 Europe/Berlin] Database connection successful
[13-Mar-2025 05:50:37 Europe/Berlin] Validating session for token: 0bd9b52f3659baf9e1d0eb28d38c7a4d35ad0dba8878f2eee4a4ea957ce85d9c
[13-Mar-2025 05:50:37 Europe/Berlin] Executing query: SELECT us.*, u.email_verified 
                FROM user_sessions us
                JOIN users u ON us.user_id = u.user_id
                WHERE us.token = ? AND us.is_active = 1 AND us.expires_at > NOW()
[13-Mar-2025 05:50:37 Europe/Berlin] Query executed. Row count: 1
[13-Mar-2025 05:50:37 Europe/Berlin] Session found: {"session_id":1,"user_id":2,"token":"0bd9b52f3659baf9e1d0eb28d38c7a4d35ad0dba8878f2eee4a4ea957ce85d9c","device_info":"okhttp\/4.12.0","ip_address":"192.168.1.9","last_activity":"2025-03-12 21:44:42","expires_at":"2025-03-13 16:58:30","is_active":1,"created_at":"2025-03-12 08:58:30","email_verified":1}
[13-Mar-2025 05:50:37 Europe/Berlin] Updating session activity for token: 0bd9b52f3659baf9e1d0eb28d38c7a4d35ad0dba8878f2eee4a4ea957ce85d9c
[13-Mar-2025 05:50:37 Europe/Berlin] Session activity update result: success
[13-Mar-2025 05:50:39 Europe/Berlin] Attempting to connect to database: mysql:host=localhost;dbname=upang_link
[13-Mar-2025 05:50:39 Europe/Berlin] Database connection successful
[13-Mar-2025 05:50:39 Europe/Berlin] Attempting to connect to database: mysql:host=localhost;dbname=upang_link
[13-Mar-2025 05:50:39 Europe/Berlin] Database connection successful
[13-Mar-2025 05:50:39 Europe/Berlin] Initializing RequestController
[13-Mar-2025 05:50:39 Europe/Berlin] Attempting to connect to database: mysql:host=localhost;dbname=upang_link
[13-Mar-2025 05:50:39 Europe/Berlin] Database connection successful
[13-Mar-2025 05:50:39 Europe/Berlin] RequestController initialized successfully
[13-Mar-2025 05:50:39 Europe/Berlin] Validating session for token: 0bd9b52f3659baf9e1d0eb28d38c7a4d35ad0dba8878f2eee4a4ea957ce85d9c
[13-Mar-2025 05:50:39 Europe/Berlin] Handling request: Method=GET, Endpoint=requests/types
[13-Mar-2025 05:50:39 Europe/Berlin] Executing query: SELECT us.*, u.email_verified 
                FROM user_sessions us
                JOIN users u ON us.user_id = u.user_id
                WHERE us.token = ? AND us.is_active = 1 AND us.expires_at > NOW()
[13-Mar-2025 05:50:39 Europe/Berlin] Normalized endpoint: types
[13-Mar-2025 05:50:39 Europe/Berlin] Query executed. Row count: 1
[13-Mar-2025 05:50:39 Europe/Berlin] Getting request types
[13-Mar-2025 05:50:39 Europe/Berlin] Session found: {"session_id":1,"user_id":2,"token":"0bd9b52f3659baf9e1d0eb28d38c7a4d35ad0dba8878f2eee4a4ea957ce85d9c","device_info":"okhttp\/4.12.0","ip_address":"192.168.1.9","last_activity":"2025-03-12 21:50:39","expires_at":"2025-03-13 16:58:30","is_active":1,"created_at":"2025-03-12 08:58:30","email_verified":1}
[13-Mar-2025 05:50:39 Europe/Berlin] Updating session activity for token: 0bd9b52f3659baf9e1d0eb28d38c7a4d35ad0dba8878f2eee4a4ea957ce85d9c
[13-Mar-2025 05:50:39 Europe/Berlin] Successfully fetched 7 request types
[13-Mar-2025 05:50:39 Europe/Berlin] Session activity update result: success
[13-Mar-2025 05:50:39 Europe/Berlin] Initializing RequestController
[13-Mar-2025 05:50:39 Europe/Berlin] Attempting to connect to database: mysql:host=localhost;dbname=upang_link
[13-Mar-2025 05:50:39 Europe/Berlin] Database connection successful
[13-Mar-2025 05:50:39 Europe/Berlin] RequestController initialized successfully
[13-Mar-2025 05:50:39 Europe/Berlin] Handling request: Method=GET, Endpoint=requests/statistics
[13-Mar-2025 05:50:39 Europe/Berlin] Normalized endpoint: statistics
[13-Mar-2025 05:50:39 Europe/Berlin] Getting request statistics
[13-Mar-2025 05:50:40 Europe/Berlin] Attempting to connect to database: mysql:host=localhost;dbname=upang_link
[13-Mar-2025 05:50:40 Europe/Berlin] Database connection successful
[13-Mar-2025 05:50:40 Europe/Berlin] Initializing RequestController
[13-Mar-2025 05:50:40 Europe/Berlin] Attempting to connect to database: mysql:host=localhost;dbname=upang_link
[13-Mar-2025 05:50:40 Europe/Berlin] Database connection successful
[13-Mar-2025 05:50:40 Europe/Berlin] RequestController initialized successfully
[13-Mar-2025 05:50:40 Europe/Berlin] Handling request: Method=GET, Endpoint=requests/types
[13-Mar-2025 05:50:40 Europe/Berlin] Normalized endpoint: types
[13-Mar-2025 05:50:40 Europe/Berlin] Getting request types
[13-Mar-2025 05:50:40 Europe/Berlin] Successfully fetched 7 request types
[13-Mar-2025 05:56:27 Europe/Berlin] Attempting to connect to database: mysql:host=localhost;dbname=upang_link
[13-Mar-2025 05:56:27 Europe/Berlin] Database connection successful
[13-Mar-2025 05:56:27 Europe/Berlin] Validating session for token: 0bd9b52f3659baf9e1d0eb28d38c7a4d35ad0dba8878f2eee4a4ea957ce85d9c
[13-Mar-2025 05:56:27 Europe/Berlin] Executing query: SELECT us.*, u.email_verified 
                FROM user_sessions us
                JOIN users u ON us.user_id = u.user_id
                WHERE us.token = ? AND us.is_active = 1 AND us.expires_at > NOW()
[13-Mar-2025 05:56:27 Europe/Berlin] Query executed. Row count: 1
[13-Mar-2025 05:56:27 Europe/Berlin] Session found: {"session_id":1,"user_id":2,"token":"0bd9b52f3659baf9e1d0eb28d38c7a4d35ad0dba8878f2eee4a4ea957ce85d9c","device_info":"okhttp\/4.12.0","ip_address":"192.168.1.9","last_activity":"2025-03-12 21:50:39","expires_at":"2025-03-13 16:58:30","is_active":1,"created_at":"2025-03-12 08:58:30","email_verified":1}
[13-Mar-2025 05:56:27 Europe/Berlin] Updating session activity for token: 0bd9b52f3659baf9e1d0eb28d38c7a4d35ad0dba8878f2eee4a4ea957ce85d9c
[13-Mar-2025 05:56:28 Europe/Berlin] Session activity update result: success
[13-Mar-2025 05:56:33 Europe/Berlin] Attempting to connect to database: mysql:host=localhost;dbname=upang_link
[13-Mar-2025 05:56:33 Europe/Berlin] Database connection successful
[13-Mar-2025 05:56:33 Europe/Berlin] Initializing RequestController
[13-Mar-2025 05:56:33 Europe/Berlin] Attempting to connect to database: mysql:host=localhost;dbname=upang_link
[13-Mar-2025 05:56:33 Europe/Berlin] Database connection successful
[13-Mar-2025 05:56:33 Europe/Berlin] RequestController initialized successfully
[13-Mar-2025 05:56:33 Europe/Berlin] Handling request: Method=GET, Endpoint=requests/types
[13-Mar-2025 05:56:33 Europe/Berlin] Normalized endpoint: types
[13-Mar-2025 05:56:33 Europe/Berlin] Getting request types
[13-Mar-2025 05:56:33 Europe/Berlin] Successfully fetched 7 request types
[13-Mar-2025 05:56:33 Europe/Berlin] Attempting to connect to database: mysql:host=localhost;dbname=upang_link
[13-Mar-2025 05:56:33 Europe/Berlin] Database connection successful
[13-Mar-2025 05:56:33 Europe/Berlin] Validating session for token: 0bd9b52f3659baf9e1d0eb28d38c7a4d35ad0dba8878f2eee4a4ea957ce85d9c
[13-Mar-2025 05:56:33 Europe/Berlin] Executing query: SELECT us.*, u.email_verified 
                FROM user_sessions us
                JOIN users u ON us.user_id = u.user_id
                WHERE us.token = ? AND us.is_active = 1 AND us.expires_at > NOW()
[13-Mar-2025 05:56:33 Europe/Berlin] Query executed. Row count: 1
[13-Mar-2025 05:56:33 Europe/Berlin] Session found: {"session_id":1,"user_id":2,"token":"0bd9b52f3659baf9e1d0eb28d38c7a4d35ad0dba8878f2eee4a4ea957ce85d9c","device_info":"okhttp\/4.12.0","ip_address":"192.168.1.9","last_activity":"2025-03-12 21:56:33","expires_at":"2025-03-13 16:58:30","is_active":1,"created_at":"2025-03-12 08:58:30","email_verified":1}
[13-Mar-2025 05:56:33 Europe/Berlin] Updating session activity for token: 0bd9b52f3659baf9e1d0eb28d38c7a4d35ad0dba8878f2eee4a4ea957ce85d9c
[13-Mar-2025 05:56:33 Europe/Berlin] Session activity update result: success
[13-Mar-2025 05:56:33 Europe/Berlin] Initializing RequestController
[13-Mar-2025 05:56:33 Europe/Berlin] Attempting to connect to database: mysql:host=localhost;dbname=upang_link
[13-Mar-2025 05:56:33 Europe/Berlin] Database connection successful
[13-Mar-2025 05:56:33 Europe/Berlin] RequestController initialized successfully
[13-Mar-2025 05:56:33 Europe/Berlin] Handling request: Method=GET, Endpoint=requests/statistics
[13-Mar-2025 05:56:33 Europe/Berlin] Normalized endpoint: statistics
[13-Mar-2025 05:56:33 Europe/Berlin] Getting request statistics
[13-Mar-2025 05:56:34 Europe/Berlin] Attempting to connect to database: mysql:host=localhost;dbname=upang_link
[13-Mar-2025 05:56:34 Europe/Berlin] Database connection successful
[13-Mar-2025 05:56:34 Europe/Berlin] Initializing RequestController
[13-Mar-2025 05:56:34 Europe/Berlin] Attempting to connect to database: mysql:host=localhost;dbname=upang_link
[13-Mar-2025 05:56:34 Europe/Berlin] Database connection successful
[13-Mar-2025 05:56:34 Europe/Berlin] RequestController initialized successfully
[13-Mar-2025 05:56:34 Europe/Berlin] Handling request: Method=GET, Endpoint=requests/types
[13-Mar-2025 05:56:34 Europe/Berlin] Normalized endpoint: types
[13-Mar-2025 05:56:34 Europe/Berlin] Getting request types
[13-Mar-2025 05:56:34 Europe/Berlin] Successfully fetched 7 request types
[13-Mar-2025 06:05:34 Europe/Berlin] Attempting to connect to database: mysql:host=localhost;dbname=upang_link
[13-Mar-2025 06:05:34 Europe/Berlin] Database connection successful
[13-Mar-2025 06:05:34 Europe/Berlin] Validating session for token: 0bd9b52f3659baf9e1d0eb28d38c7a4d35ad0dba8878f2eee4a4ea957ce85d9c
[13-Mar-2025 06:05:34 Europe/Berlin] Executing query: SELECT us.*, u.email_verified 
                FROM user_sessions us
                JOIN users u ON us.user_id = u.user_id
                WHERE us.token = ? AND us.is_active = 1 AND us.expires_at > NOW()
[13-Mar-2025 06:05:34 Europe/Berlin] Query executed. Row count: 1
[13-Mar-2025 06:05:34 Europe/Berlin] Session found: {"session_id":1,"user_id":2,"token":"0bd9b52f3659baf9e1d0eb28d38c7a4d35ad0dba8878f2eee4a4ea957ce85d9c","device_info":"okhttp\/4.12.0","ip_address":"192.168.1.9","last_activity":"2025-03-12 22:01:31","expires_at":"2025-03-13 16:58:30","is_active":1,"created_at":"2025-03-12 08:58:30","email_verified":1}
[13-Mar-2025 06:05:34 Europe/Berlin] Updating session activity for token: 0bd9b52f3659baf9e1d0eb28d38c7a4d35ad0dba8878f2eee4a4ea957ce85d9c
[13-Mar-2025 06:05:34 Europe/Berlin] Session activity update result: success
[13-Mar-2025 06:05:36 Europe/Berlin] Attempting to connect to database: mysql:host=localhost;dbname=upang_link
[13-Mar-2025 06:05:36 Europe/Berlin] Database connection successful
[13-Mar-2025 06:05:36 Europe/Berlin] Initializing RequestController
[13-Mar-2025 06:05:36 Europe/Berlin] Attempting to connect to database: mysql:host=localhost;dbname=upang_link
[13-Mar-2025 06:05:36 Europe/Berlin] Database connection successful
[13-Mar-2025 06:05:36 Europe/Berlin] Attempting to connect to database: mysql:host=localhost;dbname=upang_link
[13-Mar-2025 06:05:36 Europe/Berlin] RequestController initialized successfully
[13-Mar-2025 06:05:36 Europe/Berlin] Handling request: Method=GET, Endpoint=requests/types
[13-Mar-2025 06:05:36 Europe/Berlin] Normalized endpoint: types
[13-Mar-2025 06:05:36 Europe/Berlin] Getting request types
[13-Mar-2025 06:05:36 Europe/Berlin] Database connection successful
[13-Mar-2025 06:05:36 Europe/Berlin] Successfully fetched 7 request types
[13-Mar-2025 06:05:36 Europe/Berlin] Validating session for token: 0bd9b52f3659baf9e1d0eb28d38c7a4d35ad0dba8878f2eee4a4ea957ce85d9c
[13-Mar-2025 06:05:36 Europe/Berlin] Executing query: SELECT us.*, u.email_verified 
                FROM user_sessions us
                JOIN users u ON us.user_id = u.user_id
                WHERE us.token = ? AND us.is_active = 1 AND us.expires_at > NOW()
[13-Mar-2025 06:05:36 Europe/Berlin] Query executed. Row count: 1
[13-Mar-2025 06:05:36 Europe/Berlin] Session found: {"session_id":1,"user_id":2,"token":"0bd9b52f3659baf9e1d0eb28d38c7a4d35ad0dba8878f2eee4a4ea957ce85d9c","device_info":"okhttp\/4.12.0","ip_address":"192.168.1.9","last_activity":"2025-03-12 22:05:36","expires_at":"2025-03-13 16:58:30","is_active":1,"created_at":"2025-03-12 08:58:30","email_verified":1}
[13-Mar-2025 06:05:36 Europe/Berlin] Updating session activity for token: 0bd9b52f3659baf9e1d0eb28d38c7a4d35ad0dba8878f2eee4a4ea957ce85d9c
[13-Mar-2025 06:05:36 Europe/Berlin] Session activity update result: success
[13-Mar-2025 06:05:36 Europe/Berlin] Initializing RequestController
[13-Mar-2025 06:05:36 Europe/Berlin] Attempting to connect to database: mysql:host=localhost;dbname=upang_link
[13-Mar-2025 06:05:36 Europe/Berlin] Database connection successful
[13-Mar-2025 06:05:36 Europe/Berlin] RequestController initialized successfully
[13-Mar-2025 06:05:36 Europe/Berlin] Handling request: Method=GET, Endpoint=requests/statistics
[13-Mar-2025 06:05:36 Europe/Berlin] Normalized endpoint: statistics
[13-Mar-2025 06:05:36 Europe/Berlin] Getting request statistics
[13-Mar-2025 06:05:37 Europe/Berlin] Attempting to connect to database: mysql:host=localhost;dbname=upang_link
[13-Mar-2025 06:05:37 Europe/Berlin] Database connection successful
[13-Mar-2025 06:05:37 Europe/Berlin] Initializing RequestController
[13-Mar-2025 06:05:37 Europe/Berlin] Attempting to connect to database: mysql:host=localhost;dbname=upang_link
[13-Mar-2025 06:05:37 Europe/Berlin] Database connection successful
[13-Mar-2025 06:05:37 Europe/Berlin] RequestController initialized successfully
[13-Mar-2025 06:05:37 Europe/Berlin] Handling request: Method=GET, Endpoint=requests/types
[13-Mar-2025 06:05:37 Europe/Berlin] Normalized endpoint: types
[13-Mar-2025 06:05:37 Europe/Berlin] Getting request types
[13-Mar-2025 06:05:37 Europe/Berlin] Successfully fetched 7 request types
[13-Mar-2025 06:08:13 Europe/Berlin] Attempting to connect to database: mysql:host=localhost;dbname=upang_link
[13-Mar-2025 06:08:13 Europe/Berlin] Database connection successful
[13-Mar-2025 06:08:13 Europe/Berlin] Initializing RequestController
[13-Mar-2025 06:08:13 Europe/Berlin] Attempting to connect to database: mysql:host=localhost;dbname=upang_link
[13-Mar-2025 06:08:13 Europe/Berlin] Database connection successful
[13-Mar-2025 06:08:13 Europe/Berlin] RequestController initialized successfully
[13-Mar-2025 06:08:13 Europe/Berlin] Handling request: Method=GET, Endpoint=requests/types
[13-Mar-2025 06:08:13 Europe/Berlin] Normalized endpoint: types
[13-Mar-2025 06:08:13 Europe/Berlin] Getting request types
[13-Mar-2025 06:08:13 Europe/Berlin] Successfully fetched 7 request types
[13-Mar-2025 06:08:52 Europe/Berlin] Attempting to connect to database: mysql:host=localhost;dbname=upang_link
[13-Mar-2025 06:08:52 Europe/Berlin] Database connection successful
[13-Mar-2025 06:08:52 Europe/Berlin] Initializing RequestController
[13-Mar-2025 06:08:52 Europe/Berlin] Attempting to connect to database: mysql:host=localhost;dbname=upang_link
[13-Mar-2025 06:08:52 Europe/Berlin] Database connection successful
[13-Mar-2025 06:08:52 Europe/Berlin] RequestController initialized successfully
[13-Mar-2025 06:08:52 Europe/Berlin] Handling request: Method=GET, Endpoint=requests/types
[13-Mar-2025 06:08:52 Europe/Berlin] Normalized endpoint: types
[13-Mar-2025 06:08:52 Europe/Berlin] Getting request types
[13-Mar-2025 06:08:52 Europe/Berlin] Successfully fetched 7 request types
[13-Mar-2025 06:10:54 Europe/Berlin] Attempting to connect to database: mysql:host=localhost;dbname=upang_link
[13-Mar-2025 06:10:54 Europe/Berlin] Database connection successful
[13-Mar-2025 06:10:54 Europe/Berlin] Validating session for token: 0bd9b52f3659baf9e1d0eb28d38c7a4d35ad0dba8878f2eee4a4ea957ce85d9c
[13-Mar-2025 06:10:54 Europe/Berlin] Executing query: SELECT us.*, u.email_verified 
                FROM user_sessions us
                JOIN users u ON us.user_id = u.user_id
                WHERE us.token = ? AND us.is_active = 1 AND us.expires_at > NOW()
[13-Mar-2025 06:10:54 Europe/Berlin] Query executed. Row count: 1
[13-Mar-2025 06:10:54 Europe/Berlin] Session found: {"session_id":1,"user_id":2,"token":"0bd9b52f3659baf9e1d0eb28d38c7a4d35ad0dba8878f2eee4a4ea957ce85d9c","device_info":"okhttp\/4.12.0","ip_address":"192.168.1.9","last_activity":"2025-03-12 22:09:18","expires_at":"2025-03-13 16:58:30","is_active":1,"created_at":"2025-03-12 08:58:30","email_verified":1}
[13-Mar-2025 06:10:54 Europe/Berlin] Updating session activity for token: 0bd9b52f3659baf9e1d0eb28d38c7a4d35ad0dba8878f2eee4a4ea957ce85d9c
[13-Mar-2025 06:10:54 Europe/Berlin] Session activity update result: success
[13-Mar-2025 06:16:44 Europe/Berlin] Attempting to connect to database: mysql:host=localhost;dbname=upang_link
[13-Mar-2025 06:16:44 Europe/Berlin] Attempting to connect to database: mysql:host=localhost;dbname=upang_link
[13-Mar-2025 06:16:44 Europe/Berlin] Database connection successful
[13-Mar-2025 06:16:44 Europe/Berlin] Database connection successful
[13-Mar-2025 06:16:44 Europe/Berlin] Initializing RequestController
[13-Mar-2025 06:16:44 Europe/Berlin] Validating session for token: 0bd9b52f3659baf9e1d0eb28d38c7a4d35ad0dba8878f2eee4a4ea957ce85d9c
[13-Mar-2025 06:16:44 Europe/Berlin] Attempting to connect to database: mysql:host=localhost;dbname=upang_link
[13-Mar-2025 06:16:44 Europe/Berlin] Executing query: SELECT us.*, u.email_verified 
                FROM user_sessions us
                JOIN users u ON us.user_id = u.user_id
                WHERE us.token = ? AND us.is_active = 1 AND us.expires_at > NOW()
[13-Mar-2025 06:16:44 Europe/Berlin] Query executed. Row count: 1
[13-Mar-2025 06:16:44 Europe/Berlin] Session found: {"session_id":1,"user_id":2,"token":"0bd9b52f3659baf9e1d0eb28d38c7a4d35ad0dba8878f2eee4a4ea957ce85d9c","device_info":"okhttp\/4.12.0","ip_address":"192.168.1.9","last_activity":"2025-03-12 22:10:54","expires_at":"2025-03-13 16:58:30","is_active":1,"created_at":"2025-03-12 08:58:30","email_verified":1}
[13-Mar-2025 06:16:44 Europe/Berlin] Updating session activity for token: 0bd9b52f3659baf9e1d0eb28d38c7a4d35ad0dba8878f2eee4a4ea957ce85d9c
[13-Mar-2025 06:16:44 Europe/Berlin] Database connection successful
[13-Mar-2025 06:16:44 Europe/Berlin] RequestController initialized successfully
[13-Mar-2025 06:16:44 Europe/Berlin] Handling request: Method=GET, Endpoint=requests/types
[13-Mar-2025 06:16:44 Europe/Berlin] Normalized endpoint: types
[13-Mar-2025 06:16:44 Europe/Berlin] Getting request types
[13-Mar-2025 06:16:44 Europe/Berlin] Session activity update result: success
[13-Mar-2025 06:16:44 Europe/Berlin] Successfully fetched 7 request types
[13-Mar-2025 06:16:44 Europe/Berlin] Initializing RequestController
[13-Mar-2025 06:16:44 Europe/Berlin] Attempting to connect to database: mysql:host=localhost;dbname=upang_link
[13-Mar-2025 06:16:44 Europe/Berlin] Database connection successful
[13-Mar-2025 06:16:44 Europe/Berlin] RequestController initialized successfully
[13-Mar-2025 06:16:44 Europe/Berlin] Handling request: Method=GET, Endpoint=requests/statistics
[13-Mar-2025 06:16:44 Europe/Berlin] Normalized endpoint: statistics
[13-Mar-2025 06:16:44 Europe/Berlin] Getting request statistics
[13-Mar-2025 06:16:45 Europe/Berlin] Attempting to connect to database: mysql:host=localhost;dbname=upang_link
[13-Mar-2025 06:16:45 Europe/Berlin] Database connection successful
[13-Mar-2025 06:16:45 Europe/Berlin] Initializing RequestController
[13-Mar-2025 06:16:45 Europe/Berlin] Attempting to connect to database: mysql:host=localhost;dbname=upang_link
[13-Mar-2025 06:16:45 Europe/Berlin] Database connection successful
[13-Mar-2025 06:16:45 Europe/Berlin] RequestController initialized successfully
[13-Mar-2025 06:16:45 Europe/Berlin] Handling request: Method=GET, Endpoint=requests/types
[13-Mar-2025 06:16:45 Europe/Berlin] Normalized endpoint: types
[13-Mar-2025 06:16:45 Europe/Berlin] Getting request types
[13-Mar-2025 06:16:45 Europe/Berlin] Successfully fetched 7 request types
[13-Mar-2025 06:21:02 Europe/Berlin] Attempting to connect to database: mysql:host=localhost;dbname=upang_link
[13-Mar-2025 06:21:02 Europe/Berlin] Database connection successful
[13-Mar-2025 06:21:02 Europe/Berlin] Validating session for token: 0bd9b52f3659baf9e1d0eb28d38c7a4d35ad0dba8878f2eee4a4ea957ce85d9c
[13-Mar-2025 06:21:02 Europe/Berlin] Executing query: SELECT us.*, u.email_verified 
                FROM user_sessions us
                JOIN users u ON us.user_id = u.user_id
                WHERE us.token = ? AND us.is_active = 1 AND us.expires_at > NOW()
[13-Mar-2025 06:21:02 Europe/Berlin] Query executed. Row count: 1
[13-Mar-2025 06:21:02 Europe/Berlin] Session found: {"session_id":1,"user_id":2,"token":"0bd9b52f3659baf9e1d0eb28d38c7a4d35ad0dba8878f2eee4a4ea957ce85d9c","device_info":"okhttp\/4.12.0","ip_address":"192.168.1.9","last_activity":"2025-03-12 22:16:44","expires_at":"2025-03-13 16:58:30","is_active":1,"created_at":"2025-03-12 08:58:30","email_verified":1}
[13-Mar-2025 06:21:02 Europe/Berlin] Updating session activity for token: 0bd9b52f3659baf9e1d0eb28d38c7a4d35ad0dba8878f2eee4a4ea957ce85d9c
[13-Mar-2025 06:21:02 Europe/Berlin] Session activity update result: success
[13-Mar-2025 06:21:04 Europe/Berlin] Attempting to connect to database: mysql:host=localhost;dbname=upang_link
[13-Mar-2025 06:21:04 Europe/Berlin] Database connection successful
[13-Mar-2025 06:21:04 Europe/Berlin] Validating session for token: 0bd9b52f3659baf9e1d0eb28d38c7a4d35ad0dba8878f2eee4a4ea957ce85d9c
[13-Mar-2025 06:21:04 Europe/Berlin] Executing query: SELECT us.*, u.email_verified 
                FROM user_sessions us
                JOIN users u ON us.user_id = u.user_id
                WHERE us.token = ? AND us.is_active = 1 AND us.expires_at > NOW()
[13-Mar-2025 06:21:04 Europe/Berlin] Query executed. Row count: 1
[13-Mar-2025 06:21:04 Europe/Berlin] Session found: {"session_id":1,"user_id":2,"token":"0bd9b52f3659baf9e1d0eb28d38c7a4d35ad0dba8878f2eee4a4ea957ce85d9c","device_info":"okhttp\/4.12.0","ip_address":"192.168.1.9","last_activity":"2025-03-12 22:21:02","expires_at":"2025-03-13 16:58:30","is_active":1,"created_at":"2025-03-12 08:58:30","email_verified":1}
[13-Mar-2025 06:21:04 Europe/Berlin] Updating session activity for token: 0bd9b52f3659baf9e1d0eb28d38c7a4d35ad0dba8878f2eee4a4ea957ce85d9c
[13-Mar-2025 06:21:04 Europe/Berlin] Session activity update result: success
[13-Mar-2025 06:21:04 Europe/Berlin] Initializing RequestController
[13-Mar-2025 06:21:04 Europe/Berlin] Attempting to connect to database: mysql:host=localhost;dbname=upang_link
[13-Mar-2025 06:21:04 Europe/Berlin] Database connection successful
[13-Mar-2025 06:21:04 Europe/Berlin] RequestController initialized successfully
[13-Mar-2025 06:21:04 Europe/Berlin] Handling request: Method=GET, Endpoint=requests/statistics
[13-Mar-2025 06:21:04 Europe/Berlin] Normalized endpoint: statistics
[13-Mar-2025 06:21:04 Europe/Berlin] Getting request statistics
[13-Mar-2025 06:21:04 Europe/Berlin] Attempting to connect to database: mysql:host=localhost;dbname=upang_link
[13-Mar-2025 06:21:04 Europe/Berlin] Database connection successful
[13-Mar-2025 06:21:04 Europe/Berlin] Initializing RequestController
[13-Mar-2025 06:21:04 Europe/Berlin] Attempting to connect to database: mysql:host=localhost;dbname=upang_link
[13-Mar-2025 06:21:04 Europe/Berlin] Database connection successful
[13-Mar-2025 06:21:04 Europe/Berlin] RequestController initialized successfully
[13-Mar-2025 06:21:04 Europe/Berlin] Handling request: Method=GET, Endpoint=requests/types
[13-Mar-2025 06:21:04 Europe/Berlin] Normalized endpoint: types
[13-Mar-2025 06:21:04 Europe/Berlin] Getting request types
[13-Mar-2025 06:21:04 Europe/Berlin] Successfully fetched 7 request types
[13-Mar-2025 06:21:07 Europe/Berlin] Attempting to connect to database: mysql:host=localhost;dbname=upang_link
[13-Mar-2025 06:21:07 Europe/Berlin] Database connection successful
[13-Mar-2025 06:21:07 Europe/Berlin] Initializing RequestController
[13-Mar-2025 06:21:07 Europe/Berlin] Attempting to connect to database: mysql:host=localhost;dbname=upang_link
[13-Mar-2025 06:21:07 Europe/Berlin] Database connection successful
[13-Mar-2025 06:21:07 Europe/Berlin] RequestController initialized successfully
[13-Mar-2025 06:21:07 Europe/Berlin] Handling request: Method=GET, Endpoint=requests/types
[13-Mar-2025 06:21:07 Europe/Berlin] Normalized endpoint: types
[13-Mar-2025 06:21:07 Europe/Berlin] Getting request types
[13-Mar-2025 06:21:07 Europe/Berlin] Successfully fetched 7 request types
[13-Mar-2025 06:24:55 Europe/Berlin] Attempting to connect to database: mysql:host=localhost;dbname=upang_link
[13-Mar-2025 06:24:55 Europe/Berlin] Database connection successful
[13-Mar-2025 06:24:55 Europe/Berlin] Validating session for token: 0bd9b52f3659baf9e1d0eb28d38c7a4d35ad0dba8878f2eee4a4ea957ce85d9c
[13-Mar-2025 06:24:55 Europe/Berlin] Executing query: SELECT us.*, u.email_verified 
                FROM user_sessions us
                JOIN users u ON us.user_id = u.user_id
                WHERE us.token = ? AND us.is_active = 1 AND us.expires_at > NOW()
[13-Mar-2025 06:24:55 Europe/Berlin] Query executed. Row count: 1
[13-Mar-2025 06:24:55 Europe/Berlin] Session found: {"session_id":1,"user_id":2,"token":"0bd9b52f3659baf9e1d0eb28d38c7a4d35ad0dba8878f2eee4a4ea957ce85d9c","device_info":"okhttp\/4.12.0","ip_address":"192.168.1.9","last_activity":"2025-03-12 22:21:04","expires_at":"2025-03-13 16:58:30","is_active":1,"created_at":"2025-03-12 08:58:30","email_verified":1}
[13-Mar-2025 06:24:55 Europe/Berlin] Updating session activity for token: 0bd9b52f3659baf9e1d0eb28d38c7a4d35ad0dba8878f2eee4a4ea957ce85d9c
[13-Mar-2025 06:24:55 Europe/Berlin] Session activity update result: success
[13-Mar-2025 06:24:57 Europe/Berlin] Attempting to connect to database: mysql:host=localhost;dbname=upang_link
[13-Mar-2025 06:24:57 Europe/Berlin] Attempting to connect to database: mysql:host=localhost;dbname=upang_link
[13-Mar-2025 06:24:57 Europe/Berlin] Database connection successful
[13-Mar-2025 06:24:57 Europe/Berlin] Database connection successful
[13-Mar-2025 06:24:57 Europe/Berlin] Validating session for token: 0bd9b52f3659baf9e1d0eb28d38c7a4d35ad0dba8878f2eee4a4ea957ce85d9c
[13-Mar-2025 06:24:57 Europe/Berlin] Executing query: SELECT us.*, u.email_verified 
                FROM user_sessions us
                JOIN users u ON us.user_id = u.user_id
                WHERE us.token = ? AND us.is_active = 1 AND us.expires_at > NOW()
[13-Mar-2025 06:24:57 Europe/Berlin] Query executed. Row count: 1
[13-Mar-2025 06:24:57 Europe/Berlin] Session found: {"session_id":1,"user_id":2,"token":"0bd9b52f3659baf9e1d0eb28d38c7a4d35ad0dba8878f2eee4a4ea957ce85d9c","device_info":"okhttp\/4.12.0","ip_address":"192.168.1.9","last_activity":"2025-03-12 22:24:57","expires_at":"2025-03-13 16:58:30","is_active":1,"created_at":"2025-03-12 08:58:30","email_verified":1}
[13-Mar-2025 06:24:57 Europe/Berlin] Updating session activity for token: 0bd9b52f3659baf9e1d0eb28d38c7a4d35ad0dba8878f2eee4a4ea957ce85d9c
[13-Mar-2025 06:24:57 Europe/Berlin] Session activity update result: success
[13-Mar-2025 06:24:57 Europe/Berlin] Initializing RequestController
[13-Mar-2025 06:24:57 Europe/Berlin] Attempting to connect to database: mysql:host=localhost;dbname=upang_link
[13-Mar-2025 06:24:57 Europe/Berlin] Initializing RequestController
[13-Mar-2025 06:24:57 Europe/Berlin] Attempting to connect to database: mysql:host=localhost;dbname=upang_link
[13-Mar-2025 06:24:57 Europe/Berlin] Database connection successful
[13-Mar-2025 06:24:57 Europe/Berlin] Database connection successful
[13-Mar-2025 06:24:57 Europe/Berlin] RequestController initialized successfully
[13-Mar-2025 06:24:57 Europe/Berlin] RequestController initialized successfully
[13-Mar-2025 06:24:57 Europe/Berlin] Handling request: Method=GET, Endpoint=requests/types
[13-Mar-2025 06:24:57 Europe/Berlin] Handling request: Method=GET, Endpoint=requests/statistics
[13-Mar-2025 06:24:57 Europe/Berlin] Normalized endpoint: types
[13-Mar-2025 06:24:57 Europe/Berlin] Normalized endpoint: statistics
[13-Mar-2025 06:24:57 Europe/Berlin] Getting request types
[13-Mar-2025 06:24:57 Europe/Berlin] Getting request statistics
[13-Mar-2025 06:24:57 Europe/Berlin] Successfully fetched 7 request types
[13-Mar-2025 06:24:58 Europe/Berlin] Attempting to connect to database: mysql:host=localhost;dbname=upang_link
[13-Mar-2025 06:24:58 Europe/Berlin] Database connection successful
[13-Mar-2025 06:24:58 Europe/Berlin] Initializing RequestController
[13-Mar-2025 06:24:58 Europe/Berlin] Attempting to connect to database: mysql:host=localhost;dbname=upang_link
[13-Mar-2025 06:24:58 Europe/Berlin] Database connection successful
[13-Mar-2025 06:24:58 Europe/Berlin] RequestController initialized successfully
[13-Mar-2025 06:24:58 Europe/Berlin] Handling request: Method=GET, Endpoint=requests/types
[13-Mar-2025 06:24:58 Europe/Berlin] Normalized endpoint: types
[13-Mar-2025 06:24:58 Europe/Berlin] Getting request types
[13-Mar-2025 06:24:58 Europe/Berlin] Successfully fetched 7 request types
[13-Mar-2025 06:27:58 Europe/Berlin] Attempting to connect to database: mysql:host=localhost;dbname=upang_link
[13-Mar-2025 06:27:58 Europe/Berlin] Database connection successful
[13-Mar-2025 06:27:58 Europe/Berlin] Validating session for token: 0bd9b52f3659baf9e1d0eb28d38c7a4d35ad0dba8878f2eee4a4ea957ce85d9c
[13-Mar-2025 06:27:58 Europe/Berlin] Executing query: SELECT us.*, u.email_verified 
                FROM user_sessions us
                JOIN users u ON us.user_id = u.user_id
                WHERE us.token = ? AND us.is_active = 1 AND us.expires_at > NOW()
[13-Mar-2025 06:27:58 Europe/Berlin] Query executed. Row count: 1
[13-Mar-2025 06:27:58 Europe/Berlin] Session found: {"session_id":1,"user_id":2,"token":"0bd9b52f3659baf9e1d0eb28d38c7a4d35ad0dba8878f2eee4a4ea957ce85d9c","device_info":"okhttp\/4.12.0","ip_address":"192.168.1.9","last_activity":"2025-03-12 22:24:57","expires_at":"2025-03-13 16:58:30","is_active":1,"created_at":"2025-03-12 08:58:30","email_verified":1}
[13-Mar-2025 06:27:58 Europe/Berlin] Updating session activity for token: 0bd9b52f3659baf9e1d0eb28d38c7a4d35ad0dba8878f2eee4a4ea957ce85d9c
[13-Mar-2025 06:27:58 Europe/Berlin] Session activity update result: success
[13-Mar-2025 06:28:07 Europe/Berlin] Attempting to connect to database: mysql:host=localhost;dbname=upang_link
[13-Mar-2025 06:28:07 Europe/Berlin] Database connection successful
[13-Mar-2025 06:28:07 Europe/Berlin] Validating session for token: 0bd9b52f3659baf9e1d0eb28d38c7a4d35ad0dba8878f2eee4a4ea957ce85d9c
[13-Mar-2025 06:28:07 Europe/Berlin] Executing query: SELECT us.*, u.email_verified 
                FROM user_sessions us
                JOIN users u ON us.user_id = u.user_id
                WHERE us.token = ? AND us.is_active = 1 AND us.expires_at > NOW()
[13-Mar-2025 06:28:07 Europe/Berlin] Query executed. Row count: 1
[13-Mar-2025 06:28:07 Europe/Berlin] Session found: {"session_id":1,"user_id":2,"token":"0bd9b52f3659baf9e1d0eb28d38c7a4d35ad0dba8878f2eee4a4ea957ce85d9c","device_info":"okhttp\/4.12.0","ip_address":"192.168.1.9","last_activity":"2025-03-12 22:27:58","expires_at":"2025-03-13 16:58:30","is_active":1,"created_at":"2025-03-12 08:58:30","email_verified":1}
[13-Mar-2025 06:28:07 Europe/Berlin] Updating session activity for token: 0bd9b52f3659baf9e1d0eb28d38c7a4d35ad0dba8878f2eee4a4ea957ce85d9c
[13-Mar-2025 06:28:07 Europe/Berlin] Session activity update result: success
[13-Mar-2025 06:28:07 Europe/Berlin] Initializing RequestController
[13-Mar-2025 06:28:07 Europe/Berlin] Attempting to connect to database: mysql:host=localhost;dbname=upang_link
[13-Mar-2025 06:28:07 Europe/Berlin] Database connection successful
[13-Mar-2025 06:28:07 Europe/Berlin] RequestController initialized successfully
[13-Mar-2025 06:28:07 Europe/Berlin] Handling request: Method=GET, Endpoint=requests/statistics
[13-Mar-2025 06:28:07 Europe/Berlin] Normalized endpoint: statistics
[13-Mar-2025 06:28:07 Europe/Berlin] Getting request statistics
[13-Mar-2025 06:28:07 Europe/Berlin] Attempting to connect to database: mysql:host=localhost;dbname=upang_link
[13-Mar-2025 06:28:07 Europe/Berlin] Database connection successful
[13-Mar-2025 06:28:07 Europe/Berlin] Initializing RequestController
[13-Mar-2025 06:28:07 Europe/Berlin] Attempting to connect to database: mysql:host=localhost;dbname=upang_link
[13-Mar-2025 06:28:07 Europe/Berlin] Database connection successful
[13-Mar-2025 06:28:07 Europe/Berlin] RequestController initialized successfully
[13-Mar-2025 06:28:07 Europe/Berlin] Handling request: Method=GET, Endpoint=requests/types
[13-Mar-2025 06:28:07 Europe/Berlin] Normalized endpoint: types
[13-Mar-2025 06:28:07 Europe/Berlin] Getting request types
[13-Mar-2025 06:28:07 Europe/Berlin] Successfully fetched 7 request types
[13-Mar-2025 06:28:08 Europe/Berlin] Attempting to connect to database: mysql:host=localhost;dbname=upang_link
[13-Mar-2025 06:28:08 Europe/Berlin] Database connection successful
[13-Mar-2025 06:28:08 Europe/Berlin] Initializing RequestController
[13-Mar-2025 06:28:08 Europe/Berlin] Attempting to connect to database: mysql:host=localhost;dbname=upang_link
[13-Mar-2025 06:28:08 Europe/Berlin] Database connection successful
[13-Mar-2025 06:28:08 Europe/Berlin] RequestController initialized successfully
[13-Mar-2025 06:28:08 Europe/Berlin] Handling request: Method=GET, Endpoint=requests/types
[13-Mar-2025 06:28:08 Europe/Berlin] Normalized endpoint: types
[13-Mar-2025 06:28:08 Europe/Berlin] Getting request types
[13-Mar-2025 06:28:08 Europe/Berlin] Successfully fetched 7 request types
[13-Mar-2025 06:30:35 Europe/Berlin] Attempting to connect to database: mysql:host=localhost;dbname=upang_link
[13-Mar-2025 06:30:35 Europe/Berlin] Database connection successful
[13-Mar-2025 06:30:35 Europe/Berlin] Validating session for token: 0bd9b52f3659baf9e1d0eb28d38c7a4d35ad0dba8878f2eee4a4ea957ce85d9c
[13-Mar-2025 06:30:35 Europe/Berlin] Executing query: SELECT us.*, u.email_verified 
                FROM user_sessions us
                JOIN users u ON us.user_id = u.user_id
                WHERE us.token = ? AND us.is_active = 1 AND us.expires_at > NOW()
[13-Mar-2025 06:30:35 Europe/Berlin] Query executed. Row count: 1
[13-Mar-2025 06:30:35 Europe/Berlin] Session found: {"session_id":1,"user_id":2,"token":"0bd9b52f3659baf9e1d0eb28d38c7a4d35ad0dba8878f2eee4a4ea957ce85d9c","device_info":"okhttp\/4.12.0","ip_address":"192.168.1.9","last_activity":"2025-03-12 22:28:07","expires_at":"2025-03-13 16:58:30","is_active":1,"created_at":"2025-03-12 08:58:30","email_verified":1}
[13-Mar-2025 06:30:35 Europe/Berlin] Updating session activity for token: 0bd9b52f3659baf9e1d0eb28d38c7a4d35ad0dba8878f2eee4a4ea957ce85d9c
[13-Mar-2025 06:30:35 Europe/Berlin] Session activity update result: success
[13-Mar-2025 06:30:45 Europe/Berlin] Attempting to connect to database: mysql:host=localhost;dbname=upang_link
[13-Mar-2025 06:30:45 Europe/Berlin] Attempting to connect to database: mysql:host=localhost;dbname=upang_link
[13-Mar-2025 06:30:45 Europe/Berlin] Database connection successful
[13-Mar-2025 06:30:45 Europe/Berlin] Database connection successful
[13-Mar-2025 06:30:45 Europe/Berlin] Initializing RequestController
[13-Mar-2025 06:30:45 Europe/Berlin] Attempting to connect to database: mysql:host=localhost;dbname=upang_link
[13-Mar-2025 06:30:45 Europe/Berlin] Database connection successful
[13-Mar-2025 06:30:45 Europe/Berlin] RequestController initialized successfully
[13-Mar-2025 06:30:45 Europe/Berlin] Handling request: Method=GET, Endpoint=requests/types
[13-Mar-2025 06:30:45 Europe/Berlin] Normalized endpoint: types
[13-Mar-2025 06:30:45 Europe/Berlin] Getting request types
[13-Mar-2025 06:30:45 Europe/Berlin] Successfully fetched 7 request types
[13-Mar-2025 06:30:45 Europe/Berlin] Validating session for token: 0bd9b52f3659baf9e1d0eb28d38c7a4d35ad0dba8878f2eee4a4ea957ce85d9c
[13-Mar-2025 06:30:45 Europe/Berlin] Executing query: SELECT us.*, u.email_verified 
                FROM user_sessions us
                JOIN users u ON us.user_id = u.user_id
                WHERE us.token = ? AND us.is_active = 1 AND us.expires_at > NOW()
[13-Mar-2025 06:30:45 Europe/Berlin] Query executed. Row count: 1
[13-Mar-2025 06:30:45 Europe/Berlin] Session found: {"session_id":1,"user_id":2,"token":"0bd9b52f3659baf9e1d0eb28d38c7a4d35ad0dba8878f2eee4a4ea957ce85d9c","device_info":"okhttp\/4.12.0","ip_address":"192.168.1.9","last_activity":"2025-03-12 22:30:45","expires_at":"2025-03-13 16:58:30","is_active":1,"created_at":"2025-03-12 08:58:30","email_verified":1}
[13-Mar-2025 06:30:45 Europe/Berlin] Updating session activity for token: 0bd9b52f3659baf9e1d0eb28d38c7a4d35ad0dba8878f2eee4a4ea957ce85d9c
[13-Mar-2025 06:30:45 Europe/Berlin] Session activity update result: success
[13-Mar-2025 06:30:45 Europe/Berlin] Initializing RequestController
[13-Mar-2025 06:30:45 Europe/Berlin] Attempting to connect to database: mysql:host=localhost;dbname=upang_link
[13-Mar-2025 06:30:45 Europe/Berlin] Database connection successful
[13-Mar-2025 06:30:45 Europe/Berlin] RequestController initialized successfully
[13-Mar-2025 06:30:45 Europe/Berlin] Handling request: Method=GET, Endpoint=requests/statistics
[13-Mar-2025 06:30:45 Europe/Berlin] Normalized endpoint: statistics
[13-Mar-2025 06:30:45 Europe/Berlin] Getting request statistics
[13-Mar-2025 06:30:46 Europe/Berlin] Attempting to connect to database: mysql:host=localhost;dbname=upang_link
[13-Mar-2025 06:30:46 Europe/Berlin] Database connection successful
[13-Mar-2025 06:30:46 Europe/Berlin] Initializing RequestController
[13-Mar-2025 06:30:46 Europe/Berlin] Attempting to connect to database: mysql:host=localhost;dbname=upang_link
[13-Mar-2025 06:30:46 Europe/Berlin] Database connection successful
[13-Mar-2025 06:30:46 Europe/Berlin] RequestController initialized successfully
[13-Mar-2025 06:30:46 Europe/Berlin] Handling request: Method=GET, Endpoint=requests/types
[13-Mar-2025 06:30:46 Europe/Berlin] Normalized endpoint: types
[13-Mar-2025 06:30:46 Europe/Berlin] Getting request types
[13-Mar-2025 06:30:46 Europe/Berlin] Successfully fetched 7 request types
[13-Mar-2025 06:31:04 Europe/Berlin] Attempting to connect to database: mysql:host=localhost;dbname=upang_link
[13-Mar-2025 06:31:04 Europe/Berlin] Database connection successful
[13-Mar-2025 06:31:04 Europe/Berlin] Initializing RequestController
[13-Mar-2025 06:31:04 Europe/Berlin] Attempting to connect to database: mysql:host=localhost;dbname=upang_link
[13-Mar-2025 06:31:04 Europe/Berlin] Database connection successful
[13-Mar-2025 06:31:04 Europe/Berlin] RequestController initialized successfully
[13-Mar-2025 06:31:04 Europe/Berlin] Handling request: Method=GET, Endpoint=requests/types
[13-Mar-2025 06:31:04 Europe/Berlin] Normalized endpoint: types
[13-Mar-2025 06:31:04 Europe/Berlin] Getting request types
[13-Mar-2025 06:31:04 Europe/Berlin] Successfully fetched 7 request types
[13-Mar-2025 06:31:25 Europe/Berlin] Attempting to connect to database: mysql:host=localhost;dbname=upang_link
[13-Mar-2025 06:31:25 Europe/Berlin] Database connection successful
[13-Mar-2025 06:31:25 Europe/Berlin] Validating session for token: 0bd9b52f3659baf9e1d0eb28d38c7a4d35ad0dba8878f2eee4a4ea957ce85d9c
[13-Mar-2025 06:31:25 Europe/Berlin] Executing query: SELECT us.*, u.email_verified 
                FROM user_sessions us
                JOIN users u ON us.user_id = u.user_id
                WHERE us.token = ? AND us.is_active = 1 AND us.expires_at > NOW()
[13-Mar-2025 06:31:25 Europe/Berlin] Query executed. Row count: 0
[13-Mar-2025 06:31:25 Europe/Berlin] No valid session found
[13-Mar-2025 06:31:30 Europe/Berlin] Attempting to connect to database: mysql:host=localhost;dbname=upang_link
[13-Mar-2025 06:31:30 Europe/Berlin] Database connection successful
[13-Mar-2025 06:31:31 Europe/Berlin] Attempting to connect to database: mysql:host=localhost;dbname=upang_link
[13-Mar-2025 06:31:31 Europe/Berlin] Attempting to connect to database: mysql:host=localhost;dbname=upang_link
[13-Mar-2025 06:31:31 Europe/Berlin] Database connection successful
[13-Mar-2025 06:31:31 Europe/Berlin] Database connection successful
[13-Mar-2025 06:31:31 Europe/Berlin] Initializing RequestController
[13-Mar-2025 06:31:31 Europe/Berlin] Validating session for token: eccf0e1fcf3f04604cae748d7a61e8b7463e46a9451e9b02b43f67a1fabb436c
[13-Mar-2025 06:31:31 Europe/Berlin] Attempting to connect to database: mysql:host=localhost;dbname=upang_link
[13-Mar-2025 06:31:31 Europe/Berlin] Executing query: SELECT us.*, u.email_verified 
                FROM user_sessions us
                JOIN users u ON us.user_id = u.user_id
                WHERE us.token = ? AND us.is_active = 1 AND us.expires_at > NOW()
[13-Mar-2025 06:31:31 Europe/Berlin] Query executed. Row count: 1
[13-Mar-2025 06:31:31 Europe/Berlin] Database connection successful
[13-Mar-2025 06:31:31 Europe/Berlin] Session found: {"session_id":1,"user_id":2,"token":"eccf0e1fcf3f04604cae748d7a61e8b7463e46a9451e9b02b43f67a1fabb436c","device_info":"okhttp\/4.12.0","ip_address":"192.168.1.9","last_activity":"2025-03-12 22:31:31","expires_at":"2025-03-14 06:31:30","is_active":1,"created_at":"2025-03-12 22:31:30","email_verified":1}
[13-Mar-2025 06:31:31 Europe/Berlin] Updating session activity for token: eccf0e1fcf3f04604cae748d7a61e8b7463e46a9451e9b02b43f67a1fabb436c
[13-Mar-2025 06:31:31 Europe/Berlin] RequestController initialized successfully
[13-Mar-2025 06:31:31 Europe/Berlin] Session activity update result: success
[13-Mar-2025 06:31:31 Europe/Berlin] Handling request: Method=GET, Endpoint=requests/types
[13-Mar-2025 06:31:31 Europe/Berlin] Normalized endpoint: types
[13-Mar-2025 06:31:31 Europe/Berlin] Getting request types
[13-Mar-2025 06:31:31 Europe/Berlin] Initializing RequestController
[13-Mar-2025 06:31:31 Europe/Berlin] Attempting to connect to database: mysql:host=localhost;dbname=upang_link
[13-Mar-2025 06:31:31 Europe/Berlin] Successfully fetched 7 request types
[13-Mar-2025 06:31:31 Europe/Berlin] Database connection successful
[13-Mar-2025 06:31:31 Europe/Berlin] RequestController initialized successfully
[13-Mar-2025 06:31:31 Europe/Berlin] Handling request: Method=GET, Endpoint=requests/statistics
[13-Mar-2025 06:31:31 Europe/Berlin] Normalized endpoint: statistics
[13-Mar-2025 06:31:31 Europe/Berlin] Getting request statistics
[13-Mar-2025 06:31:33 Europe/Berlin] Attempting to connect to database: mysql:host=localhost;dbname=upang_link
[13-Mar-2025 06:31:33 Europe/Berlin] Database connection successful
[13-Mar-2025 06:31:33 Europe/Berlin] Initializing RequestController
[13-Mar-2025 06:31:33 Europe/Berlin] Attempting to connect to database: mysql:host=localhost;dbname=upang_link
[13-Mar-2025 06:31:33 Europe/Berlin] Database connection successful
[13-Mar-2025 06:31:33 Europe/Berlin] RequestController initialized successfully
[13-Mar-2025 06:31:33 Europe/Berlin] Handling request: Method=GET, Endpoint=requests/types
[13-Mar-2025 06:31:33 Europe/Berlin] Normalized endpoint: types
[13-Mar-2025 06:31:33 Europe/Berlin] Getting request types
[13-Mar-2025 06:31:33 Europe/Berlin] Successfully fetched 7 request types
[13-Mar-2025 06:31:51 Europe/Berlin] Attempting to connect to database: mysql:host=localhost;dbname=upang_link
[13-Mar-2025 06:31:51 Europe/Berlin] Database connection successful
[13-Mar-2025 06:31:51 Europe/Berlin] Validating session for token: eccf0e1fcf3f04604cae748d7a61e8b7463e46a9451e9b02b43f67a1fabb436c
[13-Mar-2025 06:31:51 Europe/Berlin] Executing query: SELECT us.*, u.email_verified 
                FROM user_sessions us
                JOIN users u ON us.user_id = u.user_id
                WHERE us.token = ? AND us.is_active = 1 AND us.expires_at > NOW()
[13-Mar-2025 06:31:51 Europe/Berlin] Query executed. Row count: 0
[13-Mar-2025 06:31:51 Europe/Berlin] No valid session found
[13-Mar-2025 06:33:33 Europe/Berlin] Attempting to connect to database: mysql:host=localhost;dbname=upang_link
[13-Mar-2025 06:33:33 Europe/Berlin] Database connection successful
[13-Mar-2025 06:33:35 Europe/Berlin] Attempting to connect to database: mysql:host=localhost;dbname=upang_link
[13-Mar-2025 06:33:35 Europe/Berlin] Database connection successful
[13-Mar-2025 06:33:35 Europe/Berlin] Validating session for token: f4be17cd3e9d7d9ce314a45303266193a8798d412d1bea93d463d0e63819a02a
[13-Mar-2025 06:33:35 Europe/Berlin] Executing query: SELECT us.*, u.email_verified 
                FROM user_sessions us
                JOIN users u ON us.user_id = u.user_id
                WHERE us.token = ? AND us.is_active = 1 AND us.expires_at > NOW()
[13-Mar-2025 06:33:35 Europe/Berlin] Attempting to connect to database: mysql:host=localhost;dbname=upang_link
[13-Mar-2025 06:33:35 Europe/Berlin] Query executed. Row count: 1
[13-Mar-2025 06:33:35 Europe/Berlin] Session found: {"session_id":1,"user_id":2,"token":"f4be17cd3e9d7d9ce314a45303266193a8798d412d1bea93d463d0e63819a02a","device_info":"okhttp\/4.12.0","ip_address":"192.168.1.9","last_activity":"2025-03-12 22:33:35","expires_at":"2025-03-14 06:33:33","is_active":1,"created_at":"2025-03-12 22:33:33","email_verified":1}
[13-Mar-2025 06:33:35 Europe/Berlin] Updating session activity for token: f4be17cd3e9d7d9ce314a45303266193a8798d412d1bea93d463d0e63819a02a
[13-Mar-2025 06:33:35 Europe/Berlin] Session activity update result: success
[13-Mar-2025 06:33:35 Europe/Berlin] Initializing RequestController
[13-Mar-2025 06:33:35 Europe/Berlin] Database connection successful
[13-Mar-2025 06:33:35 Europe/Berlin] Attempting to connect to database: mysql:host=localhost;dbname=upang_link
[13-Mar-2025 06:33:35 Europe/Berlin] Database connection successful
[13-Mar-2025 06:33:35 Europe/Berlin] RequestController initialized successfully
[13-Mar-2025 06:33:35 Europe/Berlin] Handling request: Method=GET, Endpoint=requests/statistics
[13-Mar-2025 06:33:35 Europe/Berlin] Normalized endpoint: statistics
[13-Mar-2025 06:33:35 Europe/Berlin] Getting request statistics
[13-Mar-2025 06:33:35 Europe/Berlin] Initializing RequestController
[13-Mar-2025 06:33:35 Europe/Berlin] Attempting to connect to database: mysql:host=localhost;dbname=upang_link
[13-Mar-2025 06:33:35 Europe/Berlin] Database connection successful
[13-Mar-2025 06:33:35 Europe/Berlin] RequestController initialized successfully
[13-Mar-2025 06:33:35 Europe/Berlin] Handling request: Method=GET, Endpoint=requests/types
[13-Mar-2025 06:33:35 Europe/Berlin] Normalized endpoint: types
[13-Mar-2025 06:33:35 Europe/Berlin] Getting request types
[13-Mar-2025 06:33:35 Europe/Berlin] Successfully fetched 7 request types
[13-Mar-2025 06:34:39 Europe/Berlin] Attempting to connect to database: mysql:host=localhost;dbname=upang_link
[13-Mar-2025 06:34:39 Europe/Berlin] Database connection successful
[13-Mar-2025 06:34:39 Europe/Berlin] Validating session for token: f4be17cd3e9d7d9ce314a45303266193a8798d412d1bea93d463d0e63819a02a
[13-Mar-2025 06:34:39 Europe/Berlin] Executing query: SELECT us.*, u.email_verified 
                FROM user_sessions us
                JOIN users u ON us.user_id = u.user_id
                WHERE us.token = ? AND us.is_active = 1 AND us.expires_at > NOW()
[13-Mar-2025 06:34:39 Europe/Berlin] Query executed. Row count: 1
[13-Mar-2025 06:34:39 Europe/Berlin] Session found: {"session_id":1,"user_id":2,"token":"f4be17cd3e9d7d9ce314a45303266193a8798d412d1bea93d463d0e63819a02a","device_info":"okhttp\/4.12.0","ip_address":"192.168.1.9","last_activity":"2025-03-12 22:33:35","expires_at":"2025-03-14 06:33:33","is_active":1,"created_at":"2025-03-12 22:33:33","email_verified":1}
[13-Mar-2025 06:34:39 Europe/Berlin] Updating session activity for token: f4be17cd3e9d7d9ce314a45303266193a8798d412d1bea93d463d0e63819a02a
[13-Mar-2025 06:34:39 Europe/Berlin] Session activity update result: success
[13-Mar-2025 06:34:44 Europe/Berlin] Attempting to connect to database: mysql:host=localhost;dbname=upang_link
[13-Mar-2025 06:34:44 Europe/Berlin] Attempting to connect to database: mysql:host=localhost;dbname=upang_link
[13-Mar-2025 06:34:44 Europe/Berlin] Database connection successful
[13-Mar-2025 06:34:44 Europe/Berlin] Database connection successful
[13-Mar-2025 06:34:44 Europe/Berlin] Validating session for token: f4be17cd3e9d7d9ce314a45303266193a8798d412d1bea93d463d0e63819a02a
[13-Mar-2025 06:34:44 Europe/Berlin] Executing query: SELECT us.*, u.email_verified 
                FROM user_sessions us
                JOIN users u ON us.user_id = u.user_id
                WHERE us.token = ? AND us.is_active = 1 AND us.expires_at > NOW()
[13-Mar-2025 06:34:44 Europe/Berlin] Query executed. Row count: 1
[13-Mar-2025 06:34:44 Europe/Berlin] Session found: {"session_id":1,"user_id":2,"token":"f4be17cd3e9d7d9ce314a45303266193a8798d412d1bea93d463d0e63819a02a","device_info":"okhttp\/4.12.0","ip_address":"192.168.1.9","last_activity":"2025-03-12 22:34:39","expires_at":"2025-03-14 06:33:33","is_active":1,"created_at":"2025-03-12 22:33:33","email_verified":1}
[13-Mar-2025 06:34:44 Europe/Berlin] Updating session activity for token: f4be17cd3e9d7d9ce314a45303266193a8798d412d1bea93d463d0e63819a02a
[13-Mar-2025 06:34:44 Europe/Berlin] Initializing RequestController
[13-Mar-2025 06:34:44 Europe/Berlin] Attempting to connect to database: mysql:host=localhost;dbname=upang_link
[13-Mar-2025 06:34:44 Europe/Berlin] Database connection successful
[13-Mar-2025 06:34:44 Europe/Berlin] RequestController initialized successfully
[13-Mar-2025 06:34:44 Europe/Berlin] Session activity update result: success
[13-Mar-2025 06:34:44 Europe/Berlin] Handling request: Method=GET, Endpoint=requests/types
[13-Mar-2025 06:34:44 Europe/Berlin] Normalized endpoint: types
[13-Mar-2025 06:34:44 Europe/Berlin] Getting request types
[13-Mar-2025 06:34:44 Europe/Berlin] Initializing RequestController
[13-Mar-2025 06:34:44 Europe/Berlin] Attempting to connect to database: mysql:host=localhost;dbname=upang_link
[13-Mar-2025 06:34:44 Europe/Berlin] Successfully fetched 7 request types
[13-Mar-2025 06:34:44 Europe/Berlin] Database connection successful
[13-Mar-2025 06:34:44 Europe/Berlin] RequestController initialized successfully
[13-Mar-2025 06:34:44 Europe/Berlin] Handling request: Method=GET, Endpoint=requests/statistics
[13-Mar-2025 06:34:44 Europe/Berlin] Normalized endpoint: statistics
[13-Mar-2025 06:34:44 Europe/Berlin] Getting request statistics
[13-Mar-2025 06:34:45 Europe/Berlin] Attempting to connect to database: mysql:host=localhost;dbname=upang_link
[13-Mar-2025 06:34:45 Europe/Berlin] Database connection successful
[13-Mar-2025 06:34:45 Europe/Berlin] Initializing RequestController
[13-Mar-2025 06:34:45 Europe/Berlin] Attempting to connect to database: mysql:host=localhost;dbname=upang_link
[13-Mar-2025 06:34:45 Europe/Berlin] Database connection successful
[13-Mar-2025 06:34:45 Europe/Berlin] RequestController initialized successfully
[13-Mar-2025 06:34:45 Europe/Berlin] Handling request: Method=GET, Endpoint=requests/types
[13-Mar-2025 06:34:45 Europe/Berlin] Normalized endpoint: types
[13-Mar-2025 06:34:45 Europe/Berlin] Getting request types
[13-Mar-2025 06:34:45 Europe/Berlin] Successfully fetched 7 request types
[13-Mar-2025 06:35:00 Europe/Berlin] Attempting to connect to database: mysql:host=localhost;dbname=upang_link
[13-Mar-2025 06:35:00 Europe/Berlin] Database connection successful
[13-Mar-2025 06:35:00 Europe/Berlin] Initializing RequestController
[13-Mar-2025 06:35:00 Europe/Berlin] Attempting to connect to database: mysql:host=localhost;dbname=upang_link
[13-Mar-2025 06:35:00 Europe/Berlin] Database connection successful
[13-Mar-2025 06:35:00 Europe/Berlin] RequestController initialized successfully
[13-Mar-2025 06:35:00 Europe/Berlin] Handling request: Method=GET, Endpoint=requests/types
[13-Mar-2025 06:35:00 Europe/Berlin] Normalized endpoint: types
[13-Mar-2025 06:35:00 Europe/Berlin] Getting request types
[13-Mar-2025 06:35:00 Europe/Berlin] Successfully fetched 7 request types
[13-Mar-2025 06:41:55 Europe/Berlin] Attempting to connect to database: mysql:host=localhost;dbname=upang_link
[13-Mar-2025 06:41:55 Europe/Berlin] Database connection successful
[13-Mar-2025 06:41:55 Europe/Berlin] Validating session for token: f4be17cd3e9d7d9ce314a45303266193a8798d412d1bea93d463d0e63819a02a
[13-Mar-2025 06:41:55 Europe/Berlin] Executing query: SELECT us.*, u.email_verified 
                FROM user_sessions us
                JOIN users u ON us.user_id = u.user_id
                WHERE us.token = ? AND us.is_active = 1 AND us.expires_at > NOW()
[13-Mar-2025 06:41:55 Europe/Berlin] Query executed. Row count: 1
[13-Mar-2025 06:41:55 Europe/Berlin] Session found: {"session_id":1,"user_id":2,"token":"f4be17cd3e9d7d9ce314a45303266193a8798d412d1bea93d463d0e63819a02a","device_info":"okhttp\/4.12.0","ip_address":"192.168.1.9","last_activity":"2025-03-12 22:36:29","expires_at":"2025-03-14 06:33:33","is_active":1,"created_at":"2025-03-12 22:33:33","email_verified":1}
[13-Mar-2025 06:41:55 Europe/Berlin] Updating session activity for token: f4be17cd3e9d7d9ce314a45303266193a8798d412d1bea93d463d0e63819a02a
[13-Mar-2025 06:41:55 Europe/Berlin] Session activity update result: success
[13-Mar-2025 06:41:59 Europe/Berlin] Attempting to connect to database: mysql:host=localhost;dbname=upang_link
[13-Mar-2025 06:41:59 Europe/Berlin] Attempting to connect to database: mysql:host=localhost;dbname=upang_link
[13-Mar-2025 06:41:59 Europe/Berlin] Database connection successful
[13-Mar-2025 06:41:59 Europe/Berlin] Database connection successful
[13-Mar-2025 06:41:59 Europe/Berlin] Validating session for token: f4be17cd3e9d7d9ce314a45303266193a8798d412d1bea93d463d0e63819a02a
[13-Mar-2025 06:41:59 Europe/Berlin] Executing query: SELECT us.*, u.email_verified 
                FROM user_sessions us
                JOIN users u ON us.user_id = u.user_id
                WHERE us.token = ? AND us.is_active = 1 AND us.expires_at > NOW()
[13-Mar-2025 06:41:59 Europe/Berlin] Initializing RequestController
[13-Mar-2025 06:41:59 Europe/Berlin] Attempting to connect to database: mysql:host=localhost;dbname=upang_link
[13-Mar-2025 06:41:59 Europe/Berlin] Query executed. Row count: 1
[13-Mar-2025 06:41:59 Europe/Berlin] Session found: {"session_id":1,"user_id":2,"token":"f4be17cd3e9d7d9ce314a45303266193a8798d412d1bea93d463d0e63819a02a","device_info":"okhttp\/4.12.0","ip_address":"192.168.1.9","last_activity":"2025-03-12 22:41:59","expires_at":"2025-03-14 06:33:33","is_active":1,"created_at":"2025-03-12 22:33:33","email_verified":1}
[13-Mar-2025 06:41:59 Europe/Berlin] Updating session activity for token: f4be17cd3e9d7d9ce314a45303266193a8798d412d1bea93d463d0e63819a02a
[13-Mar-2025 06:41:59 Europe/Berlin] Session activity update result: success
[13-Mar-2025 06:41:59 Europe/Berlin] Database connection successful
[13-Mar-2025 06:41:59 Europe/Berlin] RequestController initialized successfully
[13-Mar-2025 06:41:59 Europe/Berlin] Handling request: Method=GET, Endpoint=requests/types
[13-Mar-2025 06:41:59 Europe/Berlin] Normalized endpoint: types
[13-Mar-2025 06:41:59 Europe/Berlin] Getting request types
[13-Mar-2025 06:41:59 Europe/Berlin] Initializing RequestController
[13-Mar-2025 06:41:59 Europe/Berlin] Attempting to connect to database: mysql:host=localhost;dbname=upang_link
[13-Mar-2025 06:41:59 Europe/Berlin] Successfully fetched 7 request types
[13-Mar-2025 06:41:59 Europe/Berlin] Database connection successful
[13-Mar-2025 06:41:59 Europe/Berlin] RequestController initialized successfully
[13-Mar-2025 06:41:59 Europe/Berlin] Handling request: Method=GET, Endpoint=requests/statistics
[13-Mar-2025 06:41:59 Europe/Berlin] Normalized endpoint: statistics
[13-Mar-2025 06:41:59 Europe/Berlin] Getting request statistics
[13-Mar-2025 06:42:00 Europe/Berlin] Attempting to connect to database: mysql:host=localhost;dbname=upang_link
[13-Mar-2025 06:42:00 Europe/Berlin] Database connection successful
[13-Mar-2025 06:42:00 Europe/Berlin] Initializing RequestController
[13-Mar-2025 06:42:00 Europe/Berlin] Attempting to connect to database: mysql:host=localhost;dbname=upang_link
[13-Mar-2025 06:42:00 Europe/Berlin] Database connection successful
[13-Mar-2025 06:42:00 Europe/Berlin] RequestController initialized successfully
[13-Mar-2025 06:42:00 Europe/Berlin] Handling request: Method=GET, Endpoint=requests/types
[13-Mar-2025 06:42:00 Europe/Berlin] Normalized endpoint: types
[13-Mar-2025 06:42:00 Europe/Berlin] Getting request types
[13-Mar-2025 06:42:00 Europe/Berlin] Successfully fetched 7 request types
[13-Mar-2025 06:47:25 Europe/Berlin] Attempting to connect to database: mysql:host=localhost;dbname=upang_link
[13-Mar-2025 06:47:25 Europe/Berlin] Database connection successful
[13-Mar-2025 06:47:25 Europe/Berlin] Validating session for token: f4be17cd3e9d7d9ce314a45303266193a8798d412d1bea93d463d0e63819a02a
[13-Mar-2025 06:47:25 Europe/Berlin] Executing query: SELECT us.*, u.email_verified 
                FROM user_sessions us
                JOIN users u ON us.user_id = u.user_id
                WHERE us.token = ? AND us.is_active = 1 AND us.expires_at > NOW()
[13-Mar-2025 06:47:25 Europe/Berlin] Query executed. Row count: 1
[13-Mar-2025 06:47:25 Europe/Berlin] Session found: {"session_id":1,"user_id":2,"token":"f4be17cd3e9d7d9ce314a45303266193a8798d412d1bea93d463d0e63819a02a","device_info":"okhttp\/4.12.0","ip_address":"192.168.1.9","last_activity":"2025-03-12 22:41:59","expires_at":"2025-03-14 06:33:33","is_active":1,"created_at":"2025-03-12 22:33:33","email_verified":1}
[13-Mar-2025 06:47:25 Europe/Berlin] Updating session activity for token: f4be17cd3e9d7d9ce314a45303266193a8798d412d1bea93d463d0e63819a02a
[13-Mar-2025 06:47:25 Europe/Berlin] Session activity update result: success
[13-Mar-2025 06:47:27 Europe/Berlin] Attempting to connect to database: mysql:host=localhost;dbname=upang_link
[13-Mar-2025 06:47:27 Europe/Berlin] Database connection successful
[13-Mar-2025 06:47:27 Europe/Berlin] Validating session for token: f4be17cd3e9d7d9ce314a45303266193a8798d412d1bea93d463d0e63819a02a
[13-Mar-2025 06:47:27 Europe/Berlin] Executing query: SELECT us.*, u.email_verified 
                FROM user_sessions us
                JOIN users u ON us.user_id = u.user_id
                WHERE us.token = ? AND us.is_active = 1 AND us.expires_at > NOW()
[13-Mar-2025 06:47:27 Europe/Berlin] Query executed. Row count: 1
[13-Mar-2025 06:47:27 Europe/Berlin] Session found: {"session_id":1,"user_id":2,"token":"f4be17cd3e9d7d9ce314a45303266193a8798d412d1bea93d463d0e63819a02a","device_info":"okhttp\/4.12.0","ip_address":"192.168.1.9","last_activity":"2025-03-12 22:47:25","expires_at":"2025-03-14 06:33:33","is_active":1,"created_at":"2025-03-12 22:33:33","email_verified":1}
[13-Mar-2025 06:47:27 Europe/Berlin] Updating session activity for token: f4be17cd3e9d7d9ce314a45303266193a8798d412d1bea93d463d0e63819a02a
[13-Mar-2025 06:47:27 Europe/Berlin] Session activity update result: success
[13-Mar-2025 06:47:27 Europe/Berlin] Initializing RequestController
[13-Mar-2025 06:47:27 Europe/Berlin] Attempting to connect to database: mysql:host=localhost;dbname=upang_link
[13-Mar-2025 06:47:27 Europe/Berlin] Database connection successful
[13-Mar-2025 06:47:27 Europe/Berlin] RequestController initialized successfully
[13-Mar-2025 06:47:27 Europe/Berlin] Handling request: Method=GET, Endpoint=requests/statistics
[13-Mar-2025 06:47:27 Europe/Berlin] Normalized endpoint: statistics
[13-Mar-2025 06:47:27 Europe/Berlin] Getting request statistics
[13-Mar-2025 06:47:27 Europe/Berlin] Attempting to connect to database: mysql:host=localhost;dbname=upang_link
[13-Mar-2025 06:47:27 Europe/Berlin] Database connection successful
[13-Mar-2025 06:47:27 Europe/Berlin] Initializing RequestController
[13-Mar-2025 06:47:27 Europe/Berlin] Attempting to connect to database: mysql:host=localhost;dbname=upang_link
[13-Mar-2025 06:47:27 Europe/Berlin] Database connection successful
[13-Mar-2025 06:47:27 Europe/Berlin] RequestController initialized successfully
[13-Mar-2025 06:47:27 Europe/Berlin] Handling request: Method=GET, Endpoint=requests/types
[13-Mar-2025 06:47:27 Europe/Berlin] Normalized endpoint: types
[13-Mar-2025 06:47:27 Europe/Berlin] Getting request types
[13-Mar-2025 06:47:27 Europe/Berlin] Successfully fetched 7 request types
[13-Mar-2025 06:47:28 Europe/Berlin] Attempting to connect to database: mysql:host=localhost;dbname=upang_link
[13-Mar-2025 06:47:28 Europe/Berlin] Database connection successful
[13-Mar-2025 06:47:28 Europe/Berlin] Initializing RequestController
[13-Mar-2025 06:47:28 Europe/Berlin] Attempting to connect to database: mysql:host=localhost;dbname=upang_link
[13-Mar-2025 06:47:28 Europe/Berlin] Database connection successful
[13-Mar-2025 06:47:28 Europe/Berlin] RequestController initialized successfully
[13-Mar-2025 06:47:28 Europe/Berlin] Handling request: Method=GET, Endpoint=requests/types
[13-Mar-2025 06:47:28 Europe/Berlin] Normalized endpoint: types
[13-Mar-2025 06:47:28 Europe/Berlin] Getting request types
[13-Mar-2025 06:47:28 Europe/Berlin] Successfully fetched 7 request types
[13-Mar-2025 06:49:30 Europe/Berlin] Attempting to connect to database: mysql:host=localhost;dbname=upang_link
[13-Mar-2025 06:49:30 Europe/Berlin] Database connection successful
[13-Mar-2025 06:49:31 Europe/Berlin] Validating session for token: f4be17cd3e9d7d9ce314a45303266193a8798d412d1bea93d463d0e63819a02a
[13-Mar-2025 06:49:31 Europe/Berlin] Executing query: SELECT us.*, u.email_verified 
                FROM user_sessions us
                JOIN users u ON us.user_id = u.user_id
                WHERE us.token = ? AND us.is_active = 1 AND us.expires_at > NOW()
[13-Mar-2025 06:49:31 Europe/Berlin] Query executed. Row count: 1
[13-Mar-2025 06:49:31 Europe/Berlin] Session found: {"session_id":1,"user_id":2,"token":"f4be17cd3e9d7d9ce314a45303266193a8798d412d1bea93d463d0e63819a02a","device_info":"okhttp\/4.12.0","ip_address":"192.168.1.9","last_activity":"2025-03-12 22:47:27","expires_at":"2025-03-14 06:33:33","is_active":1,"created_at":"2025-03-12 22:33:33","email_verified":1}
[13-Mar-2025 06:49:31 Europe/Berlin] Updating session activity for token: f4be17cd3e9d7d9ce314a45303266193a8798d412d1bea93d463d0e63819a02a
[13-Mar-2025 06:49:31 Europe/Berlin] Session activity update result: success
[13-Mar-2025 06:49:32 Europe/Berlin] Attempting to connect to database: mysql:host=localhost;dbname=upang_link
[13-Mar-2025 06:49:33 Europe/Berlin] Database connection successful
[13-Mar-2025 06:49:33 Europe/Berlin] Attempting to connect to database: mysql:host=localhost;dbname=upang_link
[13-Mar-2025 06:49:33 Europe/Berlin] Initializing RequestController
[13-Mar-2025 06:49:33 Europe/Berlin] Attempting to connect to database: mysql:host=localhost;dbname=upang_link
[13-Mar-2025 06:49:33 Europe/Berlin] Database connection successful
[13-Mar-2025 06:49:33 Europe/Berlin] Database connection successful
[13-Mar-2025 06:49:33 Europe/Berlin] RequestController initialized successfully
[13-Mar-2025 06:49:33 Europe/Berlin] Handling request: Method=GET, Endpoint=requests/types
[13-Mar-2025 06:49:33 Europe/Berlin] Normalized endpoint: types
[13-Mar-2025 06:49:33 Europe/Berlin] Getting request types
[13-Mar-2025 06:49:33 Europe/Berlin] Successfully fetched 7 request types
[13-Mar-2025 06:49:33 Europe/Berlin] Validating session for token: f4be17cd3e9d7d9ce314a45303266193a8798d412d1bea93d463d0e63819a02a
[13-Mar-2025 06:49:33 Europe/Berlin] Executing query: SELECT us.*, u.email_verified 
                FROM user_sessions us
                JOIN users u ON us.user_id = u.user_id
                WHERE us.token = ? AND us.is_active = 1 AND us.expires_at > NOW()
[13-Mar-2025 06:49:33 Europe/Berlin] Query executed. Row count: 1
[13-Mar-2025 06:49:33 Europe/Berlin] Session found: {"session_id":1,"user_id":2,"token":"f4be17cd3e9d7d9ce314a45303266193a8798d412d1bea93d463d0e63819a02a","device_info":"okhttp\/4.12.0","ip_address":"192.168.1.9","last_activity":"2025-03-12 22:49:33","expires_at":"2025-03-14 06:33:33","is_active":1,"created_at":"2025-03-12 22:33:33","email_verified":1}
[13-Mar-2025 06:49:33 Europe/Berlin] Updating session activity for token: f4be17cd3e9d7d9ce314a45303266193a8798d412d1bea93d463d0e63819a02a
[13-Mar-2025 06:49:33 Europe/Berlin] Session activity update result: success
[13-Mar-2025 06:49:33 Europe/Berlin] Initializing RequestController
[13-Mar-2025 06:49:33 Europe/Berlin] Attempting to connect to database: mysql:host=localhost;dbname=upang_link
[13-Mar-2025 06:49:33 Europe/Berlin] Database connection successful
[13-Mar-2025 06:49:33 Europe/Berlin] RequestController initialized successfully
[13-Mar-2025 06:49:33 Europe/Berlin] Handling request: Method=GET, Endpoint=requests/statistics
[13-Mar-2025 06:49:33 Europe/Berlin] Normalized endpoint: statistics
[13-Mar-2025 06:49:33 Europe/Berlin] Getting request statistics
[13-Mar-2025 06:49:34 Europe/Berlin] Attempting to connect to database: mysql:host=localhost;dbname=upang_link
[13-Mar-2025 06:49:34 Europe/Berlin] Database connection successful
[13-Mar-2025 06:49:34 Europe/Berlin] Initializing RequestController
[13-Mar-2025 06:49:34 Europe/Berlin] Attempting to connect to database: mysql:host=localhost;dbname=upang_link
[13-Mar-2025 06:49:34 Europe/Berlin] Database connection successful
[13-Mar-2025 06:49:34 Europe/Berlin] RequestController initialized successfully
[13-Mar-2025 06:49:34 Europe/Berlin] Handling request: Method=GET, Endpoint=requests/types
[13-Mar-2025 06:49:34 Europe/Berlin] Normalized endpoint: types
[13-Mar-2025 06:49:34 Europe/Berlin] Getting request types
[13-Mar-2025 06:49:34 Europe/Berlin] Successfully fetched 7 request types
[13-Mar-2025 06:50:51 Europe/Berlin] Attempting to connect to database: mysql:host=localhost;dbname=upang_link
[13-Mar-2025 06:50:51 Europe/Berlin] Database connection successful
[13-Mar-2025 06:50:51 Europe/Berlin] Initializing RequestController
[13-Mar-2025 06:50:51 Europe/Berlin] Attempting to connect to database: mysql:host=localhost;dbname=upang_link
[13-Mar-2025 06:50:51 Europe/Berlin] Database connection successful
[13-Mar-2025 06:50:51 Europe/Berlin] RequestController initialized successfully
[13-Mar-2025 06:50:51 Europe/Berlin] Handling request: Method=GET, Endpoint=requests/types
[13-Mar-2025 06:50:51 Europe/Berlin] Normalized endpoint: types
[13-Mar-2025 06:50:51 Europe/Berlin] Getting request types
[13-Mar-2025 06:50:51 Europe/Berlin] Successfully fetched 7 request types
[13-Mar-2025 06:53:42 Europe/Berlin] Attempting to connect to database: mysql:host=localhost;dbname=upang_link
[13-Mar-2025 06:53:42 Europe/Berlin] Database connection successful
[13-Mar-2025 06:53:42 Europe/Berlin] Validating session for token: f4be17cd3e9d7d9ce314a45303266193a8798d412d1bea93d463d0e63819a02a
[13-Mar-2025 06:53:42 Europe/Berlin] Executing query: SELECT us.*, u.email_verified 
                FROM user_sessions us
                JOIN users u ON us.user_id = u.user_id
                WHERE us.token = ? AND us.is_active = 1 AND us.expires_at > NOW()
[13-Mar-2025 06:53:42 Europe/Berlin] Query executed. Row count: 1
[13-Mar-2025 06:53:42 Europe/Berlin] Session found: {"session_id":1,"user_id":2,"token":"f4be17cd3e9d7d9ce314a45303266193a8798d412d1bea93d463d0e63819a02a","device_info":"okhttp\/4.12.0","ip_address":"192.168.1.9","last_activity":"2025-03-12 22:50:49","expires_at":"2025-03-14 06:33:33","is_active":1,"created_at":"2025-03-12 22:33:33","email_verified":1}
[13-Mar-2025 06:53:42 Europe/Berlin] Updating session activity for token: f4be17cd3e9d7d9ce314a45303266193a8798d412d1bea93d463d0e63819a02a
[13-Mar-2025 06:53:42 Europe/Berlin] Session activity update result: success
[13-Mar-2025 06:53:44 Europe/Berlin] Attempting to connect to database: mysql:host=localhost;dbname=upang_link
[13-Mar-2025 06:53:44 Europe/Berlin] Database connection successful
[13-Mar-2025 06:53:44 Europe/Berlin] Initializing RequestController
[13-Mar-2025 06:53:44 Europe/Berlin] Attempting to connect to database: mysql:host=localhost;dbname=upang_link
[13-Mar-2025 06:53:44 Europe/Berlin] Database connection successful
[13-Mar-2025 06:53:44 Europe/Berlin] RequestController initialized successfully
[13-Mar-2025 06:53:44 Europe/Berlin] Handling request: Method=GET, Endpoint=requests/types
[13-Mar-2025 06:53:44 Europe/Berlin] Normalized endpoint: types
[13-Mar-2025 06:53:44 Europe/Berlin] Getting request types
[13-Mar-2025 06:53:44 Europe/Berlin] Successfully fetched 7 request types
[13-Mar-2025 06:53:44 Europe/Berlin] Attempting to connect to database: mysql:host=localhost;dbname=upang_link
[13-Mar-2025 06:53:44 Europe/Berlin] Database connection successful
[13-Mar-2025 06:53:44 Europe/Berlin] Validating session for token: f4be17cd3e9d7d9ce314a45303266193a8798d412d1bea93d463d0e63819a02a
[13-Mar-2025 06:53:44 Europe/Berlin] Executing query: SELECT us.*, u.email_verified 
                FROM user_sessions us
                JOIN users u ON us.user_id = u.user_id
                WHERE us.token = ? AND us.is_active = 1 AND us.expires_at > NOW()
[13-Mar-2025 06:53:44 Europe/Berlin] Query executed. Row count: 1
[13-Mar-2025 06:53:44 Europe/Berlin] Session found: {"session_id":1,"user_id":2,"token":"f4be17cd3e9d7d9ce314a45303266193a8798d412d1bea93d463d0e63819a02a","device_info":"okhttp\/4.12.0","ip_address":"192.168.1.9","last_activity":"2025-03-12 22:53:44","expires_at":"2025-03-14 06:33:33","is_active":1,"created_at":"2025-03-12 22:33:33","email_verified":1}
[13-Mar-2025 06:53:44 Europe/Berlin] Updating session activity for token: f4be17cd3e9d7d9ce314a45303266193a8798d412d1bea93d463d0e63819a02a
[13-Mar-2025 06:53:44 Europe/Berlin] Session activity update result: success
[13-Mar-2025 06:53:44 Europe/Berlin] Initializing RequestController
[13-Mar-2025 06:53:44 Europe/Berlin] Attempting to connect to database: mysql:host=localhost;dbname=upang_link
[13-Mar-2025 06:53:44 Europe/Berlin] Database connection successful
[13-Mar-2025 06:53:44 Europe/Berlin] RequestController initialized successfully
[13-Mar-2025 06:53:44 Europe/Berlin] Handling request: Method=GET, Endpoint=requests/statistics
[13-Mar-2025 06:53:44 Europe/Berlin] Normalized endpoint: statistics
[13-Mar-2025 06:53:44 Europe/Berlin] Getting request statistics
[13-Mar-2025 06:53:45 Europe/Berlin] Attempting to connect to database: mysql:host=localhost;dbname=upang_link
[13-Mar-2025 06:53:45 Europe/Berlin] Database connection successful
[13-Mar-2025 06:53:45 Europe/Berlin] Initializing RequestController
[13-Mar-2025 06:53:45 Europe/Berlin] Attempting to connect to database: mysql:host=localhost;dbname=upang_link
[13-Mar-2025 06:53:45 Europe/Berlin] Database connection successful
[13-Mar-2025 06:53:45 Europe/Berlin] RequestController initialized successfully
[13-Mar-2025 06:53:45 Europe/Berlin] Handling request: Method=GET, Endpoint=requests/types
[13-Mar-2025 06:53:45 Europe/Berlin] Normalized endpoint: types
[13-Mar-2025 06:53:45 Europe/Berlin] Getting request types
[13-Mar-2025 06:53:45 Europe/Berlin] Successfully fetched 7 request types
[13-Mar-2025 07:14:14 Europe/Berlin] Attempting to connect to database: mysql:host=localhost;dbname=upang_link
[13-Mar-2025 07:14:14 Europe/Berlin] Database connection successful
[13-Mar-2025 07:14:14 Europe/Berlin] Initializing RequestController
[13-Mar-2025 07:14:14 Europe/Berlin] Attempting to connect to database: mysql:host=localhost;dbname=upang_link
[13-Mar-2025 07:14:14 Europe/Berlin] Database connection successful
[13-Mar-2025 07:14:14 Europe/Berlin] RequestController initialized successfully
[13-Mar-2025 07:14:14 Europe/Berlin] Handling request: Method=GET, Endpoint=requests/types
[13-Mar-2025 07:14:14 Europe/Berlin] Normalized endpoint: types
[13-Mar-2025 07:14:14 Europe/Berlin] Getting request types
[13-Mar-2025 07:14:14 Europe/Berlin] Successfully fetched 7 request types
[13-Mar-2025 07:21:00 Europe/Berlin] Attempting to connect to database: mysql:host=localhost;dbname=upang_link
[13-Mar-2025 07:21:00 Europe/Berlin] Database connection successful
[13-Mar-2025 07:21:00 Europe/Berlin] Initializing RequestController
[13-Mar-2025 07:21:00 Europe/Berlin] Attempting to connect to database: mysql:host=localhost;dbname=upang_link
[13-Mar-2025 07:21:00 Europe/Berlin] Database connection successful
[13-Mar-2025 07:21:00 Europe/Berlin] RequestController initialized successfully
[13-Mar-2025 07:21:00 Europe/Berlin] Handling request: Method=GET, Endpoint=requests/types
[13-Mar-2025 07:21:00 Europe/Berlin] Normalized endpoint: types
[13-Mar-2025 07:21:00 Europe/Berlin] Getting request types
[13-Mar-2025 07:21:00 Europe/Berlin] Successfully fetched 7 request types
[13-Mar-2025 07:24:54 Europe/Berlin] Attempting to connect to database: mysql:host=localhost;dbname=upang_link
[13-Mar-2025 07:24:54 Europe/Berlin] Database connection successful
[13-Mar-2025 07:24:54 Europe/Berlin] Validating session for token: f4be17cd3e9d7d9ce314a45303266193a8798d412d1bea93d463d0e63819a02a
[13-Mar-2025 07:24:54 Europe/Berlin] Executing query: SELECT us.*, u.email_verified 
                FROM user_sessions us
                JOIN users u ON us.user_id = u.user_id
                WHERE us.token = ? AND us.is_active = 1 AND us.expires_at > NOW()
[13-Mar-2025 07:24:54 Europe/Berlin] Query executed. Row count: 1
[13-Mar-2025 07:24:54 Europe/Berlin] Session found: {"session_id":1,"user_id":2,"token":"f4be17cd3e9d7d9ce314a45303266193a8798d412d1bea93d463d0e63819a02a","device_info":"okhttp\/4.12.0","ip_address":"192.168.1.9","last_activity":"2025-03-12 23:20:58","expires_at":"2025-03-14 06:33:33","is_active":1,"created_at":"2025-03-12 22:33:33","email_verified":1}
[13-Mar-2025 07:24:54 Europe/Berlin] Updating session activity for token: f4be17cd3e9d7d9ce314a45303266193a8798d412d1bea93d463d0e63819a02a
[13-Mar-2025 07:24:54 Europe/Berlin] Session activity update result: success
[13-Mar-2025 07:24:56 Europe/Berlin] Attempting to connect to database: mysql:host=localhost;dbname=upang_link
[13-Mar-2025 07:24:56 Europe/Berlin] Database connection successful
[13-Mar-2025 07:24:56 Europe/Berlin] Attempting to connect to database: mysql:host=localhost;dbname=upang_link
[13-Mar-2025 07:24:56 Europe/Berlin] Database connection successful
[13-Mar-2025 07:24:56 Europe/Berlin] Initializing RequestController
[13-Mar-2025 07:24:56 Europe/Berlin] Attempting to connect to database: mysql:host=localhost;dbname=upang_link
[13-Mar-2025 07:24:56 Europe/Berlin] Database connection successful
[13-Mar-2025 07:24:56 Europe/Berlin] Validating session for token: f4be17cd3e9d7d9ce314a45303266193a8798d412d1bea93d463d0e63819a02a
[13-Mar-2025 07:24:56 Europe/Berlin] Executing query: SELECT us.*, u.email_verified 
                FROM user_sessions us
                JOIN users u ON us.user_id = u.user_id
                WHERE us.token = ? AND us.is_active = 1 AND us.expires_at > NOW()
[13-Mar-2025 07:24:56 Europe/Berlin] RequestController initialized successfully
[13-Mar-2025 07:24:56 Europe/Berlin] Handling request: Method=GET, Endpoint=requests/types
[13-Mar-2025 07:24:56 Europe/Berlin] Query executed. Row count: 1
[13-Mar-2025 07:24:56 Europe/Berlin] Normalized endpoint: types
[13-Mar-2025 07:24:56 Europe/Berlin] Session found: {"session_id":1,"user_id":2,"token":"f4be17cd3e9d7d9ce314a45303266193a8798d412d1bea93d463d0e63819a02a","device_info":"okhttp\/4.12.0","ip_address":"192.168.1.9","last_activity":"2025-03-12 23:24:56","expires_at":"2025-03-14 06:33:33","is_active":1,"created_at":"2025-03-12 22:33:33","email_verified":1}
[13-Mar-2025 07:24:56 Europe/Berlin] Getting request types
[13-Mar-2025 07:24:56 Europe/Berlin] Updating session activity for token: f4be17cd3e9d7d9ce314a45303266193a8798d412d1bea93d463d0e63819a02a
[13-Mar-2025 07:24:56 Europe/Berlin] Session activity update result: success
[13-Mar-2025 07:24:56 Europe/Berlin] Successfully fetched 7 request types
[13-Mar-2025 07:24:56 Europe/Berlin] Initializing RequestController
[13-Mar-2025 07:24:56 Europe/Berlin] Attempting to connect to database: mysql:host=localhost;dbname=upang_link
[13-Mar-2025 07:24:56 Europe/Berlin] Database connection successful
[13-Mar-2025 07:24:56 Europe/Berlin] RequestController initialized successfully
[13-Mar-2025 07:24:56 Europe/Berlin] Handling request: Method=GET, Endpoint=requests/statistics
[13-Mar-2025 07:24:56 Europe/Berlin] Normalized endpoint: statistics
[13-Mar-2025 07:24:56 Europe/Berlin] Getting request statistics
[13-Mar-2025 07:24:57 Europe/Berlin] Attempting to connect to database: mysql:host=localhost;dbname=upang_link
[13-Mar-2025 07:24:57 Europe/Berlin] Database connection successful
[13-Mar-2025 07:24:57 Europe/Berlin] Initializing RequestController
[13-Mar-2025 07:24:57 Europe/Berlin] Attempting to connect to database: mysql:host=localhost;dbname=upang_link
[13-Mar-2025 07:24:57 Europe/Berlin] Database connection successful
[13-Mar-2025 07:24:57 Europe/Berlin] RequestController initialized successfully
[13-Mar-2025 07:24:57 Europe/Berlin] Handling request: Method=GET, Endpoint=requests/types
[13-Mar-2025 07:24:57 Europe/Berlin] Normalized endpoint: types
[13-Mar-2025 07:24:57 Europe/Berlin] Getting request types
[13-Mar-2025 07:24:57 Europe/Berlin] Successfully fetched 7 request types
[13-Mar-2025 07:28:13 Europe/Berlin] Attempting to connect to database: mysql:host=localhost;dbname=upang_link
[13-Mar-2025 07:28:13 Europe/Berlin] Database connection successful
[13-Mar-2025 07:28:13 Europe/Berlin] Validating session for token: f4be17cd3e9d7d9ce314a45303266193a8798d412d1bea93d463d0e63819a02a
[13-Mar-2025 07:28:13 Europe/Berlin] Executing query: SELECT us.*, u.email_verified 
                FROM user_sessions us
                JOIN users u ON us.user_id = u.user_id
                WHERE us.token = ? AND us.is_active = 1 AND us.expires_at > NOW()
[13-Mar-2025 07:28:13 Europe/Berlin] Query executed. Row count: 1
[13-Mar-2025 07:28:13 Europe/Berlin] Session found: {"session_id":1,"user_id":2,"token":"f4be17cd3e9d7d9ce314a45303266193a8798d412d1bea93d463d0e63819a02a","device_info":"okhttp\/4.12.0","ip_address":"192.168.1.9","last_activity":"2025-03-12 23:24:56","expires_at":"2025-03-14 06:33:33","is_active":1,"created_at":"2025-03-12 22:33:33","email_verified":1}
[13-Mar-2025 07:28:13 Europe/Berlin] Updating session activity for token: f4be17cd3e9d7d9ce314a45303266193a8798d412d1bea93d463d0e63819a02a
[13-Mar-2025 07:28:13 Europe/Berlin] Session activity update result: success
[13-Mar-2025 07:28:15 Europe/Berlin] Attempting to connect to database: mysql:host=localhost;dbname=upang_link
[13-Mar-2025 07:28:15 Europe/Berlin] Database connection successful
[13-Mar-2025 07:28:15 Europe/Berlin] Attempting to connect to database: mysql:host=localhost;dbname=upang_link
[13-Mar-2025 07:28:15 Europe/Berlin] Initializing RequestController
[13-Mar-2025 07:28:15 Europe/Berlin] Attempting to connect to database: mysql:host=localhost;dbname=upang_link
[13-Mar-2025 07:28:15 Europe/Berlin] Database connection successful
[13-Mar-2025 07:28:15 Europe/Berlin] Database connection successful
[13-Mar-2025 07:28:15 Europe/Berlin] RequestController initialized successfully
[13-Mar-2025 07:28:15 Europe/Berlin] Handling request: Method=GET, Endpoint=requests/types
[13-Mar-2025 07:28:15 Europe/Berlin] Normalized endpoint: types
[13-Mar-2025 07:28:15 Europe/Berlin] Getting request types
[13-Mar-2025 07:28:15 Europe/Berlin] Validating session for token: f4be17cd3e9d7d9ce314a45303266193a8798d412d1bea93d463d0e63819a02a
[13-Mar-2025 07:28:15 Europe/Berlin] Executing query: SELECT us.*, u.email_verified 
                FROM user_sessions us
                JOIN users u ON us.user_id = u.user_id
                WHERE us.token = ? AND us.is_active = 1 AND us.expires_at > NOW()
[13-Mar-2025 07:28:15 Europe/Berlin] Successfully fetched 7 request types
[13-Mar-2025 07:28:15 Europe/Berlin] Query executed. Row count: 1
[13-Mar-2025 07:28:15 Europe/Berlin] Session found: {"session_id":1,"user_id":2,"token":"f4be17cd3e9d7d9ce314a45303266193a8798d412d1bea93d463d0e63819a02a","device_info":"okhttp\/4.12.0","ip_address":"192.168.1.9","last_activity":"2025-03-12 23:28:15","expires_at":"2025-03-14 06:33:33","is_active":1,"created_at":"2025-03-12 22:33:33","email_verified":1}
[13-Mar-2025 07:28:15 Europe/Berlin] Updating session activity for token: f4be17cd3e9d7d9ce314a45303266193a8798d412d1bea93d463d0e63819a02a
[13-Mar-2025 07:28:15 Europe/Berlin] Session activity update result: success
[13-Mar-2025 07:28:15 Europe/Berlin] Initializing RequestController
[13-Mar-2025 07:28:15 Europe/Berlin] Attempting to connect to database: mysql:host=localhost;dbname=upang_link
[13-Mar-2025 07:28:15 Europe/Berlin] Database connection successful
[13-Mar-2025 07:28:15 Europe/Berlin] RequestController initialized successfully
[13-Mar-2025 07:28:15 Europe/Berlin] Handling request: Method=GET, Endpoint=requests/statistics
[13-Mar-2025 07:28:15 Europe/Berlin] Normalized endpoint: statistics
[13-Mar-2025 07:28:15 Europe/Berlin] Getting request statistics
[13-Mar-2025 07:28:16 Europe/Berlin] Attempting to connect to database: mysql:host=localhost;dbname=upang_link
[13-Mar-2025 07:28:16 Europe/Berlin] Database connection successful
[13-Mar-2025 07:28:16 Europe/Berlin] Initializing RequestController
[13-Mar-2025 07:28:16 Europe/Berlin] Attempting to connect to database: mysql:host=localhost;dbname=upang_link
[13-Mar-2025 07:28:16 Europe/Berlin] Database connection successful
[13-Mar-2025 07:28:16 Europe/Berlin] RequestController initialized successfully
[13-Mar-2025 07:28:16 Europe/Berlin] Handling request: Method=GET, Endpoint=requests/types
[13-Mar-2025 07:28:16 Europe/Berlin] Normalized endpoint: types
[13-Mar-2025 07:28:16 Europe/Berlin] Getting request types
[13-Mar-2025 07:28:16 Europe/Berlin] Successfully fetched 7 request types
[13-Mar-2025 07:42:23 Europe/Berlin] Attempting to connect to database: mysql:host=localhost;dbname=upang_link
[13-Mar-2025 07:42:23 Europe/Berlin] Database connection successful
[13-Mar-2025 07:42:23 Europe/Berlin] Initializing RequestController
[13-Mar-2025 07:42:23 Europe/Berlin] Attempting to connect to database: mysql:host=localhost;dbname=upang_link
[13-Mar-2025 07:42:23 Europe/Berlin] Database connection successful
[13-Mar-2025 07:42:23 Europe/Berlin] RequestController initialized successfully
[13-Mar-2025 07:42:23 Europe/Berlin] Handling request: Method=GET, Endpoint=requests/types
[13-Mar-2025 07:42:23 Europe/Berlin] Normalized endpoint: types
[13-Mar-2025 07:42:23 Europe/Berlin] Getting request types
[13-Mar-2025 07:42:23 Europe/Berlin] Successfully fetched 7 request types
[13-Mar-2025 07:53:22 Europe/Berlin] Attempting to connect to database: mysql:host=localhost;dbname=upang_link
[13-Mar-2025 07:53:22 Europe/Berlin] Database connection successful
[13-Mar-2025 07:53:22 Europe/Berlin] Initializing RequestController
[13-Mar-2025 07:53:22 Europe/Berlin] Attempting to connect to database: mysql:host=localhost;dbname=upang_link
[13-Mar-2025 07:53:22 Europe/Berlin] Database connection successful
[13-Mar-2025 07:53:22 Europe/Berlin] RequestController initialized successfully
[13-Mar-2025 07:53:22 Europe/Berlin] Handling request: Method=GET, Endpoint=requests/types
[13-Mar-2025 07:53:22 Europe/Berlin] Normalized endpoint: types
[13-Mar-2025 07:53:22 Europe/Berlin] Getting request types
[13-Mar-2025 07:53:22 Europe/Berlin] Successfully fetched 7 request types
[13-Mar-2025 08:03:23 Europe/Berlin] Attempting to connect to database: mysql:host=localhost;dbname=upang_link
[13-Mar-2025 08:03:23 Europe/Berlin] Database connection successful
[13-Mar-2025 08:03:23 Europe/Berlin] Initializing RequestController
[13-Mar-2025 08:03:23 Europe/Berlin] Attempting to connect to database: mysql:host=localhost;dbname=upang_link
[13-Mar-2025 08:03:23 Europe/Berlin] Database connection successful
[13-Mar-2025 08:03:23 Europe/Berlin] RequestController initialized successfully
[13-Mar-2025 08:03:23 Europe/Berlin] Handling request: Method=GET, Endpoint=requests/types
[13-Mar-2025 08:03:23 Europe/Berlin] Normalized endpoint: types
[13-Mar-2025 08:03:23 Europe/Berlin] Getting request types
[13-Mar-2025 08:03:23 Europe/Berlin] Successfully fetched 7 request types
[13-Mar-2025 08:07:52 Europe/Berlin] Attempting to connect to database: mysql:host=localhost;dbname=upang_link
[13-Mar-2025 08:07:52 Europe/Berlin] Database connection successful
[13-Mar-2025 08:07:52 Europe/Berlin] Initializing RequestController
[13-Mar-2025 08:07:52 Europe/Berlin] Attempting to connect to database: mysql:host=localhost;dbname=upang_link
[13-Mar-2025 08:07:52 Europe/Berlin] Database connection successful
[13-Mar-2025 08:07:52 Europe/Berlin] RequestController initialized successfully
[13-Mar-2025 08:07:52 Europe/Berlin] Handling request: Method=GET, Endpoint=requests/types
[13-Mar-2025 08:07:52 Europe/Berlin] Normalized endpoint: types
[13-Mar-2025 08:07:52 Europe/Berlin] Getting request types
[13-Mar-2025 08:07:52 Europe/Berlin] Successfully fetched 7 request types
[13-Mar-2025 08:11:05 Europe/Berlin] Attempting to connect to database: mysql:host=localhost;dbname=upang_link
[13-Mar-2025 08:11:05 Europe/Berlin] Database connection successful
[13-Mar-2025 08:11:05 Europe/Berlin] Initializing RequestController
[13-Mar-2025 08:11:05 Europe/Berlin] Attempting to connect to database: mysql:host=localhost;dbname=upang_link
[13-Mar-2025 08:11:05 Europe/Berlin] Database connection successful
[13-Mar-2025 08:11:05 Europe/Berlin] RequestController initialized successfully
[13-Mar-2025 08:11:05 Europe/Berlin] Handling request: Method=GET, Endpoint=requests/types
[13-Mar-2025 08:11:05 Europe/Berlin] Normalized endpoint: types
[13-Mar-2025 08:11:05 Europe/Berlin] Getting request types
[13-Mar-2025 08:11:05 Europe/Berlin] Successfully fetched 7 request types
[13-Mar-2025 08:16:24 Europe/Berlin] Attempting to connect to database: mysql:host=localhost;dbname=upang_link
[13-Mar-2025 08:16:24 Europe/Berlin] Database connection successful
[13-Mar-2025 08:16:24 Europe/Berlin] Validating session for token: f4be17cd3e9d7d9ce314a45303266193a8798d412d1bea93d463d0e63819a02a
[13-Mar-2025 08:16:24 Europe/Berlin] Executing query: SELECT us.*, u.email_verified 
                FROM user_sessions us
                JOIN users u ON us.user_id = u.user_id
                WHERE us.token = ? AND us.is_active = 1 AND us.expires_at > NOW()
[13-Mar-2025 08:16:24 Europe/Berlin] Query executed. Row count: 1
[13-Mar-2025 08:16:24 Europe/Berlin] Session found: {"session_id":1,"user_id":2,"token":"f4be17cd3e9d7d9ce314a45303266193a8798d412d1bea93d463d0e63819a02a","device_info":"okhttp\/4.12.0","ip_address":"192.168.1.9","last_activity":"2025-03-13 00:11:04","expires_at":"2025-03-14 06:33:33","is_active":1,"created_at":"2025-03-12 22:33:33","email_verified":1}
[13-Mar-2025 08:16:24 Europe/Berlin] Updating session activity for token: f4be17cd3e9d7d9ce314a45303266193a8798d412d1bea93d463d0e63819a02a
[13-Mar-2025 08:16:24 Europe/Berlin] Session activity update result: success
[13-Mar-2025 08:16:26 Europe/Berlin] Attempting to connect to database: mysql:host=localhost;dbname=upang_link
[13-Mar-2025 08:16:26 Europe/Berlin] Database connection successful
[13-Mar-2025 08:16:26 Europe/Berlin] Initializing RequestController
[13-Mar-2025 08:16:26 Europe/Berlin] Attempting to connect to database: mysql:host=localhost;dbname=upang_link
[13-Mar-2025 08:16:26 Europe/Berlin] Database connection successful
[13-Mar-2025 08:16:26 Europe/Berlin] RequestController initialized successfully
[13-Mar-2025 08:16:26 Europe/Berlin] Handling request: Method=GET, Endpoint=requests/types
[13-Mar-2025 08:16:26 Europe/Berlin] Normalized endpoint: types
[13-Mar-2025 08:16:26 Europe/Berlin] Getting request types
[13-Mar-2025 08:16:26 Europe/Berlin] Successfully fetched 7 request types
[13-Mar-2025 08:16:26 Europe/Berlin] Attempting to connect to database: mysql:host=localhost;dbname=upang_link
[13-Mar-2025 08:16:26 Europe/Berlin] Database connection successful
[13-Mar-2025 08:16:26 Europe/Berlin] Validating session for token: f4be17cd3e9d7d9ce314a45303266193a8798d412d1bea93d463d0e63819a02a
[13-Mar-2025 08:16:26 Europe/Berlin] Executing query: SELECT us.*, u.email_verified 
                FROM user_sessions us
                JOIN users u ON us.user_id = u.user_id
                WHERE us.token = ? AND us.is_active = 1 AND us.expires_at > NOW()
[13-Mar-2025 08:16:26 Europe/Berlin] Query executed. Row count: 1
[13-Mar-2025 08:16:26 Europe/Berlin] Session found: {"session_id":1,"user_id":2,"token":"f4be17cd3e9d7d9ce314a45303266193a8798d412d1bea93d463d0e63819a02a","device_info":"okhttp\/4.12.0","ip_address":"192.168.1.9","last_activity":"2025-03-13 00:16:26","expires_at":"2025-03-14 06:33:33","is_active":1,"created_at":"2025-03-12 22:33:33","email_verified":1}
[13-Mar-2025 08:16:26 Europe/Berlin] Updating session activity for token: f4be17cd3e9d7d9ce314a45303266193a8798d412d1bea93d463d0e63819a02a
[13-Mar-2025 08:16:26 Europe/Berlin] Session activity update result: success
[13-Mar-2025 08:16:26 Europe/Berlin] Initializing RequestController
[13-Mar-2025 08:16:26 Europe/Berlin] Attempting to connect to database: mysql:host=localhost;dbname=upang_link
[13-Mar-2025 08:16:26 Europe/Berlin] Database connection successful
[13-Mar-2025 08:16:26 Europe/Berlin] RequestController initialized successfully
[13-Mar-2025 08:16:26 Europe/Berlin] Handling request: Method=GET, Endpoint=requests/statistics
[13-Mar-2025 08:16:26 Europe/Berlin] Normalized endpoint: statistics
[13-Mar-2025 08:16:26 Europe/Berlin] Getting request statistics
[13-Mar-2025 08:16:27 Europe/Berlin] Attempting to connect to database: mysql:host=localhost;dbname=upang_link
[13-Mar-2025 08:16:27 Europe/Berlin] Database connection successful
[13-Mar-2025 08:16:27 Europe/Berlin] Initializing RequestController
[13-Mar-2025 08:16:27 Europe/Berlin] Attempting to connect to database: mysql:host=localhost;dbname=upang_link
[13-Mar-2025 08:16:27 Europe/Berlin] Database connection successful
[13-Mar-2025 08:16:27 Europe/Berlin] RequestController initialized successfully
[13-Mar-2025 08:16:27 Europe/Berlin] Handling request: Method=GET, Endpoint=requests/types
[13-Mar-2025 08:16:27 Europe/Berlin] Normalized endpoint: types
[13-Mar-2025 08:16:27 Europe/Berlin] Getting request types
[13-Mar-2025 08:16:27 Europe/Berlin] Successfully fetched 7 request types
[13-Mar-2025 08:28:20 Europe/Berlin] Attempting to connect to database: mysql:host=localhost;dbname=upang_link
[13-Mar-2025 08:28:20 Europe/Berlin] Database connection successful
[13-Mar-2025 08:28:20 Europe/Berlin] Validating session for token: f4be17cd3e9d7d9ce314a45303266193a8798d412d1bea93d463d0e63819a02a
[13-Mar-2025 08:28:20 Europe/Berlin] Executing query: SELECT us.*, u.email_verified 
                FROM user_sessions us
                JOIN users u ON us.user_id = u.user_id
                WHERE us.token = ? AND us.is_active = 1 AND us.expires_at > NOW()
[13-Mar-2025 08:28:20 Europe/Berlin] Query executed. Row count: 1
[13-Mar-2025 08:28:20 Europe/Berlin] Session found: {"session_id":1,"user_id":2,"token":"f4be17cd3e9d7d9ce314a45303266193a8798d412d1bea93d463d0e63819a02a","device_info":"okhttp\/4.12.0","ip_address":"192.168.1.9","last_activity":"2025-03-13 00:16:26","expires_at":"2025-03-14 06:33:33","is_active":1,"created_at":"2025-03-12 22:33:33","email_verified":1}
[13-Mar-2025 08:28:20 Europe/Berlin] Updating session activity for token: f4be17cd3e9d7d9ce314a45303266193a8798d412d1bea93d463d0e63819a02a
[13-Mar-2025 08:28:20 Europe/Berlin] Session activity update result: success
[13-Mar-2025 08:28:22 Europe/Berlin] Attempting to connect to database: mysql:host=localhost;dbname=upang_link
[13-Mar-2025 08:28:22 Europe/Berlin] Database connection successful
[13-Mar-2025 08:28:22 Europe/Berlin] Attempting to connect to database: mysql:host=localhost;dbname=upang_link
[13-Mar-2025 08:28:22 Europe/Berlin] Validating session for token: f4be17cd3e9d7d9ce314a45303266193a8798d412d1bea93d463d0e63819a02a
[13-Mar-2025 08:28:22 Europe/Berlin] Executing query: SELECT us.*, u.email_verified 
                FROM user_sessions us
                JOIN users u ON us.user_id = u.user_id
                WHERE us.token = ? AND us.is_active = 1 AND us.expires_at > NOW()
[13-Mar-2025 08:28:22 Europe/Berlin] Database connection successful
[13-Mar-2025 08:28:22 Europe/Berlin] Query executed. Row count: 1
[13-Mar-2025 08:28:22 Europe/Berlin] Session found: {"session_id":1,"user_id":2,"token":"f4be17cd3e9d7d9ce314a45303266193a8798d412d1bea93d463d0e63819a02a","device_info":"okhttp\/4.12.0","ip_address":"192.168.1.9","last_activity":"2025-03-13 00:28:22","expires_at":"2025-03-14 06:33:33","is_active":1,"created_at":"2025-03-12 22:33:33","email_verified":1}
[13-Mar-2025 08:28:22 Europe/Berlin] Updating session activity for token: f4be17cd3e9d7d9ce314a45303266193a8798d412d1bea93d463d0e63819a02a
[13-Mar-2025 08:28:22 Europe/Berlin] Session activity update result: success
[13-Mar-2025 08:28:22 Europe/Berlin] Initializing RequestController
[13-Mar-2025 08:28:22 Europe/Berlin] Attempting to connect to database: mysql:host=localhost;dbname=upang_link
[13-Mar-2025 08:28:22 Europe/Berlin] Database connection successful
[13-Mar-2025 08:28:22 Europe/Berlin] RequestController initialized successfully
[13-Mar-2025 08:28:22 Europe/Berlin] Handling request: Method=GET, Endpoint=requests/statistics
[13-Mar-2025 08:28:22 Europe/Berlin] Normalized endpoint: statistics
[13-Mar-2025 08:28:22 Europe/Berlin] Getting request statistics
[13-Mar-2025 08:28:22 Europe/Berlin] Initializing RequestController
[13-Mar-2025 08:28:22 Europe/Berlin] Attempting to connect to database: mysql:host=localhost;dbname=upang_link
[13-Mar-2025 08:28:22 Europe/Berlin] Database connection successful
[13-Mar-2025 08:28:22 Europe/Berlin] RequestController initialized successfully
[13-Mar-2025 08:28:22 Europe/Berlin] Handling request: Method=GET, Endpoint=requests/types
[13-Mar-2025 08:28:22 Europe/Berlin] Normalized endpoint: types
[13-Mar-2025 08:28:22 Europe/Berlin] Getting request types
[13-Mar-2025 08:28:22 Europe/Berlin] Successfully fetched 7 request types
[13-Mar-2025 08:28:23 Europe/Berlin] Attempting to connect to database: mysql:host=localhost;dbname=upang_link
[13-Mar-2025 08:28:23 Europe/Berlin] Database connection successful
[13-Mar-2025 08:28:23 Europe/Berlin] Initializing RequestController
[13-Mar-2025 08:28:23 Europe/Berlin] Attempting to connect to database: mysql:host=localhost;dbname=upang_link
[13-Mar-2025 08:28:23 Europe/Berlin] Database connection successful
[13-Mar-2025 08:28:23 Europe/Berlin] RequestController initialized successfully
[13-Mar-2025 08:28:23 Europe/Berlin] Handling request: Method=GET, Endpoint=requests/types
[13-Mar-2025 08:28:23 Europe/Berlin] Normalized endpoint: types
[13-Mar-2025 08:28:23 Europe/Berlin] Getting request types
[13-Mar-2025 08:28:23 Europe/Berlin] Successfully fetched 7 request types
[13-Mar-2025 08:44:39 Europe/Berlin] Attempting to connect to database: mysql:host=localhost;dbname=upang_link
[13-Mar-2025 08:44:39 Europe/Berlin] Database connection successful
[13-Mar-2025 08:44:39 Europe/Berlin] Validating session for token: f4be17cd3e9d7d9ce314a45303266193a8798d412d1bea93d463d0e63819a02a
[13-Mar-2025 08:44:39 Europe/Berlin] Executing query: SELECT us.*, u.email_verified 
                FROM user_sessions us
                JOIN users u ON us.user_id = u.user_id
                WHERE us.token = ? AND us.is_active = 1 AND us.expires_at > NOW()
[13-Mar-2025 08:44:39 Europe/Berlin] Query executed. Row count: 1
[13-Mar-2025 08:44:39 Europe/Berlin] Session found: {"session_id":1,"user_id":2,"token":"f4be17cd3e9d7d9ce314a45303266193a8798d412d1bea93d463d0e63819a02a","device_info":"okhttp\/4.12.0","ip_address":"192.168.1.9","last_activity":"2025-03-13 00:28:23","expires_at":"2025-03-14 06:33:33","is_active":1,"created_at":"2025-03-12 22:33:33","email_verified":1}
[13-Mar-2025 08:44:39 Europe/Berlin] Updating session activity for token: f4be17cd3e9d7d9ce314a45303266193a8798d412d1bea93d463d0e63819a02a
[13-Mar-2025 08:44:39 Europe/Berlin] Session activity update result: success
[13-Mar-2025 08:44:44 Europe/Berlin] Attempting to connect to database: mysql:host=localhost;dbname=upang_link
[13-Mar-2025 08:44:44 Europe/Berlin] Database connection successful
[13-Mar-2025 08:44:44 Europe/Berlin] Initializing RequestController
[13-Mar-2025 08:44:44 Europe/Berlin] Attempting to connect to database: mysql:host=localhost;dbname=upang_link
[13-Mar-2025 08:44:44 Europe/Berlin] Database connection successful
[13-Mar-2025 08:44:44 Europe/Berlin] RequestController initialized successfully
[13-Mar-2025 08:44:44 Europe/Berlin] Handling request: Method=GET, Endpoint=requests/types
[13-Mar-2025 08:44:44 Europe/Berlin] Normalized endpoint: types
[13-Mar-2025 08:44:44 Europe/Berlin] Getting request types
[13-Mar-2025 08:44:44 Europe/Berlin] Successfully fetched 7 request types
[13-Mar-2025 08:44:45 Europe/Berlin] Attempting to connect to database: mysql:host=localhost;dbname=upang_link
[13-Mar-2025 08:44:45 Europe/Berlin] Database connection successful
[13-Mar-2025 08:44:45 Europe/Berlin] Attempting to connect to database: mysql:host=localhost;dbname=upang_link
[13-Mar-2025 08:44:45 Europe/Berlin] Database connection successful
[13-Mar-2025 08:44:45 Europe/Berlin] Initializing RequestController
[13-Mar-2025 08:44:45 Europe/Berlin] Validating session for token: f4be17cd3e9d7d9ce314a45303266193a8798d412d1bea93d463d0e63819a02a
[13-Mar-2025 08:44:45 Europe/Berlin] Executing query: SELECT us.*, u.email_verified 
                FROM user_sessions us
                JOIN users u ON us.user_id = u.user_id
                WHERE us.token = ? AND us.is_active = 1 AND us.expires_at > NOW()
[13-Mar-2025 08:44:45 Europe/Berlin] Query executed. Row count: 1
[13-Mar-2025 08:44:45 Europe/Berlin] Session found: {"session_id":1,"user_id":2,"token":"f4be17cd3e9d7d9ce314a45303266193a8798d412d1bea93d463d0e63819a02a","device_info":"okhttp\/4.12.0","ip_address":"192.168.1.9","last_activity":"2025-03-13 00:44:45","expires_at":"2025-03-14 06:33:33","is_active":1,"created_at":"2025-03-12 22:33:33","email_verified":1}
[13-Mar-2025 08:44:45 Europe/Berlin] Updating session activity for token: f4be17cd3e9d7d9ce314a45303266193a8798d412d1bea93d463d0e63819a02a
[13-Mar-2025 08:44:45 Europe/Berlin] Attempting to connect to database: mysql:host=localhost;dbname=upang_link
[13-Mar-2025 08:44:45 Europe/Berlin] Session activity update result: success
[13-Mar-2025 08:44:45 Europe/Berlin] Database connection successful
[13-Mar-2025 08:44:45 Europe/Berlin] RequestController initialized successfully
[13-Mar-2025 08:44:45 Europe/Berlin] Handling request: Method=GET, Endpoint=requests/types
[13-Mar-2025 08:44:45 Europe/Berlin] Normalized endpoint: types
[13-Mar-2025 08:44:45 Europe/Berlin] Getting request types
[13-Mar-2025 08:44:45 Europe/Berlin] Successfully fetched 7 request types
[13-Mar-2025 08:44:45 Europe/Berlin] Initializing RequestController
[13-Mar-2025 08:44:45 Europe/Berlin] Attempting to connect to database: mysql:host=localhost;dbname=upang_link
[13-Mar-2025 08:44:45 Europe/Berlin] Database connection successful
[13-Mar-2025 08:44:45 Europe/Berlin] RequestController initialized successfully
[13-Mar-2025 08:44:45 Europe/Berlin] Handling request: Method=GET, Endpoint=requests/statistics
[13-Mar-2025 08:44:45 Europe/Berlin] Normalized endpoint: statistics
[13-Mar-2025 08:44:45 Europe/Berlin] Getting request statistics
[13-Mar-2025 08:48:36 Europe/Berlin] Attempting to connect to database: mysql:host=localhost;dbname=upang_link
[13-Mar-2025 08:48:36 Europe/Berlin] Database connection successful
[13-Mar-2025 08:48:36 Europe/Berlin] Validating session for token: f4be17cd3e9d7d9ce314a45303266193a8798d412d1bea93d463d0e63819a02a
[13-Mar-2025 08:48:36 Europe/Berlin] Executing query: SELECT us.*, u.email_verified 
                FROM user_sessions us
                JOIN users u ON us.user_id = u.user_id
                WHERE us.token = ? AND us.is_active = 1 AND us.expires_at > NOW()
[13-Mar-2025 08:48:36 Europe/Berlin] Query executed. Row count: 1
[13-Mar-2025 08:48:36 Europe/Berlin] Session found: {"session_id":1,"user_id":2,"token":"f4be17cd3e9d7d9ce314a45303266193a8798d412d1bea93d463d0e63819a02a","device_info":"okhttp\/4.12.0","ip_address":"192.168.1.9","last_activity":"2025-03-13 00:44:45","expires_at":"2025-03-14 06:33:33","is_active":1,"created_at":"2025-03-12 22:33:33","email_verified":1}
[13-Mar-2025 08:48:36 Europe/Berlin] Updating session activity for token: f4be17cd3e9d7d9ce314a45303266193a8798d412d1bea93d463d0e63819a02a
[13-Mar-2025 08:48:36 Europe/Berlin] Session activity update result: success
[13-Mar-2025 08:48:54 Europe/Berlin] Attempting to connect to database: mysql:host=localhost;dbname=upang_link
[13-Mar-2025 08:48:54 Europe/Berlin] Database connection successful
[13-Mar-2025 08:48:54 Europe/Berlin] Attempting to connect to database: mysql:host=localhost;dbname=upang_link
[13-Mar-2025 08:48:54 Europe/Berlin] Database connection successful
[13-Mar-2025 08:48:54 Europe/Berlin] Initializing RequestController
[13-Mar-2025 08:48:54 Europe/Berlin] Attempting to connect to database: mysql:host=localhost;dbname=upang_link
[13-Mar-2025 08:48:54 Europe/Berlin] Database connection successful
[13-Mar-2025 08:48:54 Europe/Berlin] RequestController initialized successfully
[13-Mar-2025 08:48:54 Europe/Berlin] Handling request: Method=GET, Endpoint=requests/types
[13-Mar-2025 08:48:54 Europe/Berlin] Validating session for token: f4be17cd3e9d7d9ce314a45303266193a8798d412d1bea93d463d0e63819a02a
[13-Mar-2025 08:48:54 Europe/Berlin] Normalized endpoint: types
[13-Mar-2025 08:48:54 Europe/Berlin] Executing query: SELECT us.*, u.email_verified 
                FROM user_sessions us
                JOIN users u ON us.user_id = u.user_id
                WHERE us.token = ? AND us.is_active = 1 AND us.expires_at > NOW()
[13-Mar-2025 08:48:54 Europe/Berlin] Getting request types
[13-Mar-2025 08:48:54 Europe/Berlin] Query executed. Row count: 1
[13-Mar-2025 08:48:54 Europe/Berlin] Session found: {"session_id":1,"user_id":2,"token":"f4be17cd3e9d7d9ce314a45303266193a8798d412d1bea93d463d0e63819a02a","device_info":"okhttp\/4.12.0","ip_address":"192.168.1.9","last_activity":"2025-03-13 00:48:36","expires_at":"2025-03-14 06:33:33","is_active":1,"created_at":"2025-03-12 22:33:33","email_verified":1}
[13-Mar-2025 08:48:54 Europe/Berlin] Updating session activity for token: f4be17cd3e9d7d9ce314a45303266193a8798d412d1bea93d463d0e63819a02a
[13-Mar-2025 08:48:54 Europe/Berlin] Successfully fetched 7 request types
[13-Mar-2025 08:48:54 Europe/Berlin] Session activity update result: success
[13-Mar-2025 08:48:54 Europe/Berlin] Initializing RequestController
[13-Mar-2025 08:48:54 Europe/Berlin] Attempting to connect to database: mysql:host=localhost;dbname=upang_link
[13-Mar-2025 08:48:54 Europe/Berlin] Database connection successful
[13-Mar-2025 08:48:54 Europe/Berlin] RequestController initialized successfully
[13-Mar-2025 08:48:54 Europe/Berlin] Handling request: Method=GET, Endpoint=requests/statistics
[13-Mar-2025 08:48:54 Europe/Berlin] Normalized endpoint: statistics
[13-Mar-2025 08:48:54 Europe/Berlin] Getting request statistics
[13-Mar-2025 08:48:55 Europe/Berlin] Attempting to connect to database: mysql:host=localhost;dbname=upang_link
[13-Mar-2025 08:48:55 Europe/Berlin] Database connection successful
[13-Mar-2025 08:48:55 Europe/Berlin] Initializing RequestController
[13-Mar-2025 08:48:55 Europe/Berlin] Attempting to connect to database: mysql:host=localhost;dbname=upang_link
[13-Mar-2025 08:48:55 Europe/Berlin] Database connection successful
[13-Mar-2025 08:48:55 Europe/Berlin] RequestController initialized successfully
[13-Mar-2025 08:48:55 Europe/Berlin] Handling request: Method=GET, Endpoint=requests/types
[13-Mar-2025 08:48:55 Europe/Berlin] Normalized endpoint: types
[13-Mar-2025 08:48:55 Europe/Berlin] Getting request types
[13-Mar-2025 08:48:55 Europe/Berlin] Successfully fetched 7 request types
[13-Mar-2025 08:59:02 Europe/Berlin] Attempting to connect to database: mysql:host=localhost;dbname=upang_link
[13-Mar-2025 08:59:02 Europe/Berlin] Database connection successful
[13-Mar-2025 08:59:02 Europe/Berlin] Validating session for token: f4be17cd3e9d7d9ce314a45303266193a8798d412d1bea93d463d0e63819a02a
[13-Mar-2025 08:59:02 Europe/Berlin] Executing query: SELECT us.*, u.email_verified 
                FROM user_sessions us
                JOIN users u ON us.user_id = u.user_id
                WHERE us.token = ? AND us.is_active = 1 AND us.expires_at > NOW()
[13-Mar-2025 08:59:02 Europe/Berlin] Query executed. Row count: 1
[13-Mar-2025 08:59:02 Europe/Berlin] Session found: {"session_id":1,"user_id":2,"token":"f4be17cd3e9d7d9ce314a45303266193a8798d412d1bea93d463d0e63819a02a","device_info":"okhttp\/4.12.0","ip_address":"192.168.1.9","last_activity":"2025-03-13 00:48:54","expires_at":"2025-03-14 06:33:33","is_active":1,"created_at":"2025-03-12 22:33:33","email_verified":1}
[13-Mar-2025 08:59:02 Europe/Berlin] Updating session activity for token: f4be17cd3e9d7d9ce314a45303266193a8798d412d1bea93d463d0e63819a02a
[13-Mar-2025 08:59:02 Europe/Berlin] Session activity update result: success
[13-Mar-2025 08:59:05 Europe/Berlin] Attempting to connect to database: mysql:host=localhost;dbname=upang_link
[13-Mar-2025 08:59:05 Europe/Berlin] Database connection successful
[13-Mar-2025 08:59:05 Europe/Berlin] Validating session for token: f4be17cd3e9d7d9ce314a45303266193a8798d412d1bea93d463d0e63819a02a
[13-Mar-2025 08:59:05 Europe/Berlin] Executing query: SELECT us.*, u.email_verified 
                FROM user_sessions us
                JOIN users u ON us.user_id = u.user_id
                WHERE us.token = ? AND us.is_active = 1 AND us.expires_at > NOW()
[13-Mar-2025 08:59:05 Europe/Berlin] Query executed. Row count: 1
[13-Mar-2025 08:59:05 Europe/Berlin] Session found: {"session_id":1,"user_id":2,"token":"f4be17cd3e9d7d9ce314a45303266193a8798d412d1bea93d463d0e63819a02a","device_info":"okhttp\/4.12.0","ip_address":"192.168.1.9","last_activity":"2025-03-13 00:59:05","expires_at":"2025-03-14 06:33:33","is_active":1,"created_at":"2025-03-12 22:33:33","email_verified":1}
[13-Mar-2025 08:59:05 Europe/Berlin] Updating session activity for token: f4be17cd3e9d7d9ce314a45303266193a8798d412d1bea93d463d0e63819a02a
[13-Mar-2025 08:59:05 Europe/Berlin] Session activity update result: success
[13-Mar-2025 08:59:05 Europe/Berlin] Initializing RequestController
[13-Mar-2025 08:59:05 Europe/Berlin] Attempting to connect to database: mysql:host=localhost;dbname=upang_link
[13-Mar-2025 08:59:05 Europe/Berlin] Database connection successful
[13-Mar-2025 08:59:05 Europe/Berlin] RequestController initialized successfully
[13-Mar-2025 08:59:05 Europe/Berlin] Handling request: Method=GET, Endpoint=requests/statistics
[13-Mar-2025 08:59:05 Europe/Berlin] Normalized endpoint: statistics
[13-Mar-2025 08:59:05 Europe/Berlin] Getting request statistics
[13-Mar-2025 08:59:05 Europe/Berlin] Attempting to connect to database: mysql:host=localhost;dbname=upang_link
[13-Mar-2025 08:59:05 Europe/Berlin] Database connection successful
[13-Mar-2025 08:59:05 Europe/Berlin] Initializing RequestController
[13-Mar-2025 08:59:05 Europe/Berlin] Attempting to connect to database: mysql:host=localhost;dbname=upang_link
[13-Mar-2025 08:59:05 Europe/Berlin] Database connection successful
[13-Mar-2025 08:59:05 Europe/Berlin] RequestController initialized successfully
[13-Mar-2025 08:59:05 Europe/Berlin] Handling request: Method=GET, Endpoint=requests/types
[13-Mar-2025 08:59:05 Europe/Berlin] Normalized endpoint: types
[13-Mar-2025 08:59:05 Europe/Berlin] Getting request types
[13-Mar-2025 08:59:05 Europe/Berlin] Successfully fetched 7 request types
[13-Mar-2025 08:59:05 Europe/Berlin] Attempting to connect to database: mysql:host=localhost;dbname=upang_link
[13-Mar-2025 08:59:05 Europe/Berlin] Database connection successful
[13-Mar-2025 08:59:05 Europe/Berlin] Initializing RequestController
[13-Mar-2025 08:59:05 Europe/Berlin] Attempting to connect to database: mysql:host=localhost;dbname=upang_link
[13-Mar-2025 08:59:05 Europe/Berlin] Database connection successful
[13-Mar-2025 08:59:05 Europe/Berlin] RequestController initialized successfully
[13-Mar-2025 08:59:05 Europe/Berlin] Handling request: Method=GET, Endpoint=requests/types
[13-Mar-2025 08:59:05 Europe/Berlin] Normalized endpoint: types
[13-Mar-2025 08:59:05 Europe/Berlin] Getting request types
[13-Mar-2025 08:59:05 Europe/Berlin] Successfully fetched 7 request types
[13-Mar-2025 09:03:05 Europe/Berlin] Attempting to connect to database: mysql:host=localhost;dbname=upang_link
[13-Mar-2025 09:03:05 Europe/Berlin] Database connection successful
[13-Mar-2025 09:03:05 Europe/Berlin] Validating session for token: f4be17cd3e9d7d9ce314a45303266193a8798d412d1bea93d463d0e63819a02a
[13-Mar-2025 09:03:05 Europe/Berlin] Executing query: SELECT us.*, u.email_verified 
                FROM user_sessions us
                JOIN users u ON us.user_id = u.user_id
                WHERE us.token = ? AND us.is_active = 1 AND us.expires_at > NOW()
[13-Mar-2025 09:03:05 Europe/Berlin] Query executed. Row count: 1
[13-Mar-2025 09:03:05 Europe/Berlin] Session found: {"session_id":1,"user_id":2,"token":"f4be17cd3e9d7d9ce314a45303266193a8798d412d1bea93d463d0e63819a02a","device_info":"okhttp\/4.12.0","ip_address":"192.168.1.9","last_activity":"2025-03-13 00:59:05","expires_at":"2025-03-14 06:33:33","is_active":1,"created_at":"2025-03-12 22:33:33","email_verified":1}
[13-Mar-2025 09:03:05 Europe/Berlin] Updating session activity for token: f4be17cd3e9d7d9ce314a45303266193a8798d412d1bea93d463d0e63819a02a
[13-Mar-2025 09:03:05 Europe/Berlin] Session activity update result: success
[13-Mar-2025 09:03:06 Europe/Berlin] Attempting to connect to database: mysql:host=localhost;dbname=upang_link
[13-Mar-2025 09:03:06 Europe/Berlin] Database connection successful
[13-Mar-2025 09:03:06 Europe/Berlin] Attempting to connect to database: mysql:host=localhost;dbname=upang_link
[13-Mar-2025 09:03:06 Europe/Berlin] Database connection successful
[13-Mar-2025 09:03:06 Europe/Berlin] Initializing RequestController
[13-Mar-2025 09:03:06 Europe/Berlin] Validating session for token: f4be17cd3e9d7d9ce314a45303266193a8798d412d1bea93d463d0e63819a02a
[13-Mar-2025 09:03:06 Europe/Berlin] Attempting to connect to database: mysql:host=localhost;dbname=upang_link
[13-Mar-2025 09:03:06 Europe/Berlin] Executing query: SELECT us.*, u.email_verified 
                FROM user_sessions us
                JOIN users u ON us.user_id = u.user_id
                WHERE us.token = ? AND us.is_active = 1 AND us.expires_at > NOW()
[13-Mar-2025 09:03:06 Europe/Berlin] Query executed. Row count: 1
[13-Mar-2025 09:03:06 Europe/Berlin] Session found: {"session_id":1,"user_id":2,"token":"f4be17cd3e9d7d9ce314a45303266193a8798d412d1bea93d463d0e63819a02a","device_info":"okhttp\/4.12.0","ip_address":"192.168.1.9","last_activity":"2025-03-13 01:03:06","expires_at":"2025-03-14 06:33:33","is_active":1,"created_at":"2025-03-12 22:33:33","email_verified":1}
[13-Mar-2025 09:03:06 Europe/Berlin] Database connection successful
[13-Mar-2025 09:03:06 Europe/Berlin] Updating session activity for token: f4be17cd3e9d7d9ce314a45303266193a8798d412d1bea93d463d0e63819a02a
[13-Mar-2025 09:03:06 Europe/Berlin] RequestController initialized successfully
[13-Mar-2025 09:03:06 Europe/Berlin] Session activity update result: success
[13-Mar-2025 09:03:06 Europe/Berlin] Handling request: Method=GET, Endpoint=requests/types
[13-Mar-2025 09:03:06 Europe/Berlin] Normalized endpoint: types
[13-Mar-2025 09:03:06 Europe/Berlin] Getting request types
[13-Mar-2025 09:03:06 Europe/Berlin] Initializing RequestController
[13-Mar-2025 09:03:06 Europe/Berlin] Successfully fetched 7 request types
[13-Mar-2025 09:03:06 Europe/Berlin] Attempting to connect to database: mysql:host=localhost;dbname=upang_link
[13-Mar-2025 09:03:06 Europe/Berlin] Database connection successful
[13-Mar-2025 09:03:06 Europe/Berlin] RequestController initialized successfully
[13-Mar-2025 09:03:06 Europe/Berlin] Handling request: Method=GET, Endpoint=requests/statistics
[13-Mar-2025 09:03:06 Europe/Berlin] Normalized endpoint: statistics
[13-Mar-2025 09:03:06 Europe/Berlin] Getting request statistics
[13-Mar-2025 09:03:07 Europe/Berlin] Attempting to connect to database: mysql:host=localhost;dbname=upang_link
[13-Mar-2025 09:03:07 Europe/Berlin] Database connection successful
[13-Mar-2025 09:03:07 Europe/Berlin] Initializing RequestController
[13-Mar-2025 09:03:07 Europe/Berlin] Attempting to connect to database: mysql:host=localhost;dbname=upang_link
[13-Mar-2025 09:03:07 Europe/Berlin] Database connection successful
[13-Mar-2025 09:03:07 Europe/Berlin] RequestController initialized successfully
[13-Mar-2025 09:03:07 Europe/Berlin] Handling request: Method=GET, Endpoint=requests/types
[13-Mar-2025 09:03:07 Europe/Berlin] Normalized endpoint: types
[13-Mar-2025 09:03:07 Europe/Berlin] Getting request types
[13-Mar-2025 09:03:07 Europe/Berlin] Successfully fetched 7 request types
[13-Mar-2025 09:10:43 Europe/Berlin] Attempting to connect to database: mysql:host=localhost;dbname=upang_link
[13-Mar-2025 09:10:43 Europe/Berlin] Database connection successful
[13-Mar-2025 09:10:43 Europe/Berlin] Initializing RequestController
[13-Mar-2025 09:10:43 Europe/Berlin] Attempting to connect to database: mysql:host=localhost;dbname=upang_link
[13-Mar-2025 09:10:43 Europe/Berlin] Database connection successful
[13-Mar-2025 09:10:43 Europe/Berlin] RequestController initialized successfully
[13-Mar-2025 09:10:43 Europe/Berlin] Handling request: Method=GET, Endpoint=requests/types
[13-Mar-2025 09:10:43 Europe/Berlin] Normalized endpoint: types
[13-Mar-2025 09:10:43 Europe/Berlin] Getting request types
[13-Mar-2025 09:10:43 Europe/Berlin] Successfully fetched 7 request types
[13-Mar-2025 09:20:06 Europe/Berlin] Attempting to connect to database: mysql:host=localhost;dbname=upang_link
[13-Mar-2025 09:20:06 Europe/Berlin] Database connection successful
[13-Mar-2025 09:20:06 Europe/Berlin] Validating session for token: f4be17cd3e9d7d9ce314a45303266193a8798d412d1bea93d463d0e63819a02a
[13-Mar-2025 09:20:06 Europe/Berlin] Executing query: SELECT us.*, u.email_verified 
                FROM user_sessions us
                JOIN users u ON us.user_id = u.user_id
                WHERE us.token = ? AND us.is_active = 1 AND us.expires_at > NOW()
[13-Mar-2025 09:20:06 Europe/Berlin] Query executed. Row count: 1
[13-Mar-2025 09:20:06 Europe/Berlin] Session found: {"session_id":1,"user_id":2,"token":"f4be17cd3e9d7d9ce314a45303266193a8798d412d1bea93d463d0e63819a02a","device_info":"okhttp\/4.12.0","ip_address":"192.168.1.9","last_activity":"2025-03-13 01:10:42","expires_at":"2025-03-14 06:33:33","is_active":1,"created_at":"2025-03-12 22:33:33","email_verified":1}
[13-Mar-2025 09:20:06 Europe/Berlin] Updating session activity for token: f4be17cd3e9d7d9ce314a45303266193a8798d412d1bea93d463d0e63819a02a
[13-Mar-2025 09:20:06 Europe/Berlin] Session activity update result: success
[13-Mar-2025 09:20:08 Europe/Berlin] Attempting to connect to database: mysql:host=localhost;dbname=upang_link
[13-Mar-2025 09:20:08 Europe/Berlin] Attempting to connect to database: mysql:host=localhost;dbname=upang_link
[13-Mar-2025 09:20:08 Europe/Berlin] Database connection successful
[13-Mar-2025 09:20:08 Europe/Berlin] Database connection successful
[13-Mar-2025 09:20:08 Europe/Berlin] Validating session for token: f4be17cd3e9d7d9ce314a45303266193a8798d412d1bea93d463d0e63819a02a
[13-Mar-2025 09:20:08 Europe/Berlin] Executing query: SELECT us.*, u.email_verified 
                FROM user_sessions us
                JOIN users u ON us.user_id = u.user_id
                WHERE us.token = ? AND us.is_active = 1 AND us.expires_at > NOW()
[13-Mar-2025 09:20:08 Europe/Berlin] Query executed. Row count: 1
[13-Mar-2025 09:20:08 Europe/Berlin] Session found: {"session_id":1,"user_id":2,"token":"f4be17cd3e9d7d9ce314a45303266193a8798d412d1bea93d463d0e63819a02a","device_info":"okhttp\/4.12.0","ip_address":"192.168.1.9","last_activity":"2025-03-13 01:20:08","expires_at":"2025-03-14 06:33:33","is_active":1,"created_at":"2025-03-12 22:33:33","email_verified":1}
[13-Mar-2025 09:20:08 Europe/Berlin] Updating session activity for token: f4be17cd3e9d7d9ce314a45303266193a8798d412d1bea93d463d0e63819a02a
[13-Mar-2025 09:20:08 Europe/Berlin] Session activity update result: success
[13-Mar-2025 09:20:08 Europe/Berlin] Initializing RequestController
[13-Mar-2025 09:20:08 Europe/Berlin] Attempting to connect to database: mysql:host=localhost;dbname=upang_link
[13-Mar-2025 09:20:08 Europe/Berlin] Initializing RequestController
[13-Mar-2025 09:20:08 Europe/Berlin] Attempting to connect to database: mysql:host=localhost;dbname=upang_link
[13-Mar-2025 09:20:08 Europe/Berlin] Database connection successful
[13-Mar-2025 09:20:08 Europe/Berlin] RequestController initialized successfully
[13-Mar-2025 09:20:08 Europe/Berlin] Handling request: Method=GET, Endpoint=requests/types
[13-Mar-2025 09:20:08 Europe/Berlin] Normalized endpoint: types
[13-Mar-2025 09:20:08 Europe/Berlin] Getting request types
[13-Mar-2025 09:20:08 Europe/Berlin] Database connection successful
[13-Mar-2025 09:20:08 Europe/Berlin] RequestController initialized successfully
[13-Mar-2025 09:20:08 Europe/Berlin] Successfully fetched 7 request types
[13-Mar-2025 09:20:08 Europe/Berlin] Handling request: Method=GET, Endpoint=requests/statistics
[13-Mar-2025 09:20:08 Europe/Berlin] Normalized endpoint: statistics
[13-Mar-2025 09:20:08 Europe/Berlin] Getting request statistics
[13-Mar-2025 09:20:09 Europe/Berlin] Attempting to connect to database: mysql:host=localhost;dbname=upang_link
[13-Mar-2025 09:20:09 Europe/Berlin] Database connection successful
[13-Mar-2025 09:20:09 Europe/Berlin] Initializing RequestController
[13-Mar-2025 09:20:09 Europe/Berlin] Attempting to connect to database: mysql:host=localhost;dbname=upang_link
[13-Mar-2025 09:20:09 Europe/Berlin] Database connection successful
[13-Mar-2025 09:20:09 Europe/Berlin] RequestController initialized successfully
[13-Mar-2025 09:20:09 Europe/Berlin] Handling request: Method=GET, Endpoint=requests/types
[13-Mar-2025 09:20:09 Europe/Berlin] Normalized endpoint: types
[13-Mar-2025 09:20:09 Europe/Berlin] Getting request types
[13-Mar-2025 09:20:09 Europe/Berlin] Successfully fetched 7 request types
[13-Mar-2025 09:34:28 Europe/Berlin] Attempting to connect to database: mysql:host=localhost;dbname=upang_link
[13-Mar-2025 09:34:29 Europe/Berlin] Database connection successful
[13-Mar-2025 09:34:29 Europe/Berlin] Initializing RequestController
[13-Mar-2025 09:34:29 Europe/Berlin] Attempting to connect to database: mysql:host=localhost;dbname=upang_link
[13-Mar-2025 09:34:29 Europe/Berlin] Database connection successful
[13-Mar-2025 09:34:29 Europe/Berlin] RequestController initialized successfully
[13-Mar-2025 09:34:29 Europe/Berlin] Handling request: Method=GET, Endpoint=requests/types
[13-Mar-2025 09:34:29 Europe/Berlin] Normalized endpoint: types
[13-Mar-2025 09:34:29 Europe/Berlin] Getting request types
[13-Mar-2025 09:34:29 Europe/Berlin] Successfully fetched 7 request types
[13-Mar-2025 09:35:30 Europe/Berlin] Attempting to connect to database: mysql:host=localhost;dbname=upang_link
[13-Mar-2025 09:35:30 Europe/Berlin] Database connection successful
[13-Mar-2025 09:35:30 Europe/Berlin] Initializing RequestController
[13-Mar-2025 09:35:30 Europe/Berlin] Attempting to connect to database: mysql:host=localhost;dbname=upang_link
[13-Mar-2025 09:35:30 Europe/Berlin] Database connection successful
[13-Mar-2025 09:35:30 Europe/Berlin] RequestController initialized successfully
[13-Mar-2025 09:35:30 Europe/Berlin] Handling request: Method=GET, Endpoint=requests/types
[13-Mar-2025 09:35:30 Europe/Berlin] Normalized endpoint: types
[13-Mar-2025 09:35:30 Europe/Berlin] Getting request types
[13-Mar-2025 09:35:30 Europe/Berlin] Successfully fetched 7 request types
[13-Mar-2025 09:44:22 Europe/Berlin] Attempting to connect to database: mysql:host=localhost;dbname=upang_link
[13-Mar-2025 09:44:22 Europe/Berlin] Database connection successful
[13-Mar-2025 09:44:22 Europe/Berlin] Initializing RequestController
[13-Mar-2025 09:44:22 Europe/Berlin] Attempting to connect to database: mysql:host=localhost;dbname=upang_link
[13-Mar-2025 09:44:22 Europe/Berlin] Database connection successful
[13-Mar-2025 09:44:22 Europe/Berlin] RequestController initialized successfully
[13-Mar-2025 09:44:22 Europe/Berlin] Handling request: Method=GET, Endpoint=requests/types
[13-Mar-2025 09:44:22 Europe/Berlin] Normalized endpoint: types
[13-Mar-2025 09:44:22 Europe/Berlin] Getting request types
[13-Mar-2025 09:44:22 Europe/Berlin] Successfully fetched 7 request types
[13-Mar-2025 09:51:59 Europe/Berlin] Attempting to connect to database: mysql:host=localhost;dbname=upang_link
[13-Mar-2025 09:51:59 Europe/Berlin] Database connection successful
[13-Mar-2025 09:51:59 Europe/Berlin] Validating session for token: f4be17cd3e9d7d9ce314a45303266193a8798d412d1bea93d463d0e63819a02a
[13-Mar-2025 09:51:59 Europe/Berlin] Executing query: SELECT us.*, u.email_verified 
                FROM user_sessions us
                JOIN users u ON us.user_id = u.user_id
                WHERE us.token = ? AND us.is_active = 1 AND us.expires_at > NOW()
[13-Mar-2025 09:51:59 Europe/Berlin] Query executed. Row count: 1
[13-Mar-2025 09:51:59 Europe/Berlin] Session found: {"session_id":1,"user_id":2,"token":"f4be17cd3e9d7d9ce314a45303266193a8798d412d1bea93d463d0e63819a02a","device_info":"okhttp\/4.12.0","ip_address":"192.168.1.9","last_activity":"2025-03-13 01:44:21","expires_at":"2025-03-14 06:33:33","is_active":1,"created_at":"2025-03-12 22:33:33","email_verified":1}
[13-Mar-2025 09:51:59 Europe/Berlin] Updating session activity for token: f4be17cd3e9d7d9ce314a45303266193a8798d412d1bea93d463d0e63819a02a
[13-Mar-2025 09:51:59 Europe/Berlin] Session activity update result: success
[13-Mar-2025 09:52:01 Europe/Berlin] Attempting to connect to database: mysql:host=localhost;dbname=upang_link
[13-Mar-2025 09:52:01 Europe/Berlin] Attempting to connect to database: mysql:host=localhost;dbname=upang_link
[13-Mar-2025 09:52:01 Europe/Berlin] Database connection successful
[13-Mar-2025 09:52:01 Europe/Berlin] Database connection successful
[13-Mar-2025 09:52:01 Europe/Berlin] Validating session for token: f4be17cd3e9d7d9ce314a45303266193a8798d412d1bea93d463d0e63819a02a
[13-Mar-2025 09:52:01 Europe/Berlin] Initializing RequestController
[13-Mar-2025 09:52:01 Europe/Berlin] Executing query: SELECT us.*, u.email_verified 
                FROM user_sessions us
                JOIN users u ON us.user_id = u.user_id
                WHERE us.token = ? AND us.is_active = 1 AND us.expires_at > NOW()
[13-Mar-2025 09:52:01 Europe/Berlin] Attempting to connect to database: mysql:host=localhost;dbname=upang_link
[13-Mar-2025 09:52:01 Europe/Berlin] Query executed. Row count: 1
[13-Mar-2025 09:52:01 Europe/Berlin] Session found: {"session_id":1,"user_id":2,"token":"f4be17cd3e9d7d9ce314a45303266193a8798d412d1bea93d463d0e63819a02a","device_info":"okhttp\/4.12.0","ip_address":"192.168.1.9","last_activity":"2025-03-13 01:52:01","expires_at":"2025-03-14 06:33:33","is_active":1,"created_at":"2025-03-12 22:33:33","email_verified":1}
[13-Mar-2025 09:52:01 Europe/Berlin] Updating session activity for token: f4be17cd3e9d7d9ce314a45303266193a8798d412d1bea93d463d0e63819a02a
[13-Mar-2025 09:52:01 Europe/Berlin] Session activity update result: success
[13-Mar-2025 09:52:01 Europe/Berlin] Database connection successful
[13-Mar-2025 09:52:01 Europe/Berlin] RequestController initialized successfully
[13-Mar-2025 09:52:01 Europe/Berlin] Handling request: Method=GET, Endpoint=requests/types
[13-Mar-2025 09:52:01 Europe/Berlin] Normalized endpoint: types
[13-Mar-2025 09:52:01 Europe/Berlin] Getting request types
[13-Mar-2025 09:52:01 Europe/Berlin] Initializing RequestController
[13-Mar-2025 09:52:01 Europe/Berlin] Attempting to connect to database: mysql:host=localhost;dbname=upang_link
[13-Mar-2025 09:52:01 Europe/Berlin] Successfully fetched 7 request types
[13-Mar-2025 09:52:01 Europe/Berlin] Database connection successful
[13-Mar-2025 09:52:01 Europe/Berlin] RequestController initialized successfully
[13-Mar-2025 09:52:01 Europe/Berlin] Handling request: Method=GET, Endpoint=requests/statistics
[13-Mar-2025 09:52:01 Europe/Berlin] Normalized endpoint: statistics
[13-Mar-2025 09:52:01 Europe/Berlin] Getting request statistics
[13-Mar-2025 09:52:02 Europe/Berlin] Attempting to connect to database: mysql:host=localhost;dbname=upang_link
[13-Mar-2025 09:52:02 Europe/Berlin] Database connection successful
[13-Mar-2025 09:52:02 Europe/Berlin] Initializing RequestController
[13-Mar-2025 09:52:02 Europe/Berlin] Attempting to connect to database: mysql:host=localhost;dbname=upang_link
[13-Mar-2025 09:52:02 Europe/Berlin] Database connection successful
[13-Mar-2025 09:52:02 Europe/Berlin] RequestController initialized successfully
[13-Mar-2025 09:52:02 Europe/Berlin] Handling request: Method=GET, Endpoint=requests/types
[13-Mar-2025 09:52:02 Europe/Berlin] Normalized endpoint: types
[13-Mar-2025 09:52:02 Europe/Berlin] Getting request types
[13-Mar-2025 09:52:02 Europe/Berlin] Successfully fetched 7 request types
[13-Mar-2025 10:06:54 Europe/Berlin] Attempting to connect to database: mysql:host=localhost;dbname=upang_link
[13-Mar-2025 10:06:54 Europe/Berlin] Database connection successful
[13-Mar-2025 10:06:54 Europe/Berlin] Initializing RequestController
[13-Mar-2025 10:06:54 Europe/Berlin] Attempting to connect to database: mysql:host=localhost;dbname=upang_link
[13-Mar-2025 10:06:54 Europe/Berlin] Database connection successful
[13-Mar-2025 10:06:54 Europe/Berlin] RequestController initialized successfully
[13-Mar-2025 10:06:54 Europe/Berlin] Handling request: Method=GET, Endpoint=requests/types
[13-Mar-2025 10:06:54 Europe/Berlin] Normalized endpoint: types
[13-Mar-2025 10:06:54 Europe/Berlin] Getting request types
[13-Mar-2025 10:06:54 Europe/Berlin] Successfully fetched 7 request types
[13-Mar-2025 10:14:39 Europe/Berlin] Attempting to connect to database: mysql:host=localhost;dbname=upang_link
[13-Mar-2025 10:14:39 Europe/Berlin] Database connection successful
[13-Mar-2025 10:14:39 Europe/Berlin] Initializing RequestController
[13-Mar-2025 10:14:39 Europe/Berlin] Attempting to connect to database: mysql:host=localhost;dbname=upang_link
[13-Mar-2025 10:14:39 Europe/Berlin] Database connection successful
[13-Mar-2025 10:14:39 Europe/Berlin] RequestController initialized successfully
[13-Mar-2025 10:14:39 Europe/Berlin] Handling request: Method=GET, Endpoint=requests/types
[13-Mar-2025 10:14:39 Europe/Berlin] Normalized endpoint: types
[13-Mar-2025 10:14:39 Europe/Berlin] Getting request types
[13-Mar-2025 10:14:39 Europe/Berlin] Successfully fetched 7 request types
[13-Mar-2025 10:26:41 Europe/Berlin] Attempting to connect to database: mysql:host=localhost;dbname=upang_link
[13-Mar-2025 10:26:41 Europe/Berlin] Database connection successful
[13-Mar-2025 10:26:41 Europe/Berlin] Initializing RequestController
[13-Mar-2025 10:26:41 Europe/Berlin] Attempting to connect to database: mysql:host=localhost;dbname=upang_link
[13-Mar-2025 10:26:41 Europe/Berlin] Database connection successful
[13-Mar-2025 10:26:41 Europe/Berlin] RequestController initialized successfully
[13-Mar-2025 10:26:41 Europe/Berlin] Handling request: Method=GET, Endpoint=requests/types
[13-Mar-2025 10:26:41 Europe/Berlin] Normalized endpoint: types
[13-Mar-2025 10:26:41 Europe/Berlin] Getting request types
[13-Mar-2025 10:26:41 Europe/Berlin] Successfully fetched 7 request types
[13-Mar-2025 10:49:50 Europe/Berlin] Attempting to connect to database: mysql:host=localhost;dbname=upang_link
[13-Mar-2025 10:49:50 Europe/Berlin] Database connection successful
[13-Mar-2025 10:49:50 Europe/Berlin] Validating session for token: f4be17cd3e9d7d9ce314a45303266193a8798d412d1bea93d463d0e63819a02a
[13-Mar-2025 10:49:50 Europe/Berlin] Executing query: SELECT us.*, u.email_verified 
                FROM user_sessions us
                JOIN users u ON us.user_id = u.user_id
                WHERE us.token = ? AND us.is_active = 1 AND us.expires_at > NOW()
[13-Mar-2025 10:49:50 Europe/Berlin] Query executed. Row count: 1
[13-Mar-2025 10:49:50 Europe/Berlin] Session found: {"session_id":1,"user_id":2,"token":"f4be17cd3e9d7d9ce314a45303266193a8798d412d1bea93d463d0e63819a02a","device_info":"okhttp\/4.12.0","ip_address":"192.168.1.9","last_activity":"2025-03-13 02:26:40","expires_at":"2025-03-14 06:33:33","is_active":1,"created_at":"2025-03-12 22:33:33","email_verified":1}
[13-Mar-2025 10:49:50 Europe/Berlin] Updating session activity for token: f4be17cd3e9d7d9ce314a45303266193a8798d412d1bea93d463d0e63819a02a
[13-Mar-2025 10:49:50 Europe/Berlin] Session activity update result: success
[13-Mar-2025 10:49:52 Europe/Berlin] Attempting to connect to database: mysql:host=localhost;dbname=upang_link
[13-Mar-2025 10:49:52 Europe/Berlin] Database connection successful
[13-Mar-2025 10:49:52 Europe/Berlin] Initializing RequestController
[13-Mar-2025 10:49:52 Europe/Berlin] Attempting to connect to database: mysql:host=localhost;dbname=upang_link
[13-Mar-2025 10:49:52 Europe/Berlin] Database connection successful
[13-Mar-2025 10:49:52 Europe/Berlin] RequestController initialized successfully
[13-Mar-2025 10:49:52 Europe/Berlin] Handling request: Method=GET, Endpoint=requests/types
[13-Mar-2025 10:49:52 Europe/Berlin] Normalized endpoint: types
[13-Mar-2025 10:49:52 Europe/Berlin] Getting request types
[13-Mar-2025 10:49:52 Europe/Berlin] Successfully fetched 7 request types
[13-Mar-2025 10:49:52 Europe/Berlin] Attempting to connect to database: mysql:host=localhost;dbname=upang_link
[13-Mar-2025 10:49:52 Europe/Berlin] Attempting to connect to database: mysql:host=localhost;dbname=upang_link
[13-Mar-2025 10:49:52 Europe/Berlin] Database connection successful
[13-Mar-2025 10:49:52 Europe/Berlin] Database connection successful
[13-Mar-2025 10:49:52 Europe/Berlin] Validating session for token: f4be17cd3e9d7d9ce314a45303266193a8798d412d1bea93d463d0e63819a02a
[13-Mar-2025 10:49:52 Europe/Berlin] Executing query: SELECT us.*, u.email_verified 
                FROM user_sessions us
                JOIN users u ON us.user_id = u.user_id
                WHERE us.token = ? AND us.is_active = 1 AND us.expires_at > NOW()
[13-Mar-2025 10:49:52 Europe/Berlin] Query executed. Row count: 1
[13-Mar-2025 10:49:52 Europe/Berlin] Session found: {"session_id":1,"user_id":2,"token":"f4be17cd3e9d7d9ce314a45303266193a8798d412d1bea93d463d0e63819a02a","device_info":"okhttp\/4.12.0","ip_address":"192.168.1.9","last_activity":"2025-03-13 02:49:52","expires_at":"2025-03-14 06:33:33","is_active":1,"created_at":"2025-03-12 22:33:33","email_verified":1}
[13-Mar-2025 10:49:52 Europe/Berlin] Updating session activity for token: f4be17cd3e9d7d9ce314a45303266193a8798d412d1bea93d463d0e63819a02a
[13-Mar-2025 10:49:52 Europe/Berlin] Session activity update result: success
[13-Mar-2025 10:49:52 Europe/Berlin] Initializing RequestController
[13-Mar-2025 10:49:52 Europe/Berlin] Attempting to connect to database: mysql:host=localhost;dbname=upang_link
[13-Mar-2025 10:49:52 Europe/Berlin] Database connection successful
[13-Mar-2025 10:49:52 Europe/Berlin] RequestController initialized successfully
[13-Mar-2025 10:49:52 Europe/Berlin] Handling request: Method=GET, Endpoint=requests/types
[13-Mar-2025 10:49:52 Europe/Berlin] Normalized endpoint: types
[13-Mar-2025 10:49:52 Europe/Berlin] Getting request types
[13-Mar-2025 10:49:52 Europe/Berlin] Successfully fetched 7 request types
[13-Mar-2025 10:49:52 Europe/Berlin] Initializing RequestController
[13-Mar-2025 10:49:52 Europe/Berlin] Attempting to connect to database: mysql:host=localhost;dbname=upang_link
[13-Mar-2025 10:49:52 Europe/Berlin] Database connection successful
[13-Mar-2025 10:49:52 Europe/Berlin] RequestController initialized successfully
[13-Mar-2025 10:49:52 Europe/Berlin] Handling request: Method=GET, Endpoint=requests/statistics
[13-Mar-2025 10:49:52 Europe/Berlin] Normalized endpoint: statistics
[13-Mar-2025 10:49:52 Europe/Berlin] Getting request statistics
[13-Mar-2025 11:16:37 Europe/Berlin] Attempting to connect to database: mysql:host=localhost;dbname=upang_link
[13-Mar-2025 11:16:37 Europe/Berlin] Database connection successful
[13-Mar-2025 11:16:37 Europe/Berlin] Initializing RequestController
[13-Mar-2025 11:16:37 Europe/Berlin] Attempting to connect to database: mysql:host=localhost;dbname=upang_link
[13-Mar-2025 11:16:37 Europe/Berlin] Database connection successful
[13-Mar-2025 11:16:37 Europe/Berlin] RequestController initialized successfully
[13-Mar-2025 11:16:37 Europe/Berlin] Handling request: Method=GET, Endpoint=requests/types
[13-Mar-2025 11:16:37 Europe/Berlin] Normalized endpoint: types
[13-Mar-2025 11:16:37 Europe/Berlin] Getting request types
[13-Mar-2025 11:16:37 Europe/Berlin] Successfully fetched 7 request types
[13-Mar-2025 11:16:40 Europe/Berlin] Attempting to connect to database: mysql:host=localhost;dbname=upang_link
[13-Mar-2025 11:16:40 Europe/Berlin] Database connection successful
[13-Mar-2025 11:16:40 Europe/Berlin] Initializing RequestController
[13-Mar-2025 11:16:40 Europe/Berlin] Attempting to connect to database: mysql:host=localhost;dbname=upang_link
[13-Mar-2025 11:16:40 Europe/Berlin] Database connection successful
[13-Mar-2025 11:16:40 Europe/Berlin] RequestController initialized successfully
[13-Mar-2025 11:16:40 Europe/Berlin] Handling request: Method=GET, Endpoint=requests/types
[13-Mar-2025 11:16:40 Europe/Berlin] Normalized endpoint: types
[13-Mar-2025 11:16:40 Europe/Berlin] Getting request types
[13-Mar-2025 11:16:40 Europe/Berlin] Successfully fetched 7 request types
[13-Mar-2025 13:45:30 Europe/Berlin] Attempting to connect to database: mysql:host=localhost;dbname=upang_link
[13-Mar-2025 13:45:30 Europe/Berlin] Database connection successful
[13-Mar-2025 13:45:30 Europe/Berlin] Validating session for token: f4be17cd3e9d7d9ce314a45303266193a8798d412d1bea93d463d0e63819a02a
[13-Mar-2025 13:45:30 Europe/Berlin] Executing query: SELECT us.*, u.email_verified 
                FROM user_sessions us
                JOIN users u ON us.user_id = u.user_id
                WHERE us.token = ? AND us.is_active = 1 AND us.expires_at > NOW()
[13-Mar-2025 13:45:30 Europe/Berlin] Query executed. Row count: 1
[13-Mar-2025 13:45:30 Europe/Berlin] Session found: {"session_id":1,"user_id":2,"token":"f4be17cd3e9d7d9ce314a45303266193a8798d412d1bea93d463d0e63819a02a","device_info":"okhttp\/4.12.0","ip_address":"192.168.1.9","last_activity":"2025-03-13 03:16:39","expires_at":"2025-03-14 06:33:33","is_active":1,"created_at":"2025-03-12 22:33:33","email_verified":1}
[13-Mar-2025 13:45:30 Europe/Berlin] Updating session activity for token: f4be17cd3e9d7d9ce314a45303266193a8798d412d1bea93d463d0e63819a02a
[13-Mar-2025 13:45:30 Europe/Berlin] Session activity update result: success
[13-Mar-2025 13:45:32 Europe/Berlin] Attempting to connect to database: mysql:host=localhost;dbname=upang_link
[13-Mar-2025 13:45:32 Europe/Berlin] Database connection successful
[13-Mar-2025 13:45:32 Europe/Berlin] Attempting to connect to database: mysql:host=localhost;dbname=upang_link
[13-Mar-2025 13:45:32 Europe/Berlin] Database connection successful
[13-Mar-2025 13:45:32 Europe/Berlin] Initializing RequestController
[13-Mar-2025 13:45:32 Europe/Berlin] Attempting to connect to database: mysql:host=localhost;dbname=upang_link
[13-Mar-2025 13:45:32 Europe/Berlin] Validating session for token: f4be17cd3e9d7d9ce314a45303266193a8798d412d1bea93d463d0e63819a02a
[13-Mar-2025 13:45:32 Europe/Berlin] Executing query: SELECT us.*, u.email_verified 
                FROM user_sessions us
                JOIN users u ON us.user_id = u.user_id
                WHERE us.token = ? AND us.is_active = 1 AND us.expires_at > NOW()
[13-Mar-2025 13:45:32 Europe/Berlin] Database connection successful
[13-Mar-2025 13:45:32 Europe/Berlin] RequestController initialized successfully
[13-Mar-2025 13:45:32 Europe/Berlin] Handling request: Method=GET, Endpoint=requests/types
[13-Mar-2025 13:45:32 Europe/Berlin] Query executed. Row count: 1
[13-Mar-2025 13:45:32 Europe/Berlin] Normalized endpoint: types
[13-Mar-2025 13:45:32 Europe/Berlin] Session found: {"session_id":1,"user_id":2,"token":"f4be17cd3e9d7d9ce314a45303266193a8798d412d1bea93d463d0e63819a02a","device_info":"okhttp\/4.12.0","ip_address":"192.168.1.9","last_activity":"2025-03-13 05:45:32","expires_at":"2025-03-14 06:33:33","is_active":1,"created_at":"2025-03-12 22:33:33","email_verified":1}
[13-Mar-2025 13:45:32 Europe/Berlin] Getting request types
[13-Mar-2025 13:45:32 Europe/Berlin] Updating session activity for token: f4be17cd3e9d7d9ce314a45303266193a8798d412d1bea93d463d0e63819a02a
[13-Mar-2025 13:45:32 Europe/Berlin] Session activity update result: success
[13-Mar-2025 13:45:32 Europe/Berlin] Successfully fetched 7 request types
[13-Mar-2025 13:45:32 Europe/Berlin] Initializing RequestController
[13-Mar-2025 13:45:32 Europe/Berlin] Attempting to connect to database: mysql:host=localhost;dbname=upang_link
[13-Mar-2025 13:45:32 Europe/Berlin] Database connection successful
[13-Mar-2025 13:45:32 Europe/Berlin] RequestController initialized successfully
[13-Mar-2025 13:45:32 Europe/Berlin] Handling request: Method=GET, Endpoint=requests/statistics
[13-Mar-2025 13:45:32 Europe/Berlin] Normalized endpoint: statistics
[13-Mar-2025 13:45:32 Europe/Berlin] Getting request statistics
[13-Mar-2025 13:45:33 Europe/Berlin] Attempting to connect to database: mysql:host=localhost;dbname=upang_link
[13-Mar-2025 13:45:33 Europe/Berlin] Database connection successful
[13-Mar-2025 13:45:33 Europe/Berlin] Initializing RequestController
[13-Mar-2025 13:45:33 Europe/Berlin] Attempting to connect to database: mysql:host=localhost;dbname=upang_link
[13-Mar-2025 13:45:33 Europe/Berlin] Database connection successful
[13-Mar-2025 13:45:33 Europe/Berlin] RequestController initialized successfully
[13-Mar-2025 13:45:33 Europe/Berlin] Handling request: Method=GET, Endpoint=requests/types
[13-Mar-2025 13:45:33 Europe/Berlin] Normalized endpoint: types
[13-Mar-2025 13:45:33 Europe/Berlin] Getting request types
[13-Mar-2025 13:45:33 Europe/Berlin] Successfully fetched 7 request types
[13-Mar-2025 13:48:30 Europe/Berlin] Attempting to connect to database: mysql:host=localhost;dbname=upang_link
[13-Mar-2025 13:48:30 Europe/Berlin] Database connection successful
[13-Mar-2025 13:48:30 Europe/Berlin] Validating session for token: f4be17cd3e9d7d9ce314a45303266193a8798d412d1bea93d463d0e63819a02a
[13-Mar-2025 13:48:30 Europe/Berlin] Executing query: SELECT us.*, u.email_verified 
                FROM user_sessions us
                JOIN users u ON us.user_id = u.user_id
                WHERE us.token = ? AND us.is_active = 1 AND us.expires_at > NOW()
[13-Mar-2025 13:48:30 Europe/Berlin] Query executed. Row count: 1
[13-Mar-2025 13:48:30 Europe/Berlin] Session found: {"session_id":1,"user_id":2,"token":"f4be17cd3e9d7d9ce314a45303266193a8798d412d1bea93d463d0e63819a02a","device_info":"okhttp\/4.12.0","ip_address":"192.168.1.9","last_activity":"2025-03-13 05:45:32","expires_at":"2025-03-14 06:33:33","is_active":1,"created_at":"2025-03-12 22:33:33","email_verified":1}
[13-Mar-2025 13:48:30 Europe/Berlin] Updating session activity for token: f4be17cd3e9d7d9ce314a45303266193a8798d412d1bea93d463d0e63819a02a
[13-Mar-2025 13:48:30 Europe/Berlin] Session activity update result: success
[13-Mar-2025 13:48:35 Europe/Berlin] Attempting to connect to database: mysql:host=localhost;dbname=upang_link
[13-Mar-2025 13:48:35 Europe/Berlin] Database connection successful
[13-Mar-2025 13:48:35 Europe/Berlin] Attempting to connect to database: mysql:host=localhost;dbname=upang_link
[13-Mar-2025 13:48:35 Europe/Berlin] Database connection successful
[13-Mar-2025 13:48:35 Europe/Berlin] Initializing RequestController
[13-Mar-2025 13:48:35 Europe/Berlin] Validating session for token: f4be17cd3e9d7d9ce314a45303266193a8798d412d1bea93d463d0e63819a02a
[13-Mar-2025 13:48:35 Europe/Berlin] Attempting to connect to database: mysql:host=localhost;dbname=upang_link
[13-Mar-2025 13:48:35 Europe/Berlin] Executing query: SELECT us.*, u.email_verified 
                FROM user_sessions us
                JOIN users u ON us.user_id = u.user_id
                WHERE us.token = ? AND us.is_active = 1 AND us.expires_at > NOW()
[13-Mar-2025 13:48:35 Europe/Berlin] Query executed. Row count: 1
[13-Mar-2025 13:48:35 Europe/Berlin] Session found: {"session_id":1,"user_id":2,"token":"f4be17cd3e9d7d9ce314a45303266193a8798d412d1bea93d463d0e63819a02a","device_info":"okhttp\/4.12.0","ip_address":"192.168.1.9","last_activity":"2025-03-13 05:48:35","expires_at":"2025-03-14 06:33:33","is_active":1,"created_at":"2025-03-12 22:33:33","email_verified":1}
[13-Mar-2025 13:48:35 Europe/Berlin] Updating session activity for token: f4be17cd3e9d7d9ce314a45303266193a8798d412d1bea93d463d0e63819a02a
[13-Mar-2025 13:48:35 Europe/Berlin] Database connection successful
[13-Mar-2025 13:48:35 Europe/Berlin] Session activity update result: success
[13-Mar-2025 13:48:35 Europe/Berlin] RequestController initialized successfully
[13-Mar-2025 13:48:35 Europe/Berlin] Handling request: Method=GET, Endpoint=requests/types
[13-Mar-2025 13:48:35 Europe/Berlin] Normalized endpoint: types
[13-Mar-2025 13:48:35 Europe/Berlin] Getting request types
[13-Mar-2025 13:48:35 Europe/Berlin] Successfully fetched 7 request types
[13-Mar-2025 13:48:35 Europe/Berlin] Initializing RequestController
[13-Mar-2025 13:48:35 Europe/Berlin] Attempting to connect to database: mysql:host=localhost;dbname=upang_link
[13-Mar-2025 13:48:35 Europe/Berlin] Database connection successful
[13-Mar-2025 13:48:35 Europe/Berlin] RequestController initialized successfully
[13-Mar-2025 13:48:35 Europe/Berlin] Handling request: Method=GET, Endpoint=requests/statistics
[13-Mar-2025 13:48:35 Europe/Berlin] Normalized endpoint: statistics
[13-Mar-2025 13:48:35 Europe/Berlin] Getting request statistics
[13-Mar-2025 13:48:36 Europe/Berlin] Attempting to connect to database: mysql:host=localhost;dbname=upang_link
[13-Mar-2025 13:48:36 Europe/Berlin] Database connection successful
[13-Mar-2025 13:48:36 Europe/Berlin] Initializing RequestController
[13-Mar-2025 13:48:36 Europe/Berlin] Attempting to connect to database: mysql:host=localhost;dbname=upang_link
[13-Mar-2025 13:48:36 Europe/Berlin] Database connection successful
[13-Mar-2025 13:48:36 Europe/Berlin] RequestController initialized successfully
[13-Mar-2025 13:48:36 Europe/Berlin] Handling request: Method=GET, Endpoint=requests/types
[13-Mar-2025 13:48:36 Europe/Berlin] Normalized endpoint: types
[13-Mar-2025 13:48:36 Europe/Berlin] Getting request types
[13-Mar-2025 13:48:36 Europe/Berlin] Successfully fetched 7 request types
[13-Mar-2025 14:00:56 Europe/Berlin] Attempting to connect to database: mysql:host=localhost;dbname=upang_link
[13-Mar-2025 14:00:56 Europe/Berlin] Database connection successful
[13-Mar-2025 14:00:56 Europe/Berlin] Initializing RequestController
[13-Mar-2025 14:00:56 Europe/Berlin] Attempting to connect to database: mysql:host=localhost;dbname=upang_link
[13-Mar-2025 14:00:56 Europe/Berlin] Database connection successful
[13-Mar-2025 14:00:56 Europe/Berlin] RequestController initialized successfully
[13-Mar-2025 14:00:56 Europe/Berlin] Handling request: Method=GET, Endpoint=requests/types
[13-Mar-2025 14:00:56 Europe/Berlin] Normalized endpoint: types
[13-Mar-2025 14:00:56 Europe/Berlin] Getting request types
[13-Mar-2025 14:00:56 Europe/Berlin] Successfully fetched 7 request types
[13-Mar-2025 14:05:37 Europe/Berlin] Attempting to connect to database: mysql:host=localhost;dbname=upang_link
[13-Mar-2025 14:05:37 Europe/Berlin] Database connection successful
[13-Mar-2025 14:05:37 Europe/Berlin] Initializing RequestController
[13-Mar-2025 14:05:37 Europe/Berlin] Attempting to connect to database: mysql:host=localhost;dbname=upang_link
[13-Mar-2025 14:05:37 Europe/Berlin] Database connection successful
[13-Mar-2025 14:05:37 Europe/Berlin] RequestController initialized successfully
[13-Mar-2025 14:05:37 Europe/Berlin] Handling request: Method=GET, Endpoint=requests/types
[13-Mar-2025 14:05:37 Europe/Berlin] Normalized endpoint: types
[13-Mar-2025 14:05:37 Europe/Berlin] Getting request types
[13-Mar-2025 14:05:37 Europe/Berlin] Successfully fetched 7 request types
[13-Mar-2025 14:08:38 Europe/Berlin] Attempting to connect to database: mysql:host=localhost;dbname=upang_link
[13-Mar-2025 14:08:38 Europe/Berlin] Database connection successful
[13-Mar-2025 14:08:38 Europe/Berlin] Initializing RequestController
[13-Mar-2025 14:08:38 Europe/Berlin] Attempting to connect to database: mysql:host=localhost;dbname=upang_link
[13-Mar-2025 14:08:38 Europe/Berlin] Database connection successful
[13-Mar-2025 14:08:38 Europe/Berlin] RequestController initialized successfully
[13-Mar-2025 14:08:38 Europe/Berlin] Handling request: Method=GET, Endpoint=requests/types
[13-Mar-2025 14:08:38 Europe/Berlin] Normalized endpoint: types
[13-Mar-2025 14:08:38 Europe/Berlin] Getting request types
[13-Mar-2025 14:08:38 Europe/Berlin] Successfully fetched 7 request types
[13-Mar-2025 14:11:41 Europe/Berlin] Attempting to connect to database: mysql:host=localhost;dbname=upang_link
[13-Mar-2025 14:11:41 Europe/Berlin] Database connection successful
[13-Mar-2025 14:11:41 Europe/Berlin] Initializing RequestController
[13-Mar-2025 14:11:41 Europe/Berlin] Attempting to connect to database: mysql:host=localhost;dbname=upang_link
[13-Mar-2025 14:11:41 Europe/Berlin] Database connection successful
[13-Mar-2025 14:11:41 Europe/Berlin] RequestController initialized successfully
[13-Mar-2025 14:11:41 Europe/Berlin] Handling request: Method=GET, Endpoint=requests/types
[13-Mar-2025 14:11:41 Europe/Berlin] Normalized endpoint: types
[13-Mar-2025 14:11:41 Europe/Berlin] Getting request types
[13-Mar-2025 14:11:41 Europe/Berlin] Successfully fetched 7 request types
[13-Mar-2025 14:12:19 Europe/Berlin] Attempting to connect to database: mysql:host=localhost;dbname=upang_link
[13-Mar-2025 14:12:19 Europe/Berlin] Database connection successful
[13-Mar-2025 14:12:19 Europe/Berlin] Initializing RequestController
[13-Mar-2025 14:12:19 Europe/Berlin] Attempting to connect to database: mysql:host=localhost;dbname=upang_link
[13-Mar-2025 14:12:19 Europe/Berlin] Database connection successful
[13-Mar-2025 14:12:19 Europe/Berlin] RequestController initialized successfully
[13-Mar-2025 14:12:19 Europe/Berlin] Handling request: Method=GET, Endpoint=requests/types
[13-Mar-2025 14:12:19 Europe/Berlin] Normalized endpoint: types
[13-Mar-2025 14:12:19 Europe/Berlin] Getting request types
[13-Mar-2025 14:12:19 Europe/Berlin] Successfully fetched 7 request types
[13-Mar-2025 14:14:39 Europe/Berlin] Attempting to connect to database: mysql:host=localhost;dbname=upang_link
[13-Mar-2025 14:14:39 Europe/Berlin] Database connection successful
[13-Mar-2025 14:14:39 Europe/Berlin] Initializing RequestController
[13-Mar-2025 14:14:39 Europe/Berlin] Attempting to connect to database: mysql:host=localhost;dbname=upang_link
[13-Mar-2025 14:14:39 Europe/Berlin] Database connection successful
[13-Mar-2025 14:14:39 Europe/Berlin] RequestController initialized successfully
[13-Mar-2025 14:14:39 Europe/Berlin] Handling request: Method=GET, Endpoint=requests/types
[13-Mar-2025 14:14:39 Europe/Berlin] Normalized endpoint: types
[13-Mar-2025 14:14:39 Europe/Berlin] Getting request types
[13-Mar-2025 14:14:39 Europe/Berlin] Successfully fetched 7 request types
[13-Mar-2025 14:18:09 Europe/Berlin] Attempting to connect to database: mysql:host=localhost;dbname=upang_link
[13-Mar-2025 14:18:09 Europe/Berlin] Database connection successful
[13-Mar-2025 14:18:09 Europe/Berlin] Initializing RequestController
[13-Mar-2025 14:18:09 Europe/Berlin] Attempting to connect to database: mysql:host=localhost;dbname=upang_link
[13-Mar-2025 14:18:09 Europe/Berlin] Database connection successful
[13-Mar-2025 14:18:09 Europe/Berlin] RequestController initialized successfully
[13-Mar-2025 14:18:09 Europe/Berlin] Handling request: Method=GET, Endpoint=requests/types
[13-Mar-2025 14:18:09 Europe/Berlin] Normalized endpoint: types
[13-Mar-2025 14:18:09 Europe/Berlin] Getting request types
[13-Mar-2025 14:18:09 Europe/Berlin] Successfully fetched 7 request types
[13-Mar-2025 14:22:53 Europe/Berlin] Attempting to connect to database: mysql:host=localhost;dbname=upang_link
[13-Mar-2025 14:22:53 Europe/Berlin] Database connection successful
[13-Mar-2025 14:22:53 Europe/Berlin] Initializing RequestController
[13-Mar-2025 14:22:53 Europe/Berlin] Attempting to connect to database: mysql:host=localhost;dbname=upang_link
[13-Mar-2025 14:22:53 Europe/Berlin] Database connection successful
[13-Mar-2025 14:22:53 Europe/Berlin] RequestController initialized successfully
[13-Mar-2025 14:22:53 Europe/Berlin] Handling request: Method=GET, Endpoint=requests/types
[13-Mar-2025 14:22:53 Europe/Berlin] Normalized endpoint: types
[13-Mar-2025 14:22:53 Europe/Berlin] Getting request types
[13-Mar-2025 14:22:53 Europe/Berlin] Successfully fetched 7 request types
[13-Mar-2025 14:23:04 Europe/Berlin] Attempting to connect to database: mysql:host=localhost;dbname=upang_link
[13-Mar-2025 14:23:04 Europe/Berlin] Database connection successful
[13-Mar-2025 14:23:04 Europe/Berlin] Initializing RequestController
[13-Mar-2025 14:23:04 Europe/Berlin] Attempting to connect to database: mysql:host=localhost;dbname=upang_link
[13-Mar-2025 14:23:04 Europe/Berlin] Database connection successful
[13-Mar-2025 14:23:04 Europe/Berlin] RequestController initialized successfully
[13-Mar-2025 14:23:04 Europe/Berlin] Handling request: Method=GET, Endpoint=requests/types
[13-Mar-2025 14:23:04 Europe/Berlin] Normalized endpoint: types
[13-Mar-2025 14:23:04 Europe/Berlin] Getting request types
[13-Mar-2025 14:23:04 Europe/Berlin] Successfully fetched 7 request types
[13-Mar-2025 14:27:24 Europe/Berlin] Attempting to connect to database: mysql:host=localhost;dbname=upang_link
[13-Mar-2025 14:27:24 Europe/Berlin] Database connection successful
[13-Mar-2025 14:27:24 Europe/Berlin] Validating session for token: f4be17cd3e9d7d9ce314a45303266193a8798d412d1bea93d463d0e63819a02a
[13-Mar-2025 14:27:24 Europe/Berlin] Executing query: SELECT us.*, u.email_verified 
                FROM user_sessions us
                JOIN users u ON us.user_id = u.user_id
                WHERE us.token = ? AND us.is_active = 1 AND us.expires_at > NOW()
[13-Mar-2025 14:27:25 Europe/Berlin] Query executed. Row count: 1
[13-Mar-2025 14:27:25 Europe/Berlin] Session found: {"session_id":1,"user_id":2,"token":"f4be17cd3e9d7d9ce314a45303266193a8798d412d1bea93d463d0e63819a02a","device_info":"okhttp\/4.12.0","ip_address":"192.168.1.9","last_activity":"2025-03-13 06:23:03","expires_at":"2025-03-14 06:33:33","is_active":1,"created_at":"2025-03-12 22:33:33","email_verified":1}
[13-Mar-2025 14:27:25 Europe/Berlin] Updating session activity for token: f4be17cd3e9d7d9ce314a45303266193a8798d412d1bea93d463d0e63819a02a
[13-Mar-2025 14:27:25 Europe/Berlin] Session activity update result: success
[13-Mar-2025 14:27:26 Europe/Berlin] Attempting to connect to database: mysql:host=localhost;dbname=upang_link
[13-Mar-2025 14:27:26 Europe/Berlin] Database connection successful
[13-Mar-2025 14:27:26 Europe/Berlin] Attempting to connect to database: mysql:host=localhost;dbname=upang_link
[13-Mar-2025 14:27:26 Europe/Berlin] Database connection successful
[13-Mar-2025 14:27:26 Europe/Berlin] Initializing RequestController
[13-Mar-2025 14:27:26 Europe/Berlin] Attempting to connect to database: mysql:host=localhost;dbname=upang_link
[13-Mar-2025 14:27:26 Europe/Berlin] Validating session for token: f4be17cd3e9d7d9ce314a45303266193a8798d412d1bea93d463d0e63819a02a
[13-Mar-2025 14:27:26 Europe/Berlin] Executing query: SELECT us.*, u.email_verified 
                FROM user_sessions us
                JOIN users u ON us.user_id = u.user_id
                WHERE us.token = ? AND us.is_active = 1 AND us.expires_at > NOW()
[13-Mar-2025 14:27:26 Europe/Berlin] Database connection successful
[13-Mar-2025 14:27:26 Europe/Berlin] Query executed. Row count: 1
[13-Mar-2025 14:27:26 Europe/Berlin] RequestController initialized successfully
[13-Mar-2025 14:27:26 Europe/Berlin] Session found: {"session_id":1,"user_id":2,"token":"f4be17cd3e9d7d9ce314a45303266193a8798d412d1bea93d463d0e63819a02a","device_info":"okhttp\/4.12.0","ip_address":"192.168.1.9","last_activity":"2025-03-13 06:27:26","expires_at":"2025-03-14 06:33:33","is_active":1,"created_at":"2025-03-12 22:33:33","email_verified":1}
[13-Mar-2025 14:27:26 Europe/Berlin] Handling request: Method=GET, Endpoint=requests/types
[13-Mar-2025 14:27:26 Europe/Berlin] Updating session activity for token: f4be17cd3e9d7d9ce314a45303266193a8798d412d1bea93d463d0e63819a02a
[13-Mar-2025 14:27:26 Europe/Berlin] Normalized endpoint: types
[13-Mar-2025 14:27:26 Europe/Berlin] Getting request types
[13-Mar-2025 14:27:26 Europe/Berlin] Session activity update result: success
[13-Mar-2025 14:27:26 Europe/Berlin] Successfully fetched 7 request types
[13-Mar-2025 14:27:26 Europe/Berlin] Initializing RequestController
[13-Mar-2025 14:27:26 Europe/Berlin] Attempting to connect to database: mysql:host=localhost;dbname=upang_link
[13-Mar-2025 14:27:26 Europe/Berlin] Database connection successful
[13-Mar-2025 14:27:26 Europe/Berlin] RequestController initialized successfully
[13-Mar-2025 14:27:26 Europe/Berlin] Handling request: Method=GET, Endpoint=requests/statistics
[13-Mar-2025 14:27:26 Europe/Berlin] Normalized endpoint: statistics
[13-Mar-2025 14:27:26 Europe/Berlin] Getting request statistics
[13-Mar-2025 14:27:27 Europe/Berlin] Attempting to connect to database: mysql:host=localhost;dbname=upang_link
[13-Mar-2025 14:27:27 Europe/Berlin] Database connection successful
[13-Mar-2025 14:27:27 Europe/Berlin] Initializing RequestController
[13-Mar-2025 14:27:27 Europe/Berlin] Attempting to connect to database: mysql:host=localhost;dbname=upang_link
[13-Mar-2025 14:27:27 Europe/Berlin] Database connection successful
[13-Mar-2025 14:27:27 Europe/Berlin] RequestController initialized successfully
[13-Mar-2025 14:27:27 Europe/Berlin] Handling request: Method=GET, Endpoint=requests/types
[13-Mar-2025 14:27:27 Europe/Berlin] Normalized endpoint: types
[13-Mar-2025 14:27:27 Europe/Berlin] Getting request types
[13-Mar-2025 14:27:27 Europe/Berlin] Successfully fetched 7 request types
[13-Mar-2025 14:28:22 Europe/Berlin] Attempting to connect to database: mysql:host=localhost;dbname=upang_link
[13-Mar-2025 14:28:22 Europe/Berlin] Database connection successful
[13-Mar-2025 14:28:22 Europe/Berlin] Initializing RequestController
[13-Mar-2025 14:28:22 Europe/Berlin] Attempting to connect to database: mysql:host=localhost;dbname=upang_link
[13-Mar-2025 14:28:22 Europe/Berlin] Database connection successful
[13-Mar-2025 14:28:22 Europe/Berlin] RequestController initialized successfully
[13-Mar-2025 14:28:22 Europe/Berlin] Handling request: Method=GET, Endpoint=requests/types
[13-Mar-2025 14:28:22 Europe/Berlin] Normalized endpoint: types
[13-Mar-2025 14:28:22 Europe/Berlin] Getting request types
[13-Mar-2025 14:28:22 Europe/Berlin] Successfully fetched 7 request types
[13-Mar-2025 14:28:27 Europe/Berlin] Attempting to connect to database: mysql:host=localhost;dbname=upang_link
[13-Mar-2025 14:28:27 Europe/Berlin] Database connection successful
[13-Mar-2025 14:28:27 Europe/Berlin] Initializing RequestController
[13-Mar-2025 14:28:27 Europe/Berlin] Attempting to connect to database: mysql:host=localhost;dbname=upang_link
[13-Mar-2025 14:28:27 Europe/Berlin] Database connection successful
[13-Mar-2025 14:28:27 Europe/Berlin] RequestController initialized successfully
[13-Mar-2025 14:28:27 Europe/Berlin] Handling request: Method=GET, Endpoint=requests/types
[13-Mar-2025 14:28:27 Europe/Berlin] Normalized endpoint: types
[13-Mar-2025 14:28:27 Europe/Berlin] Getting request types
[13-Mar-2025 14:28:27 Europe/Berlin] Successfully fetched 7 request types
[13-Mar-2025 14:33:22 Europe/Berlin] Attempting to connect to database: mysql:host=localhost;dbname=upang_link
[13-Mar-2025 14:33:22 Europe/Berlin] Database connection successful
[13-Mar-2025 14:33:22 Europe/Berlin] Validating session for token: f4be17cd3e9d7d9ce314a45303266193a8798d412d1bea93d463d0e63819a02a
[13-Mar-2025 14:33:22 Europe/Berlin] Executing query: SELECT us.*, u.email_verified 
                FROM user_sessions us
                JOIN users u ON us.user_id = u.user_id
                WHERE us.token = ? AND us.is_active = 1 AND us.expires_at > NOW()
[13-Mar-2025 14:33:22 Europe/Berlin] Query executed. Row count: 1
[13-Mar-2025 14:33:22 Europe/Berlin] Session found: {"session_id":1,"user_id":2,"token":"f4be17cd3e9d7d9ce314a45303266193a8798d412d1bea93d463d0e63819a02a","device_info":"okhttp\/4.12.0","ip_address":"192.168.1.9","last_activity":"2025-03-13 06:29:04","expires_at":"2025-03-14 06:33:33","is_active":1,"created_at":"2025-03-12 22:33:33","email_verified":1}
[13-Mar-2025 14:33:22 Europe/Berlin] Updating session activity for token: f4be17cd3e9d7d9ce314a45303266193a8798d412d1bea93d463d0e63819a02a
[13-Mar-2025 14:33:22 Europe/Berlin] Session activity update result: success
[13-Mar-2025 14:33:24 Europe/Berlin] Attempting to connect to database: mysql:host=localhost;dbname=upang_link
[13-Mar-2025 14:33:24 Europe/Berlin] Database connection successful
[13-Mar-2025 14:33:24 Europe/Berlin] Initializing RequestController
[13-Mar-2025 14:33:24 Europe/Berlin] Attempting to connect to database: mysql:host=localhost;dbname=upang_link
[13-Mar-2025 14:33:24 Europe/Berlin] Attempting to connect to database: mysql:host=localhost;dbname=upang_link
[13-Mar-2025 14:33:24 Europe/Berlin] Database connection successful
[13-Mar-2025 14:33:24 Europe/Berlin] Database connection successful
[13-Mar-2025 14:33:24 Europe/Berlin] RequestController initialized successfully
[13-Mar-2025 14:33:24 Europe/Berlin] Handling request: Method=GET, Endpoint=requests/types
[13-Mar-2025 14:33:24 Europe/Berlin] Normalized endpoint: types
[13-Mar-2025 14:33:24 Europe/Berlin] Getting request types
[13-Mar-2025 14:33:24 Europe/Berlin] Successfully fetched 7 request types
[13-Mar-2025 14:33:24 Europe/Berlin] Validating session for token: f4be17cd3e9d7d9ce314a45303266193a8798d412d1bea93d463d0e63819a02a
[13-Mar-2025 14:33:24 Europe/Berlin] Executing query: SELECT us.*, u.email_verified 
                FROM user_sessions us
                JOIN users u ON us.user_id = u.user_id
                WHERE us.token = ? AND us.is_active = 1 AND us.expires_at > NOW()
[13-Mar-2025 14:33:24 Europe/Berlin] Query executed. Row count: 1
[13-Mar-2025 14:33:24 Europe/Berlin] Session found: {"session_id":1,"user_id":2,"token":"f4be17cd3e9d7d9ce314a45303266193a8798d412d1bea93d463d0e63819a02a","device_info":"okhttp\/4.12.0","ip_address":"192.168.1.9","last_activity":"2025-03-13 06:33:24","expires_at":"2025-03-14 06:33:33","is_active":1,"created_at":"2025-03-12 22:33:33","email_verified":1}
[13-Mar-2025 14:33:24 Europe/Berlin] Updating session activity for token: f4be17cd3e9d7d9ce314a45303266193a8798d412d1bea93d463d0e63819a02a
[13-Mar-2025 14:33:24 Europe/Berlin] Session activity update result: success
[13-Mar-2025 14:33:24 Europe/Berlin] Initializing RequestController
[13-Mar-2025 14:33:24 Europe/Berlin] Attempting to connect to database: mysql:host=localhost;dbname=upang_link
[13-Mar-2025 14:33:24 Europe/Berlin] Database connection successful
[13-Mar-2025 14:33:24 Europe/Berlin] RequestController initialized successfully
[13-Mar-2025 14:33:24 Europe/Berlin] Handling request: Method=GET, Endpoint=requests/statistics
[13-Mar-2025 14:33:24 Europe/Berlin] Normalized endpoint: statistics
[13-Mar-2025 14:33:24 Europe/Berlin] Getting request statistics
[13-Mar-2025 14:33:26 Europe/Berlin] Attempting to connect to database: mysql:host=localhost;dbname=upang_link
[13-Mar-2025 14:33:26 Europe/Berlin] Database connection successful
[13-Mar-2025 14:33:26 Europe/Berlin] Initializing RequestController
[13-Mar-2025 14:33:26 Europe/Berlin] Attempting to connect to database: mysql:host=localhost;dbname=upang_link
[13-Mar-2025 14:33:26 Europe/Berlin] Database connection successful
[13-Mar-2025 14:33:26 Europe/Berlin] RequestController initialized successfully
[13-Mar-2025 14:33:26 Europe/Berlin] Handling request: Method=GET, Endpoint=requests/types
[13-Mar-2025 14:33:26 Europe/Berlin] Normalized endpoint: types
[13-Mar-2025 14:33:26 Europe/Berlin] Getting request types
[13-Mar-2025 14:33:26 Europe/Berlin] Successfully fetched 7 request types
[13-Mar-2025 14:37:22 Europe/Berlin] Attempting to connect to database: mysql:host=localhost;dbname=upang_link
[13-Mar-2025 14:37:22 Europe/Berlin] Database connection successful
[13-Mar-2025 14:37:22 Europe/Berlin] Initializing RequestController
[13-Mar-2025 14:37:22 Europe/Berlin] Attempting to connect to database: mysql:host=localhost;dbname=upang_link
[13-Mar-2025 14:37:22 Europe/Berlin] Database connection successful
[13-Mar-2025 14:37:22 Europe/Berlin] RequestController initialized successfully
[13-Mar-2025 14:37:22 Europe/Berlin] Handling request: Method=GET, Endpoint=requests/types
[13-Mar-2025 14:37:22 Europe/Berlin] Normalized endpoint: types
[13-Mar-2025 14:37:22 Europe/Berlin] Getting request types
[13-Mar-2025 14:37:22 Europe/Berlin] Successfully fetched 7 request types
[13-Mar-2025 15:03:32 Europe/Berlin] Attempting to connect to database: mysql:host=localhost;dbname=upang_link
[13-Mar-2025 15:03:32 Europe/Berlin] Database connection successful
[13-Mar-2025 15:03:32 Europe/Berlin] Initializing RequestController
[13-Mar-2025 15:03:32 Europe/Berlin] Attempting to connect to database: mysql:host=localhost;dbname=upang_link
[13-Mar-2025 15:03:32 Europe/Berlin] Database connection successful
[13-Mar-2025 15:03:32 Europe/Berlin] RequestController initialized successfully
[13-Mar-2025 15:03:32 Europe/Berlin] Handling request: Method=GET, Endpoint=requests/types
[13-Mar-2025 15:03:32 Europe/Berlin] Normalized endpoint: types
[13-Mar-2025 15:03:32 Europe/Berlin] Getting request types
[13-Mar-2025 15:03:32 Europe/Berlin] Successfully fetched 7 request types
[13-Mar-2025 15:17:45 Europe/Berlin] Attempting to connect to database: mysql:host=localhost;dbname=upang_link
[13-Mar-2025 15:17:45 Europe/Berlin] Database connection successful
[13-Mar-2025 15:17:45 Europe/Berlin] Validating session for token: f4be17cd3e9d7d9ce314a45303266193a8798d412d1bea93d463d0e63819a02a
[13-Mar-2025 15:17:45 Europe/Berlin] Executing query: SELECT us.*, u.email_verified 
                FROM user_sessions us
                JOIN users u ON us.user_id = u.user_id
                WHERE us.token = ? AND us.is_active = 1 AND us.expires_at > NOW()
[13-Mar-2025 15:17:45 Europe/Berlin] Query executed. Row count: 1
[13-Mar-2025 15:17:45 Europe/Berlin] Session found: {"session_id":1,"user_id":2,"token":"f4be17cd3e9d7d9ce314a45303266193a8798d412d1bea93d463d0e63819a02a","device_info":"okhttp\/4.12.0","ip_address":"192.168.1.9","last_activity":"2025-03-13 07:04:15","expires_at":"2025-03-14 06:33:33","is_active":1,"created_at":"2025-03-12 22:33:33","email_verified":1}
[13-Mar-2025 15:17:45 Europe/Berlin] Updating session activity for token: f4be17cd3e9d7d9ce314a45303266193a8798d412d1bea93d463d0e63819a02a
[13-Mar-2025 15:17:45 Europe/Berlin] Session activity update result: success
[13-Mar-2025 15:17:47 Europe/Berlin] Attempting to connect to database: mysql:host=localhost;dbname=upang_link
[13-Mar-2025 15:17:47 Europe/Berlin] Database connection successful
[13-Mar-2025 15:17:47 Europe/Berlin] Initializing RequestController
[13-Mar-2025 15:17:47 Europe/Berlin] Attempting to connect to database: mysql:host=localhost;dbname=upang_link
[13-Mar-2025 15:17:47 Europe/Berlin] Attempting to connect to database: mysql:host=localhost;dbname=upang_link
[13-Mar-2025 15:17:47 Europe/Berlin] Database connection successful
[13-Mar-2025 15:17:47 Europe/Berlin] Database connection successful
[13-Mar-2025 15:17:47 Europe/Berlin] Validating session for token: f4be17cd3e9d7d9ce314a45303266193a8798d412d1bea93d463d0e63819a02a
[13-Mar-2025 15:17:47 Europe/Berlin] RequestController initialized successfully
[13-Mar-2025 15:17:47 Europe/Berlin] Executing query: SELECT us.*, u.email_verified 
                FROM user_sessions us
                JOIN users u ON us.user_id = u.user_id
                WHERE us.token = ? AND us.is_active = 1 AND us.expires_at > NOW()
[13-Mar-2025 15:17:47 Europe/Berlin] Handling request: Method=GET, Endpoint=requests/types
[13-Mar-2025 15:17:47 Europe/Berlin] Normalized endpoint: types
[13-Mar-2025 15:17:47 Europe/Berlin] Getting request types
[13-Mar-2025 15:17:47 Europe/Berlin] Query executed. Row count: 1
[13-Mar-2025 15:17:47 Europe/Berlin] Session found: {"session_id":1,"user_id":2,"token":"f4be17cd3e9d7d9ce314a45303266193a8798d412d1bea93d463d0e63819a02a","device_info":"okhttp\/4.12.0","ip_address":"192.168.1.9","last_activity":"2025-03-13 07:17:47","expires_at":"2025-03-14 06:33:33","is_active":1,"created_at":"2025-03-12 22:33:33","email_verified":1}
[13-Mar-2025 15:17:47 Europe/Berlin] Updating session activity for token: f4be17cd3e9d7d9ce314a45303266193a8798d412d1bea93d463d0e63819a02a
[13-Mar-2025 15:17:47 Europe/Berlin] Session activity update result: success
[13-Mar-2025 15:17:47 Europe/Berlin] Successfully fetched 7 request types
[13-Mar-2025 15:17:47 Europe/Berlin] Initializing RequestController
[13-Mar-2025 15:17:47 Europe/Berlin] Attempting to connect to database: mysql:host=localhost;dbname=upang_link
[13-Mar-2025 15:17:47 Europe/Berlin] Database connection successful
[13-Mar-2025 15:17:47 Europe/Berlin] RequestController initialized successfully
[13-Mar-2025 15:17:47 Europe/Berlin] Handling request: Method=GET, Endpoint=requests/statistics
[13-Mar-2025 15:17:47 Europe/Berlin] Normalized endpoint: statistics
[13-Mar-2025 15:17:47 Europe/Berlin] Getting request statistics
[13-Mar-2025 15:17:51 Europe/Berlin] Attempting to connect to database: mysql:host=localhost;dbname=upang_link
[13-Mar-2025 15:17:51 Europe/Berlin] Database connection successful
[13-Mar-2025 15:17:51 Europe/Berlin] Initializing RequestController
[13-Mar-2025 15:17:51 Europe/Berlin] Attempting to connect to database: mysql:host=localhost;dbname=upang_link
[13-Mar-2025 15:17:51 Europe/Berlin] Database connection successful
[13-Mar-2025 15:17:51 Europe/Berlin] RequestController initialized successfully
[13-Mar-2025 15:17:51 Europe/Berlin] Handling request: Method=GET, Endpoint=requests/types
[13-Mar-2025 15:17:51 Europe/Berlin] Normalized endpoint: types
[13-Mar-2025 15:17:51 Europe/Berlin] Getting request types
[13-Mar-2025 15:17:51 Europe/Berlin] Successfully fetched 7 request types
[13-Mar-2025 15:18:08 Europe/Berlin] Attempting to connect to database: mysql:host=localhost;dbname=upang_link
[13-Mar-2025 15:18:08 Europe/Berlin] Database connection successful
[13-Mar-2025 15:18:08 Europe/Berlin] Initializing RequestController
[13-Mar-2025 15:18:08 Europe/Berlin] Attempting to connect to database: mysql:host=localhost;dbname=upang_link
[13-Mar-2025 15:18:08 Europe/Berlin] Database connection successful
[13-Mar-2025 15:18:08 Europe/Berlin] RequestController initialized successfully
[13-Mar-2025 15:18:08 Europe/Berlin] Handling request: Method=GET, Endpoint=requests/types
[13-Mar-2025 15:18:08 Europe/Berlin] Normalized endpoint: types
[13-Mar-2025 15:18:08 Europe/Berlin] Getting request types
[13-Mar-2025 15:18:08 Europe/Berlin] Successfully fetched 7 request types
[13-Mar-2025 15:18:23 Europe/Berlin] Attempting to connect to database: mysql:host=localhost;dbname=upang_link
[13-Mar-2025 15:18:23 Europe/Berlin] Database connection successful
[13-Mar-2025 15:18:23 Europe/Berlin] Initializing RequestController
[13-Mar-2025 15:18:23 Europe/Berlin] Attempting to connect to database: mysql:host=localhost;dbname=upang_link
[13-Mar-2025 15:18:23 Europe/Berlin] Database connection successful
[13-Mar-2025 15:18:23 Europe/Berlin] RequestController initialized successfully
[13-Mar-2025 15:18:23 Europe/Berlin] Handling request: Method=GET, Endpoint=requests/types
[13-Mar-2025 15:18:23 Europe/Berlin] Normalized endpoint: types
[13-Mar-2025 15:18:23 Europe/Berlin] Getting request types
[13-Mar-2025 15:18:23 Europe/Berlin] Successfully fetched 7 request types
[13-Mar-2025 15:18:46 Europe/Berlin] Attempting to connect to database: mysql:host=localhost;dbname=upang_link
[13-Mar-2025 15:18:46 Europe/Berlin] Database connection successful
[13-Mar-2025 15:18:46 Europe/Berlin] Initializing RequestController
[13-Mar-2025 15:18:46 Europe/Berlin] Attempting to connect to database: mysql:host=localhost;dbname=upang_link
[13-Mar-2025 15:18:46 Europe/Berlin] Database connection successful
[13-Mar-2025 15:18:46 Europe/Berlin] RequestController initialized successfully
[13-Mar-2025 15:18:46 Europe/Berlin] Handling request: Method=GET, Endpoint=requests/types
[13-Mar-2025 15:18:46 Europe/Berlin] Normalized endpoint: types
[13-Mar-2025 15:18:46 Europe/Berlin] Getting request types
[13-Mar-2025 15:18:46 Europe/Berlin] Successfully fetched 7 request types
[13-Mar-2025 15:19:02 Europe/Berlin] Attempting to connect to database: mysql:host=localhost;dbname=upang_link
[13-Mar-2025 15:19:02 Europe/Berlin] Database connection successful
[13-Mar-2025 15:19:02 Europe/Berlin] Initializing RequestController
[13-Mar-2025 15:19:02 Europe/Berlin] Attempting to connect to database: mysql:host=localhost;dbname=upang_link
[13-Mar-2025 15:19:02 Europe/Berlin] Database connection successful
[13-Mar-2025 15:19:02 Europe/Berlin] RequestController initialized successfully
[13-Mar-2025 15:19:02 Europe/Berlin] Handling request: Method=GET, Endpoint=requests/types
[13-Mar-2025 15:19:02 Europe/Berlin] Normalized endpoint: types
[13-Mar-2025 15:19:02 Europe/Berlin] Getting request types
[13-Mar-2025 15:19:02 Europe/Berlin] Successfully fetched 7 request types
[13-Mar-2025 15:22:16 Europe/Berlin] Attempting to connect to database: mysql:host=localhost;dbname=upang_link
[13-Mar-2025 15:22:16 Europe/Berlin] Database connection successful
[13-Mar-2025 15:22:16 Europe/Berlin] Validating session for token: f4be17cd3e9d7d9ce314a45303266193a8798d412d1bea93d463d0e63819a02a
[13-Mar-2025 15:22:16 Europe/Berlin] Executing query: SELECT us.*, u.email_verified 
                FROM user_sessions us
                JOIN users u ON us.user_id = u.user_id
                WHERE us.token = ? AND us.is_active = 1 AND us.expires_at > NOW()
[13-Mar-2025 15:22:16 Europe/Berlin] Query executed. Row count: 1
[13-Mar-2025 15:22:16 Europe/Berlin] Session found: {"session_id":1,"user_id":2,"token":"f4be17cd3e9d7d9ce314a45303266193a8798d412d1bea93d463d0e63819a02a","device_info":"okhttp\/4.12.0","ip_address":"192.168.1.9","last_activity":"2025-03-13 07:19:02","expires_at":"2025-03-14 06:33:33","is_active":1,"created_at":"2025-03-12 22:33:33","email_verified":1}
[13-Mar-2025 15:22:16 Europe/Berlin] Updating session activity for token: f4be17cd3e9d7d9ce314a45303266193a8798d412d1bea93d463d0e63819a02a
[13-Mar-2025 15:22:16 Europe/Berlin] Session activity update result: success
[13-Mar-2025 15:22:18 Europe/Berlin] Attempting to connect to database: mysql:host=localhost;dbname=upang_link
[13-Mar-2025 15:22:18 Europe/Berlin] Attempting to connect to database: mysql:host=localhost;dbname=upang_link
[13-Mar-2025 15:22:18 Europe/Berlin] Database connection successful
[13-Mar-2025 15:22:18 Europe/Berlin] Database connection successful
[13-Mar-2025 15:22:18 Europe/Berlin] Validating session for token: f4be17cd3e9d7d9ce314a45303266193a8798d412d1bea93d463d0e63819a02a
[13-Mar-2025 15:22:18 Europe/Berlin] Executing query: SELECT us.*, u.email_verified 
                FROM user_sessions us
                JOIN users u ON us.user_id = u.user_id
                WHERE us.token = ? AND us.is_active = 1 AND us.expires_at > NOW()
[13-Mar-2025 15:22:18 Europe/Berlin] Query executed. Row count: 1
[13-Mar-2025 15:22:18 Europe/Berlin] Session found: {"session_id":1,"user_id":2,"token":"f4be17cd3e9d7d9ce314a45303266193a8798d412d1bea93d463d0e63819a02a","device_info":"okhttp\/4.12.0","ip_address":"192.168.1.9","last_activity":"2025-03-13 07:22:18","expires_at":"2025-03-14 06:33:33","is_active":1,"created_at":"2025-03-12 22:33:33","email_verified":1}
[13-Mar-2025 15:22:18 Europe/Berlin] Updating session activity for token: f4be17cd3e9d7d9ce314a45303266193a8798d412d1bea93d463d0e63819a02a
[13-Mar-2025 15:22:18 Europe/Berlin] Session activity update result: success
[13-Mar-2025 15:22:18 Europe/Berlin] Initializing RequestController
[13-Mar-2025 15:22:18 Europe/Berlin] Initializing RequestController
[13-Mar-2025 15:22:18 Europe/Berlin] Attempting to connect to database: mysql:host=localhost;dbname=upang_link
[13-Mar-2025 15:22:18 Europe/Berlin] Attempting to connect to database: mysql:host=localhost;dbname=upang_link
[13-Mar-2025 15:22:18 Europe/Berlin] Database connection successful
[13-Mar-2025 15:22:18 Europe/Berlin] Database connection successful
[13-Mar-2025 15:22:18 Europe/Berlin] RequestController initialized successfully
[13-Mar-2025 15:22:18 Europe/Berlin] Handling request: Method=GET, Endpoint=requests/statistics
[13-Mar-2025 15:22:18 Europe/Berlin] Normalized endpoint: statistics
[13-Mar-2025 15:22:18 Europe/Berlin] RequestController initialized successfully
[13-Mar-2025 15:22:18 Europe/Berlin] Getting request statistics
[13-Mar-2025 15:22:18 Europe/Berlin] Handling request: Method=GET, Endpoint=requests/types
[13-Mar-2025 15:22:18 Europe/Berlin] Normalized endpoint: types
[13-Mar-2025 15:22:18 Europe/Berlin] Getting request types
[13-Mar-2025 15:22:18 Europe/Berlin] Successfully fetched 7 request types
[13-Mar-2025 15:22:19 Europe/Berlin] Attempting to connect to database: mysql:host=localhost;dbname=upang_link
[13-Mar-2025 15:22:19 Europe/Berlin] Database connection successful
[13-Mar-2025 15:22:19 Europe/Berlin] Initializing RequestController
[13-Mar-2025 15:22:19 Europe/Berlin] Attempting to connect to database: mysql:host=localhost;dbname=upang_link
[13-Mar-2025 15:22:19 Europe/Berlin] Database connection successful
[13-Mar-2025 15:22:19 Europe/Berlin] RequestController initialized successfully
[13-Mar-2025 15:22:19 Europe/Berlin] Handling request: Method=GET, Endpoint=requests/types
[13-Mar-2025 15:22:19 Europe/Berlin] Normalized endpoint: types
[13-Mar-2025 15:22:19 Europe/Berlin] Getting request types
[13-Mar-2025 15:22:19 Europe/Berlin] Successfully fetched 7 request types
[13-Mar-2025 15:26:52 Europe/Berlin] Attempting to connect to database: mysql:host=localhost;dbname=upang_link
[13-Mar-2025 15:26:52 Europe/Berlin] Database connection successful
[13-Mar-2025 15:26:52 Europe/Berlin] Validating session for token: f4be17cd3e9d7d9ce314a45303266193a8798d412d1bea93d463d0e63819a02a
[13-Mar-2025 15:26:52 Europe/Berlin] Executing query: SELECT us.*, u.email_verified 
                FROM user_sessions us
                JOIN users u ON us.user_id = u.user_id
                WHERE us.token = ? AND us.is_active = 1 AND us.expires_at > NOW()
[13-Mar-2025 15:26:52 Europe/Berlin] Query executed. Row count: 1
[13-Mar-2025 15:26:52 Europe/Berlin] Session found: {"session_id":1,"user_id":2,"token":"f4be17cd3e9d7d9ce314a45303266193a8798d412d1bea93d463d0e63819a02a","device_info":"okhttp\/4.12.0","ip_address":"192.168.1.9","last_activity":"2025-03-13 07:22:18","expires_at":"2025-03-14 06:33:33","is_active":1,"created_at":"2025-03-12 22:33:33","email_verified":1}
[13-Mar-2025 15:26:52 Europe/Berlin] Updating session activity for token: f4be17cd3e9d7d9ce314a45303266193a8798d412d1bea93d463d0e63819a02a
[13-Mar-2025 15:26:52 Europe/Berlin] Session activity update result: success
[13-Mar-2025 15:26:56 Europe/Berlin] Attempting to connect to database: mysql:host=localhost;dbname=upang_link
[13-Mar-2025 15:26:56 Europe/Berlin] Database connection successful
[13-Mar-2025 15:26:56 Europe/Berlin] Attempting to connect to database: mysql:host=localhost;dbname=upang_link
[13-Mar-2025 15:26:56 Europe/Berlin] Database connection successful
[13-Mar-2025 15:26:56 Europe/Berlin] Initializing RequestController
[13-Mar-2025 15:26:56 Europe/Berlin] Attempting to connect to database: mysql:host=localhost;dbname=upang_link
[13-Mar-2025 15:26:56 Europe/Berlin] Validating session for token: f4be17cd3e9d7d9ce314a45303266193a8798d412d1bea93d463d0e63819a02a
[13-Mar-2025 15:26:56 Europe/Berlin] Executing query: SELECT us.*, u.email_verified 
                FROM user_sessions us
                JOIN users u ON us.user_id = u.user_id
                WHERE us.token = ? AND us.is_active = 1 AND us.expires_at > NOW()
[13-Mar-2025 15:26:56 Europe/Berlin] Query executed. Row count: 1
[13-Mar-2025 15:26:56 Europe/Berlin] Database connection successful
[13-Mar-2025 15:26:56 Europe/Berlin] Session found: {"session_id":1,"user_id":2,"token":"f4be17cd3e9d7d9ce314a45303266193a8798d412d1bea93d463d0e63819a02a","device_info":"okhttp\/4.12.0","ip_address":"192.168.1.9","last_activity":"2025-03-13 07:26:56","expires_at":"2025-03-14 06:33:33","is_active":1,"created_at":"2025-03-12 22:33:33","email_verified":1}
[13-Mar-2025 15:26:56 Europe/Berlin] Updating session activity for token: f4be17cd3e9d7d9ce314a45303266193a8798d412d1bea93d463d0e63819a02a
[13-Mar-2025 15:26:56 Europe/Berlin] RequestController initialized successfully
[13-Mar-2025 15:26:56 Europe/Berlin] Handling request: Method=GET, Endpoint=requests/types
[13-Mar-2025 15:26:56 Europe/Berlin] Normalized endpoint: types
[13-Mar-2025 15:26:56 Europe/Berlin] Session activity update result: success
[13-Mar-2025 15:26:56 Europe/Berlin] Getting request types
[13-Mar-2025 15:26:56 Europe/Berlin] Successfully fetched 7 request types
[13-Mar-2025 15:26:56 Europe/Berlin] Initializing RequestController
[13-Mar-2025 15:26:56 Europe/Berlin] Attempting to connect to database: mysql:host=localhost;dbname=upang_link
[13-Mar-2025 15:26:56 Europe/Berlin] Database connection successful
[13-Mar-2025 15:26:56 Europe/Berlin] RequestController initialized successfully
[13-Mar-2025 15:26:56 Europe/Berlin] Handling request: Method=GET, Endpoint=requests/statistics
[13-Mar-2025 15:26:56 Europe/Berlin] Normalized endpoint: statistics
[13-Mar-2025 15:26:56 Europe/Berlin] Getting request statistics
[13-Mar-2025 15:26:57 Europe/Berlin] Attempting to connect to database: mysql:host=localhost;dbname=upang_link
[13-Mar-2025 15:26:57 Europe/Berlin] Database connection successful
[13-Mar-2025 15:26:57 Europe/Berlin] Initializing RequestController
[13-Mar-2025 15:26:57 Europe/Berlin] Attempting to connect to database: mysql:host=localhost;dbname=upang_link
[13-Mar-2025 15:26:57 Europe/Berlin] Database connection successful
[13-Mar-2025 15:26:57 Europe/Berlin] RequestController initialized successfully
[13-Mar-2025 15:26:57 Europe/Berlin] Handling request: Method=GET, Endpoint=requests/types
[13-Mar-2025 15:26:57 Europe/Berlin] Normalized endpoint: types
[13-Mar-2025 15:26:57 Europe/Berlin] Getting request types
[13-Mar-2025 15:26:57 Europe/Berlin] Successfully fetched 7 request types
[13-Mar-2025 15:30:06 Europe/Berlin] Attempting to connect to database: mysql:host=localhost;dbname=upang_link
[13-Mar-2025 15:30:06 Europe/Berlin] Database connection successful
[13-Mar-2025 15:30:06 Europe/Berlin] Validating session for token: f4be17cd3e9d7d9ce314a45303266193a8798d412d1bea93d463d0e63819a02a
[13-Mar-2025 15:30:06 Europe/Berlin] Executing query: SELECT us.*, u.email_verified 
                FROM user_sessions us
                JOIN users u ON us.user_id = u.user_id
                WHERE us.token = ? AND us.is_active = 1 AND us.expires_at > NOW()
[13-Mar-2025 15:30:06 Europe/Berlin] Query executed. Row count: 1
[13-Mar-2025 15:30:06 Europe/Berlin] Session found: {"session_id":1,"user_id":2,"token":"f4be17cd3e9d7d9ce314a45303266193a8798d412d1bea93d463d0e63819a02a","device_info":"okhttp\/4.12.0","ip_address":"192.168.1.9","last_activity":"2025-03-13 07:26:56","expires_at":"2025-03-14 06:33:33","is_active":1,"created_at":"2025-03-12 22:33:33","email_verified":1}
[13-Mar-2025 15:30:06 Europe/Berlin] Updating session activity for token: f4be17cd3e9d7d9ce314a45303266193a8798d412d1bea93d463d0e63819a02a
[13-Mar-2025 15:30:06 Europe/Berlin] Session activity update result: success
[13-Mar-2025 15:30:08 Europe/Berlin] Attempting to connect to database: mysql:host=localhost;dbname=upang_link
[13-Mar-2025 15:30:08 Europe/Berlin] Database connection successful
[13-Mar-2025 15:30:08 Europe/Berlin] Attempting to connect to database: mysql:host=localhost;dbname=upang_link
[13-Mar-2025 15:30:08 Europe/Berlin] Initializing RequestController
[13-Mar-2025 15:30:08 Europe/Berlin] Attempting to connect to database: mysql:host=localhost;dbname=upang_link
[13-Mar-2025 15:30:08 Europe/Berlin] Database connection successful
[13-Mar-2025 15:30:08 Europe/Berlin] Database connection successful
[13-Mar-2025 15:30:08 Europe/Berlin] RequestController initialized successfully
[13-Mar-2025 15:30:08 Europe/Berlin] Handling request: Method=GET, Endpoint=requests/types
[13-Mar-2025 15:30:08 Europe/Berlin] Normalized endpoint: types
[13-Mar-2025 15:30:08 Europe/Berlin] Getting request types
[13-Mar-2025 15:30:08 Europe/Berlin] Successfully fetched 7 request types
[13-Mar-2025 15:30:08 Europe/Berlin] Validating session for token: f4be17cd3e9d7d9ce314a45303266193a8798d412d1bea93d463d0e63819a02a
[13-Mar-2025 15:30:08 Europe/Berlin] Executing query: SELECT us.*, u.email_verified 
                FROM user_sessions us
                JOIN users u ON us.user_id = u.user_id
                WHERE us.token = ? AND us.is_active = 1 AND us.expires_at > NOW()
[13-Mar-2025 15:30:08 Europe/Berlin] Query executed. Row count: 1
[13-Mar-2025 15:30:08 Europe/Berlin] Session found: {"session_id":1,"user_id":2,"token":"f4be17cd3e9d7d9ce314a45303266193a8798d412d1bea93d463d0e63819a02a","device_info":"okhttp\/4.12.0","ip_address":"192.168.1.9","last_activity":"2025-03-13 07:30:08","expires_at":"2025-03-14 06:33:33","is_active":1,"created_at":"2025-03-12 22:33:33","email_verified":1}
[13-Mar-2025 15:30:08 Europe/Berlin] Updating session activity for token: f4be17cd3e9d7d9ce314a45303266193a8798d412d1bea93d463d0e63819a02a
[13-Mar-2025 15:30:08 Europe/Berlin] Session activity update result: success
[13-Mar-2025 15:30:08 Europe/Berlin] Initializing RequestController
[13-Mar-2025 15:30:08 Europe/Berlin] Attempting to connect to database: mysql:host=localhost;dbname=upang_link
[13-Mar-2025 15:30:08 Europe/Berlin] Database connection successful
[13-Mar-2025 15:30:08 Europe/Berlin] RequestController initialized successfully
[13-Mar-2025 15:30:08 Europe/Berlin] Handling request: Method=GET, Endpoint=requests/statistics
[13-Mar-2025 15:30:08 Europe/Berlin] Normalized endpoint: statistics
[13-Mar-2025 15:30:08 Europe/Berlin] Getting request statistics
[13-Mar-2025 15:30:08 Europe/Berlin] Attempting to connect to database: mysql:host=localhost;dbname=upang_link
[13-Mar-2025 15:30:08 Europe/Berlin] Database connection successful
[13-Mar-2025 15:30:09 Europe/Berlin] Initializing RequestController
[13-Mar-2025 15:30:09 Europe/Berlin] Attempting to connect to database: mysql:host=localhost;dbname=upang_link
[13-Mar-2025 15:30:09 Europe/Berlin] Database connection successful
[13-Mar-2025 15:30:09 Europe/Berlin] RequestController initialized successfully
[13-Mar-2025 15:30:09 Europe/Berlin] Handling request: Method=GET, Endpoint=requests/types
[13-Mar-2025 15:30:09 Europe/Berlin] Normalized endpoint: types
[13-Mar-2025 15:30:09 Europe/Berlin] Getting request types
[13-Mar-2025 15:30:09 Europe/Berlin] Successfully fetched 7 request types
[13-Mar-2025 15:33:32 Europe/Berlin] Attempting to connect to database: mysql:host=localhost;dbname=upang_link
[13-Mar-2025 15:33:32 Europe/Berlin] Database connection successful
[13-Mar-2025 15:33:32 Europe/Berlin] Validating session for token: f4be17cd3e9d7d9ce314a45303266193a8798d412d1bea93d463d0e63819a02a
[13-Mar-2025 15:33:32 Europe/Berlin] Executing query: SELECT us.*, u.email_verified 
                FROM user_sessions us
                JOIN users u ON us.user_id = u.user_id
                WHERE us.token = ? AND us.is_active = 1 AND us.expires_at > NOW()
[13-Mar-2025 15:33:32 Europe/Berlin] Query executed. Row count: 1
[13-Mar-2025 15:33:32 Europe/Berlin] Session found: {"session_id":1,"user_id":2,"token":"f4be17cd3e9d7d9ce314a45303266193a8798d412d1bea93d463d0e63819a02a","device_info":"okhttp\/4.12.0","ip_address":"192.168.1.9","last_activity":"2025-03-13 07:31:12","expires_at":"2025-03-14 06:33:33","is_active":1,"created_at":"2025-03-12 22:33:33","email_verified":1}
[13-Mar-2025 15:33:32 Europe/Berlin] Updating session activity for token: f4be17cd3e9d7d9ce314a45303266193a8798d412d1bea93d463d0e63819a02a
[13-Mar-2025 15:33:32 Europe/Berlin] Session activity update result: success
[13-Mar-2025 15:33:43 Europe/Berlin] Attempting to connect to database: mysql:host=localhost;dbname=upang_link
[13-Mar-2025 15:33:43 Europe/Berlin] Database connection successful
[13-Mar-2025 15:33:43 Europe/Berlin] Attempting to connect to database: mysql:host=localhost;dbname=upang_link
[13-Mar-2025 15:33:43 Europe/Berlin] Database connection successful
[13-Mar-2025 15:33:43 Europe/Berlin] Initializing RequestController
[13-Mar-2025 15:33:43 Europe/Berlin] Attempting to connect to database: mysql:host=localhost;dbname=upang_link
[13-Mar-2025 15:33:43 Europe/Berlin] Database connection successful
[13-Mar-2025 15:33:43 Europe/Berlin] RequestController initialized successfully
[13-Mar-2025 15:33:43 Europe/Berlin] Validating session for token: f4be17cd3e9d7d9ce314a45303266193a8798d412d1bea93d463d0e63819a02a
[13-Mar-2025 15:33:43 Europe/Berlin] Handling request: Method=GET, Endpoint=requests/types
[13-Mar-2025 15:33:43 Europe/Berlin] Executing query: SELECT us.*, u.email_verified 
                FROM user_sessions us
                JOIN users u ON us.user_id = u.user_id
                WHERE us.token = ? AND us.is_active = 1 AND us.expires_at > NOW()
[13-Mar-2025 15:33:43 Europe/Berlin] Normalized endpoint: types
[13-Mar-2025 15:33:43 Europe/Berlin] Getting request types
[13-Mar-2025 15:33:43 Europe/Berlin] Query executed. Row count: 1
[13-Mar-2025 15:33:43 Europe/Berlin] Session found: {"session_id":1,"user_id":2,"token":"f4be17cd3e9d7d9ce314a45303266193a8798d412d1bea93d463d0e63819a02a","device_info":"okhttp\/4.12.0","ip_address":"192.168.1.9","last_activity":"2025-03-13 07:33:32","expires_at":"2025-03-14 06:33:33","is_active":1,"created_at":"2025-03-12 22:33:33","email_verified":1}
[13-Mar-2025 15:33:43 Europe/Berlin] Updating session activity for token: f4be17cd3e9d7d9ce314a45303266193a8798d412d1bea93d463d0e63819a02a
[13-Mar-2025 15:33:43 Europe/Berlin] Successfully fetched 7 request types
[13-Mar-2025 15:33:43 Europe/Berlin] Session activity update result: success
[13-Mar-2025 15:33:43 Europe/Berlin] Initializing RequestController
[13-Mar-2025 15:33:43 Europe/Berlin] Attempting to connect to database: mysql:host=localhost;dbname=upang_link
[13-Mar-2025 15:33:43 Europe/Berlin] Database connection successful
[13-Mar-2025 15:33:43 Europe/Berlin] RequestController initialized successfully
[13-Mar-2025 15:33:43 Europe/Berlin] Handling request: Method=GET, Endpoint=requests/statistics
[13-Mar-2025 15:33:43 Europe/Berlin] Normalized endpoint: statistics
[13-Mar-2025 15:33:43 Europe/Berlin] Getting request statistics
[13-Mar-2025 15:33:45 Europe/Berlin] Attempting to connect to database: mysql:host=localhost;dbname=upang_link
[13-Mar-2025 15:33:45 Europe/Berlin] Database connection successful
[13-Mar-2025 15:33:45 Europe/Berlin] Initializing RequestController
[13-Mar-2025 15:33:45 Europe/Berlin] Attempting to connect to database: mysql:host=localhost;dbname=upang_link
[13-Mar-2025 15:33:45 Europe/Berlin] Database connection successful
[13-Mar-2025 15:33:45 Europe/Berlin] RequestController initialized successfully
[13-Mar-2025 15:33:45 Europe/Berlin] Handling request: Method=GET, Endpoint=requests/types
[13-Mar-2025 15:33:45 Europe/Berlin] Normalized endpoint: types
[13-Mar-2025 15:33:45 Europe/Berlin] Getting request types
[13-Mar-2025 15:33:45 Europe/Berlin] Successfully fetched 7 request types
[13-Mar-2025 15:35:46 Europe/Berlin] Attempting to connect to database: mysql:host=localhost;dbname=upang_link
[13-Mar-2025 15:35:46 Europe/Berlin] Database connection successful
[13-Mar-2025 15:35:46 Europe/Berlin] Initializing RequestController
[13-Mar-2025 15:35:46 Europe/Berlin] Attempting to connect to database: mysql:host=localhost;dbname=upang_link
[13-Mar-2025 15:35:46 Europe/Berlin] Database connection successful
[13-Mar-2025 15:35:46 Europe/Berlin] RequestController initialized successfully
[13-Mar-2025 15:35:46 Europe/Berlin] Handling request: Method=GET, Endpoint=requests/types
[13-Mar-2025 15:35:46 Europe/Berlin] Normalized endpoint: types
[13-Mar-2025 15:35:46 Europe/Berlin] Getting request types
[13-Mar-2025 15:35:46 Europe/Berlin] Successfully fetched 7 request types
[13-Mar-2025 15:39:52 Europe/Berlin] Attempting to connect to database: mysql:host=localhost;dbname=upang_link
[13-Mar-2025 15:39:52 Europe/Berlin] Database connection successful
[13-Mar-2025 15:39:52 Europe/Berlin] Validating session for token: f4be17cd3e9d7d9ce314a45303266193a8798d412d1bea93d463d0e63819a02a
[13-Mar-2025 15:39:52 Europe/Berlin] Executing query: SELECT us.*, u.email_verified 
                FROM user_sessions us
                JOIN users u ON us.user_id = u.user_id
                WHERE us.token = ? AND us.is_active = 1 AND us.expires_at > NOW()
[13-Mar-2025 15:39:53 Europe/Berlin] Query executed. Row count: 1
[13-Mar-2025 15:39:53 Europe/Berlin] Session found: {"session_id":1,"user_id":2,"token":"f4be17cd3e9d7d9ce314a45303266193a8798d412d1bea93d463d0e63819a02a","device_info":"okhttp\/4.12.0","ip_address":"192.168.1.9","last_activity":"2025-03-13 07:36:07","expires_at":"2025-03-14 06:33:33","is_active":1,"created_at":"2025-03-12 22:33:33","email_verified":1}
[13-Mar-2025 15:39:53 Europe/Berlin] Updating session activity for token: f4be17cd3e9d7d9ce314a45303266193a8798d412d1bea93d463d0e63819a02a
[13-Mar-2025 15:39:53 Europe/Berlin] Session activity update result: success
[13-Mar-2025 15:39:54 Europe/Berlin] Attempting to connect to database: mysql:host=localhost;dbname=upang_link
[13-Mar-2025 15:39:54 Europe/Berlin] Database connection successful
[13-Mar-2025 15:39:54 Europe/Berlin] Attempting to connect to database: mysql:host=localhost;dbname=upang_link
[13-Mar-2025 15:39:54 Europe/Berlin] Database connection successful
[13-Mar-2025 15:39:54 Europe/Berlin] Validating session for token: f4be17cd3e9d7d9ce314a45303266193a8798d412d1bea93d463d0e63819a02a
[13-Mar-2025 15:39:54 Europe/Berlin] Executing query: SELECT us.*, u.email_verified 
                FROM user_sessions us
                JOIN users u ON us.user_id = u.user_id
                WHERE us.token = ? AND us.is_active = 1 AND us.expires_at > NOW()
[13-Mar-2025 15:39:54 Europe/Berlin] Query executed. Row count: 1
[13-Mar-2025 15:39:54 Europe/Berlin] Session found: {"session_id":1,"user_id":2,"token":"f4be17cd3e9d7d9ce314a45303266193a8798d412d1bea93d463d0e63819a02a","device_info":"okhttp\/4.12.0","ip_address":"192.168.1.9","last_activity":"2025-03-13 07:39:54","expires_at":"2025-03-14 06:33:33","is_active":1,"created_at":"2025-03-12 22:33:33","email_verified":1}
[13-Mar-2025 15:39:54 Europe/Berlin] Updating session activity for token: f4be17cd3e9d7d9ce314a45303266193a8798d412d1bea93d463d0e63819a02a
[13-Mar-2025 15:39:54 Europe/Berlin] Session activity update result: success
[13-Mar-2025 15:39:54 Europe/Berlin] Initializing RequestController
[13-Mar-2025 15:39:54 Europe/Berlin] Attempting to connect to database: mysql:host=localhost;dbname=upang_link
[13-Mar-2025 15:39:54 Europe/Berlin] Database connection successful
[13-Mar-2025 15:39:54 Europe/Berlin] Initializing RequestController
[13-Mar-2025 15:39:54 Europe/Berlin] Attempting to connect to database: mysql:host=localhost;dbname=upang_link
[13-Mar-2025 15:39:54 Europe/Berlin] RequestController initialized successfully
[13-Mar-2025 15:39:54 Europe/Berlin] Handling request: Method=GET, Endpoint=requests/statistics
[13-Mar-2025 15:39:54 Europe/Berlin] Normalized endpoint: statistics
[13-Mar-2025 15:39:54 Europe/Berlin] Getting request statistics
[13-Mar-2025 15:39:54 Europe/Berlin] Database connection successful
[13-Mar-2025 15:39:54 Europe/Berlin] RequestController initialized successfully
[13-Mar-2025 15:39:54 Europe/Berlin] Handling request: Method=GET, Endpoint=requests/types
[13-Mar-2025 15:39:54 Europe/Berlin] Normalized endpoint: types
[13-Mar-2025 15:39:54 Europe/Berlin] Getting request types
[13-Mar-2025 15:39:54 Europe/Berlin] Successfully fetched 7 request types
[13-Mar-2025 15:39:56 Europe/Berlin] Attempting to connect to database: mysql:host=localhost;dbname=upang_link
[13-Mar-2025 15:39:56 Europe/Berlin] Database connection successful
[13-Mar-2025 15:39:56 Europe/Berlin] Initializing RequestController
[13-Mar-2025 15:39:56 Europe/Berlin] Attempting to connect to database: mysql:host=localhost;dbname=upang_link
[13-Mar-2025 15:39:56 Europe/Berlin] Database connection successful
[13-Mar-2025 15:39:56 Europe/Berlin] RequestController initialized successfully
[13-Mar-2025 15:39:56 Europe/Berlin] Handling request: Method=GET, Endpoint=requests/types
[13-Mar-2025 15:39:56 Europe/Berlin] Normalized endpoint: types
[13-Mar-2025 15:39:56 Europe/Berlin] Getting request types
[13-Mar-2025 15:39:56 Europe/Berlin] Successfully fetched 7 request types
[13-Mar-2025 15:40:46 Europe/Berlin] Attempting to connect to database: mysql:host=localhost;dbname=upang_link
[13-Mar-2025 15:40:46 Europe/Berlin] Database connection successful
[13-Mar-2025 15:40:46 Europe/Berlin] Initializing RequestController
[13-Mar-2025 15:40:46 Europe/Berlin] Attempting to connect to database: mysql:host=localhost;dbname=upang_link
[13-Mar-2025 15:40:46 Europe/Berlin] Database connection successful
[13-Mar-2025 15:40:46 Europe/Berlin] RequestController initialized successfully
[13-Mar-2025 15:40:46 Europe/Berlin] Handling request: Method=GET, Endpoint=requests/types
[13-Mar-2025 15:40:46 Europe/Berlin] Normalized endpoint: types
[13-Mar-2025 15:40:46 Europe/Berlin] Getting request types
[13-Mar-2025 15:40:46 Europe/Berlin] Successfully fetched 7 request types
[13-Mar-2025 15:51:24 Europe/Berlin] Attempting to connect to database: mysql:host=localhost;dbname=upang_link
[13-Mar-2025 15:51:24 Europe/Berlin] Database connection successful
[13-Mar-2025 15:51:24 Europe/Berlin] Validating session for token: f4be17cd3e9d7d9ce314a45303266193a8798d412d1bea93d463d0e63819a02a
[13-Mar-2025 15:51:24 Europe/Berlin] Executing query: SELECT us.*, u.email_verified 
                FROM user_sessions us
                JOIN users u ON us.user_id = u.user_id
                WHERE us.token = ? AND us.is_active = 1 AND us.expires_at > NOW()
[13-Mar-2025 15:51:24 Europe/Berlin] Query executed. Row count: 1
[13-Mar-2025 15:51:24 Europe/Berlin] Session found: {"session_id":1,"user_id":2,"token":"f4be17cd3e9d7d9ce314a45303266193a8798d412d1bea93d463d0e63819a02a","device_info":"okhttp\/4.12.0","ip_address":"192.168.1.9","last_activity":"2025-03-13 07:44:30","expires_at":"2025-03-14 06:33:33","is_active":1,"created_at":"2025-03-12 22:33:33","email_verified":1}
[13-Mar-2025 15:51:24 Europe/Berlin] Updating session activity for token: f4be17cd3e9d7d9ce314a45303266193a8798d412d1bea93d463d0e63819a02a
[13-Mar-2025 15:51:24 Europe/Berlin] Session activity update result: success
[13-Mar-2025 15:51:26 Europe/Berlin] Attempting to connect to database: mysql:host=localhost;dbname=upang_link
[13-Mar-2025 15:51:26 Europe/Berlin] Database connection successful
[13-Mar-2025 15:51:26 Europe/Berlin] Validating session for token: f4be17cd3e9d7d9ce314a45303266193a8798d412d1bea93d463d0e63819a02a
[13-Mar-2025 15:51:26 Europe/Berlin] Executing query: SELECT us.*, u.email_verified 
                FROM user_sessions us
                JOIN users u ON us.user_id = u.user_id
                WHERE us.token = ? AND us.is_active = 1 AND us.expires_at > NOW()
[13-Mar-2025 15:51:26 Europe/Berlin] Attempting to connect to database: mysql:host=localhost;dbname=upang_link
[13-Mar-2025 15:51:26 Europe/Berlin] Query executed. Row count: 1
[13-Mar-2025 15:51:26 Europe/Berlin] Session found: {"session_id":1,"user_id":2,"token":"f4be17cd3e9d7d9ce314a45303266193a8798d412d1bea93d463d0e63819a02a","device_info":"okhttp\/4.12.0","ip_address":"192.168.1.9","last_activity":"2025-03-13 07:51:26","expires_at":"2025-03-14 06:33:33","is_active":1,"created_at":"2025-03-12 22:33:33","email_verified":1}
[13-Mar-2025 15:51:26 Europe/Berlin] Updating session activity for token: f4be17cd3e9d7d9ce314a45303266193a8798d412d1bea93d463d0e63819a02a
[13-Mar-2025 15:51:26 Europe/Berlin] Database connection successful
[13-Mar-2025 15:51:26 Europe/Berlin] Session activity update result: success
[13-Mar-2025 15:51:26 Europe/Berlin] Initializing RequestController
[13-Mar-2025 15:51:26 Europe/Berlin] Attempting to connect to database: mysql:host=localhost;dbname=upang_link
[13-Mar-2025 15:51:26 Europe/Berlin] Database connection successful
[13-Mar-2025 15:51:26 Europe/Berlin] RequestController initialized successfully
[13-Mar-2025 15:51:26 Europe/Berlin] Handling request: Method=GET, Endpoint=requests/statistics
[13-Mar-2025 15:51:26 Europe/Berlin] Normalized endpoint: statistics
[13-Mar-2025 15:51:26 Europe/Berlin] Getting request statistics
[13-Mar-2025 15:51:26 Europe/Berlin] Initializing RequestController
[13-Mar-2025 15:51:26 Europe/Berlin] Attempting to connect to database: mysql:host=localhost;dbname=upang_link
[13-Mar-2025 15:51:26 Europe/Berlin] Database connection successful
[13-Mar-2025 15:51:26 Europe/Berlin] RequestController initialized successfully
[13-Mar-2025 15:51:26 Europe/Berlin] Handling request: Method=GET, Endpoint=requests/types
[13-Mar-2025 15:51:26 Europe/Berlin] Normalized endpoint: types
[13-Mar-2025 15:51:26 Europe/Berlin] Getting request types
[13-Mar-2025 15:51:26 Europe/Berlin] Successfully fetched 7 request types
[13-Mar-2025 15:51:27 Europe/Berlin] Attempting to connect to database: mysql:host=localhost;dbname=upang_link
[13-Mar-2025 15:51:27 Europe/Berlin] Database connection successful
[13-Mar-2025 15:51:27 Europe/Berlin] Initializing RequestController
[13-Mar-2025 15:51:27 Europe/Berlin] Attempting to connect to database: mysql:host=localhost;dbname=upang_link
[13-Mar-2025 15:51:27 Europe/Berlin] Database connection successful
[13-Mar-2025 15:51:27 Europe/Berlin] RequestController initialized successfully
[13-Mar-2025 15:51:27 Europe/Berlin] Handling request: Method=GET, Endpoint=requests/types
[13-Mar-2025 15:51:27 Europe/Berlin] Normalized endpoint: types
[13-Mar-2025 15:51:27 Europe/Berlin] Getting request types
[13-Mar-2025 15:51:27 Europe/Berlin] Successfully fetched 7 request types
[13-Mar-2025 15:57:48 Europe/Berlin] Attempting to connect to database: mysql:host=localhost;dbname=upang_link
[13-Mar-2025 15:57:48 Europe/Berlin] Database connection successful
[13-Mar-2025 15:57:48 Europe/Berlin] Validating session for token: f4be17cd3e9d7d9ce314a45303266193a8798d412d1bea93d463d0e63819a02a
[13-Mar-2025 15:57:48 Europe/Berlin] Executing query: SELECT us.*, u.email_verified 
                FROM user_sessions us
                JOIN users u ON us.user_id = u.user_id
                WHERE us.token = ? AND us.is_active = 1 AND us.expires_at > NOW()
[13-Mar-2025 15:57:48 Europe/Berlin] Query executed. Row count: 1
[13-Mar-2025 15:57:48 Europe/Berlin] Session found: {"session_id":1,"user_id":2,"token":"f4be17cd3e9d7d9ce314a45303266193a8798d412d1bea93d463d0e63819a02a","device_info":"okhttp\/4.12.0","ip_address":"192.168.1.9","last_activity":"2025-03-13 07:51:53","expires_at":"2025-03-14 06:33:33","is_active":1,"created_at":"2025-03-12 22:33:33","email_verified":1}
[13-Mar-2025 15:57:48 Europe/Berlin] Updating session activity for token: f4be17cd3e9d7d9ce314a45303266193a8798d412d1bea93d463d0e63819a02a
[13-Mar-2025 15:57:48 Europe/Berlin] Session activity update result: success
[13-Mar-2025 15:57:50 Europe/Berlin] Attempting to connect to database: mysql:host=localhost;dbname=upang_link
[13-Mar-2025 15:57:50 Europe/Berlin] Attempting to connect to database: mysql:host=localhost;dbname=upang_link
[13-Mar-2025 15:57:50 Europe/Berlin] Database connection successful
[13-Mar-2025 15:57:50 Europe/Berlin] Database connection successful
[13-Mar-2025 15:57:50 Europe/Berlin] Validating session for token: f4be17cd3e9d7d9ce314a45303266193a8798d412d1bea93d463d0e63819a02a
[13-Mar-2025 15:57:50 Europe/Berlin] Executing query: SELECT us.*, u.email_verified 
                FROM user_sessions us
                JOIN users u ON us.user_id = u.user_id
                WHERE us.token = ? AND us.is_active = 1 AND us.expires_at > NOW()
[13-Mar-2025 15:57:50 Europe/Berlin] Query executed. Row count: 1
[13-Mar-2025 15:57:50 Europe/Berlin] Initializing RequestController
[13-Mar-2025 15:57:50 Europe/Berlin] Session found: {"session_id":1,"user_id":2,"token":"f4be17cd3e9d7d9ce314a45303266193a8798d412d1bea93d463d0e63819a02a","device_info":"okhttp\/4.12.0","ip_address":"192.168.1.9","last_activity":"2025-03-13 07:57:50","expires_at":"2025-03-14 06:33:33","is_active":1,"created_at":"2025-03-12 22:33:33","email_verified":1}
[13-Mar-2025 15:57:50 Europe/Berlin] Attempting to connect to database: mysql:host=localhost;dbname=upang_link
[13-Mar-2025 15:57:50 Europe/Berlin] Updating session activity for token: f4be17cd3e9d7d9ce314a45303266193a8798d412d1bea93d463d0e63819a02a
[13-Mar-2025 15:57:50 Europe/Berlin] Session activity update result: success
[13-Mar-2025 15:57:50 Europe/Berlin] Database connection successful
[13-Mar-2025 15:57:50 Europe/Berlin] RequestController initialized successfully
[13-Mar-2025 15:57:50 Europe/Berlin] Handling request: Method=GET, Endpoint=requests/types
[13-Mar-2025 15:57:50 Europe/Berlin] Normalized endpoint: types
[13-Mar-2025 15:57:50 Europe/Berlin] Initializing RequestController
[13-Mar-2025 15:57:50 Europe/Berlin] Getting request types
[13-Mar-2025 15:57:50 Europe/Berlin] Attempting to connect to database: mysql:host=localhost;dbname=upang_link
[13-Mar-2025 15:57:50 Europe/Berlin] Successfully fetched 7 request types
[13-Mar-2025 15:57:50 Europe/Berlin] Database connection successful
[13-Mar-2025 15:57:50 Europe/Berlin] RequestController initialized successfully
[13-Mar-2025 15:57:50 Europe/Berlin] Handling request: Method=GET, Endpoint=requests/statistics
[13-Mar-2025 15:57:50 Europe/Berlin] Normalized endpoint: statistics
[13-Mar-2025 15:57:50 Europe/Berlin] Getting request statistics
[13-Mar-2025 15:57:51 Europe/Berlin] Attempting to connect to database: mysql:host=localhost;dbname=upang_link
[13-Mar-2025 15:57:51 Europe/Berlin] Database connection successful
[13-Mar-2025 15:57:51 Europe/Berlin] Initializing RequestController
[13-Mar-2025 15:57:51 Europe/Berlin] Attempting to connect to database: mysql:host=localhost;dbname=upang_link
[13-Mar-2025 15:57:51 Europe/Berlin] Database connection successful
[13-Mar-2025 15:57:51 Europe/Berlin] RequestController initialized successfully
[13-Mar-2025 15:57:51 Europe/Berlin] Handling request: Method=GET, Endpoint=requests/types
[13-Mar-2025 15:57:51 Europe/Berlin] Normalized endpoint: types
[13-Mar-2025 15:57:51 Europe/Berlin] Getting request types
[13-Mar-2025 15:57:51 Europe/Berlin] Successfully fetched 7 request types
[13-Mar-2025 15:58:12 Europe/Berlin] Attempting to connect to database: mysql:host=localhost;dbname=upang_link
[13-Mar-2025 15:58:12 Europe/Berlin] Database connection successful
[13-Mar-2025 15:58:12 Europe/Berlin] Initializing RequestController
[13-Mar-2025 15:58:12 Europe/Berlin] Attempting to connect to database: mysql:host=localhost;dbname=upang_link
[13-Mar-2025 15:58:12 Europe/Berlin] Database connection successful
[13-Mar-2025 15:58:12 Europe/Berlin] RequestController initialized successfully
[13-Mar-2025 15:58:12 Europe/Berlin] Handling request: Method=GET, Endpoint=requests/types
[13-Mar-2025 15:58:12 Europe/Berlin] Normalized endpoint: types
[13-Mar-2025 15:58:12 Europe/Berlin] Getting request types
[13-Mar-2025 15:58:12 Europe/Berlin] Successfully fetched 7 request types
[13-Mar-2025 15:59:23 Europe/Berlin] Attempting to connect to database: mysql:host=localhost;dbname=upang_link
[13-Mar-2025 15:59:23 Europe/Berlin] Database connection successful
[13-Mar-2025 15:59:23 Europe/Berlin] Initializing RequestController
[13-Mar-2025 15:59:23 Europe/Berlin] Attempting to connect to database: mysql:host=localhost;dbname=upang_link
[13-Mar-2025 15:59:23 Europe/Berlin] Database connection successful
[13-Mar-2025 15:59:23 Europe/Berlin] RequestController initialized successfully
[13-Mar-2025 15:59:23 Europe/Berlin] Handling request: Method=GET, Endpoint=requests/types
[13-Mar-2025 15:59:23 Europe/Berlin] Normalized endpoint: types
[13-Mar-2025 15:59:23 Europe/Berlin] Getting request types
[13-Mar-2025 15:59:23 Europe/Berlin] Successfully fetched 7 request types
[13-Mar-2025 15:59:54 Europe/Berlin] Attempting to connect to database: mysql:host=localhost;dbname=upang_link
[13-Mar-2025 15:59:54 Europe/Berlin] Database connection successful
[13-Mar-2025 15:59:54 Europe/Berlin] Initializing RequestController
[13-Mar-2025 15:59:54 Europe/Berlin] Attempting to connect to database: mysql:host=localhost;dbname=upang_link
[13-Mar-2025 15:59:54 Europe/Berlin] Database connection successful
[13-Mar-2025 15:59:54 Europe/Berlin] RequestController initialized successfully
[13-Mar-2025 15:59:54 Europe/Berlin] Handling request: Method=GET, Endpoint=requests/types
[13-Mar-2025 15:59:54 Europe/Berlin] Normalized endpoint: types
[13-Mar-2025 15:59:54 Europe/Berlin] Getting request types
[13-Mar-2025 15:59:54 Europe/Berlin] Successfully fetched 7 request types
[13-Mar-2025 16:13:41 Europe/Berlin] Attempting to connect to database: mysql:host=localhost;dbname=upang_link
[13-Mar-2025 16:13:41 Europe/Berlin] Database connection successful
[13-Mar-2025 16:13:41 Europe/Berlin] Validating session for token: f4be17cd3e9d7d9ce314a45303266193a8798d412d1bea93d463d0e63819a02a
[13-Mar-2025 16:13:41 Europe/Berlin] Executing query: SELECT us.*, u.email_verified 
                FROM user_sessions us
                JOIN users u ON us.user_id = u.user_id
                WHERE us.token = ? AND us.is_active = 1 AND us.expires_at > NOW()
[13-Mar-2025 16:13:41 Europe/Berlin] Query executed. Row count: 1
[13-Mar-2025 16:13:41 Europe/Berlin] Session found: {"session_id":1,"user_id":2,"token":"f4be17cd3e9d7d9ce314a45303266193a8798d412d1bea93d463d0e63819a02a","device_info":"okhttp\/4.12.0","ip_address":"192.168.1.9","last_activity":"2025-03-13 08:00:26","expires_at":"2025-03-14 06:33:33","is_active":1,"created_at":"2025-03-12 22:33:33","email_verified":1}
[13-Mar-2025 16:13:41 Europe/Berlin] Updating session activity for token: f4be17cd3e9d7d9ce314a45303266193a8798d412d1bea93d463d0e63819a02a
[13-Mar-2025 16:13:41 Europe/Berlin] Session activity update result: success
[13-Mar-2025 16:13:42 Europe/Berlin] Attempting to connect to database: mysql:host=localhost;dbname=upang_link
[13-Mar-2025 16:13:42 Europe/Berlin] Database connection successful
[13-Mar-2025 16:13:42 Europe/Berlin] Attempting to connect to database: mysql:host=localhost;dbname=upang_link
[13-Mar-2025 16:13:42 Europe/Berlin] Validating session for token: f4be17cd3e9d7d9ce314a45303266193a8798d412d1bea93d463d0e63819a02a
[13-Mar-2025 16:13:42 Europe/Berlin] Executing query: SELECT us.*, u.email_verified 
                FROM user_sessions us
                JOIN users u ON us.user_id = u.user_id
                WHERE us.token = ? AND us.is_active = 1 AND us.expires_at > NOW()
[13-Mar-2025 16:13:42 Europe/Berlin] Query executed. Row count: 1
[13-Mar-2025 16:13:42 Europe/Berlin] Session found: {"session_id":1,"user_id":2,"token":"f4be17cd3e9d7d9ce314a45303266193a8798d412d1bea93d463d0e63819a02a","device_info":"okhttp\/4.12.0","ip_address":"192.168.1.9","last_activity":"2025-03-13 08:13:42","expires_at":"2025-03-14 06:33:33","is_active":1,"created_at":"2025-03-12 22:33:33","email_verified":1}
[13-Mar-2025 16:13:42 Europe/Berlin] Updating session activity for token: f4be17cd3e9d7d9ce314a45303266193a8798d412d1bea93d463d0e63819a02a
[13-Mar-2025 16:13:43 Europe/Berlin] Database connection successful
[13-Mar-2025 16:13:43 Europe/Berlin] Session activity update result: success
[13-Mar-2025 16:13:43 Europe/Berlin] Initializing RequestController
[13-Mar-2025 16:13:43 Europe/Berlin] Attempting to connect to database: mysql:host=localhost;dbname=upang_link
[13-Mar-2025 16:13:43 Europe/Berlin] Database connection successful
[13-Mar-2025 16:13:43 Europe/Berlin] RequestController initialized successfully
[13-Mar-2025 16:13:43 Europe/Berlin] Handling request: Method=GET, Endpoint=requests/statistics
[13-Mar-2025 16:13:43 Europe/Berlin] Initializing RequestController
[13-Mar-2025 16:13:43 Europe/Berlin] Normalized endpoint: statistics
[13-Mar-2025 16:13:43 Europe/Berlin] Attempting to connect to database: mysql:host=localhost;dbname=upang_link
[13-Mar-2025 16:13:43 Europe/Berlin] Getting request statistics
[13-Mar-2025 16:13:43 Europe/Berlin] Database connection successful
[13-Mar-2025 16:13:43 Europe/Berlin] RequestController initialized successfully
[13-Mar-2025 16:13:43 Europe/Berlin] Handling request: Method=GET, Endpoint=requests/types
[13-Mar-2025 16:13:43 Europe/Berlin] Normalized endpoint: types
[13-Mar-2025 16:13:43 Europe/Berlin] Getting request types
[13-Mar-2025 16:13:43 Europe/Berlin] Successfully fetched 7 request types
[13-Mar-2025 16:13:43 Europe/Berlin] Attempting to connect to database: mysql:host=localhost;dbname=upang_link
[13-Mar-2025 16:13:43 Europe/Berlin] Database connection successful
[13-Mar-2025 16:13:43 Europe/Berlin] Initializing RequestController
[13-Mar-2025 16:13:43 Europe/Berlin] Attempting to connect to database: mysql:host=localhost;dbname=upang_link
[13-Mar-2025 16:13:43 Europe/Berlin] Database connection successful
[13-Mar-2025 16:13:43 Europe/Berlin] RequestController initialized successfully
[13-Mar-2025 16:13:43 Europe/Berlin] Handling request: Method=GET, Endpoint=requests/types
[13-Mar-2025 16:13:43 Europe/Berlin] Normalized endpoint: types
[13-Mar-2025 16:13:43 Europe/Berlin] Getting request types
[13-Mar-2025 16:13:43 Europe/Berlin] Successfully fetched 7 request types
[13-Mar-2025 16:13:59 Europe/Berlin] Attempting to connect to database: mysql:host=localhost;dbname=upang_link
[13-Mar-2025 16:13:59 Europe/Berlin] Database connection successful
[13-Mar-2025 16:13:59 Europe/Berlin] Initializing RequestController
[13-Mar-2025 16:13:59 Europe/Berlin] Attempting to connect to database: mysql:host=localhost;dbname=upang_link
[13-Mar-2025 16:13:59 Europe/Berlin] Database connection successful
[13-Mar-2025 16:13:59 Europe/Berlin] RequestController initialized successfully
[13-Mar-2025 16:13:59 Europe/Berlin] Handling request: Method=GET, Endpoint=requests/types
[13-Mar-2025 16:13:59 Europe/Berlin] Normalized endpoint: types
[13-Mar-2025 16:13:59 Europe/Berlin] Getting request types
[13-Mar-2025 16:13:59 Europe/Berlin] Successfully fetched 7 request types
[13-Mar-2025 16:23:30 Europe/Berlin] Attempting to connect to database: mysql:host=localhost;dbname=upang_link
[13-Mar-2025 16:23:30 Europe/Berlin] Database connection successful
[13-Mar-2025 16:23:30 Europe/Berlin] Validating session for token: f4be17cd3e9d7d9ce314a45303266193a8798d412d1bea93d463d0e63819a02a
[13-Mar-2025 16:23:30 Europe/Berlin] Executing query: SELECT us.*, u.email_verified 
                FROM user_sessions us
                JOIN users u ON us.user_id = u.user_id
                WHERE us.token = ? AND us.is_active = 1 AND us.expires_at > NOW()
[13-Mar-2025 16:23:30 Europe/Berlin] Query executed. Row count: 1
[13-Mar-2025 16:23:30 Europe/Berlin] Session found: {"session_id":1,"user_id":2,"token":"f4be17cd3e9d7d9ce314a45303266193a8798d412d1bea93d463d0e63819a02a","device_info":"okhttp\/4.12.0","ip_address":"192.168.1.9","last_activity":"2025-03-13 08:13:58","expires_at":"2025-03-14 06:33:33","is_active":1,"created_at":"2025-03-12 22:33:33","email_verified":1}
[13-Mar-2025 16:23:30 Europe/Berlin] Updating session activity for token: f4be17cd3e9d7d9ce314a45303266193a8798d412d1bea93d463d0e63819a02a
[13-Mar-2025 16:23:30 Europe/Berlin] Session activity update result: success
[13-Mar-2025 16:23:32 Europe/Berlin] Attempting to connect to database: mysql:host=localhost;dbname=upang_link
[13-Mar-2025 16:23:32 Europe/Berlin] Database connection successful
[13-Mar-2025 16:23:32 Europe/Berlin] Attempting to connect to database: mysql:host=localhost;dbname=upang_link
[13-Mar-2025 16:23:32 Europe/Berlin] Database connection successful
[13-Mar-2025 16:23:32 Europe/Berlin] Initializing RequestController
[13-Mar-2025 16:23:32 Europe/Berlin] Attempting to connect to database: mysql:host=localhost;dbname=upang_link
[13-Mar-2025 16:23:32 Europe/Berlin] Database connection successful
[13-Mar-2025 16:23:32 Europe/Berlin] RequestController initialized successfully
[13-Mar-2025 16:23:32 Europe/Berlin] Handling request: Method=GET, Endpoint=requests/types
[13-Mar-2025 16:23:32 Europe/Berlin] Normalized endpoint: types
[13-Mar-2025 16:23:32 Europe/Berlin] Getting request types
[13-Mar-2025 16:23:32 Europe/Berlin] Successfully fetched 7 request types
[13-Mar-2025 16:23:32 Europe/Berlin] Validating session for token: f4be17cd3e9d7d9ce314a45303266193a8798d412d1bea93d463d0e63819a02a
[13-Mar-2025 16:23:32 Europe/Berlin] Executing query: SELECT us.*, u.email_verified 
                FROM user_sessions us
                JOIN users u ON us.user_id = u.user_id
                WHERE us.token = ? AND us.is_active = 1 AND us.expires_at > NOW()
[13-Mar-2025 16:23:32 Europe/Berlin] Query executed. Row count: 1
[13-Mar-2025 16:23:32 Europe/Berlin] Session found: {"session_id":1,"user_id":2,"token":"f4be17cd3e9d7d9ce314a45303266193a8798d412d1bea93d463d0e63819a02a","device_info":"okhttp\/4.12.0","ip_address":"192.168.1.9","last_activity":"2025-03-13 08:23:32","expires_at":"2025-03-14 06:33:33","is_active":1,"created_at":"2025-03-12 22:33:33","email_verified":1}
[13-Mar-2025 16:23:32 Europe/Berlin] Updating session activity for token: f4be17cd3e9d7d9ce314a45303266193a8798d412d1bea93d463d0e63819a02a
[13-Mar-2025 16:23:32 Europe/Berlin] Session activity update result: success
[13-Mar-2025 16:23:32 Europe/Berlin] Initializing RequestController
[13-Mar-2025 16:23:32 Europe/Berlin] Attempting to connect to database: mysql:host=localhost;dbname=upang_link
[13-Mar-2025 16:23:32 Europe/Berlin] Database connection successful
[13-Mar-2025 16:23:32 Europe/Berlin] RequestController initialized successfully
[13-Mar-2025 16:23:32 Europe/Berlin] Handling request: Method=GET, Endpoint=requests/statistics
[13-Mar-2025 16:23:32 Europe/Berlin] Normalized endpoint: statistics
[13-Mar-2025 16:23:32 Europe/Berlin] Getting request statistics
[13-Mar-2025 16:23:33 Europe/Berlin] Attempting to connect to database: mysql:host=localhost;dbname=upang_link
[13-Mar-2025 16:23:33 Europe/Berlin] Database connection successful
[13-Mar-2025 16:23:33 Europe/Berlin] Initializing RequestController
[13-Mar-2025 16:23:33 Europe/Berlin] Attempting to connect to database: mysql:host=localhost;dbname=upang_link
[13-Mar-2025 16:23:33 Europe/Berlin] Database connection successful
[13-Mar-2025 16:23:33 Europe/Berlin] RequestController initialized successfully
[13-Mar-2025 16:23:33 Europe/Berlin] Handling request: Method=GET, Endpoint=requests/types
[13-Mar-2025 16:23:33 Europe/Berlin] Normalized endpoint: types
[13-Mar-2025 16:23:33 Europe/Berlin] Getting request types
[13-Mar-2025 16:23:33 Europe/Berlin] Successfully fetched 7 request types
[13-Mar-2025 16:29:39 Europe/Berlin] Attempting to connect to database: mysql:host=localhost;dbname=upang_link
[13-Mar-2025 16:29:39 Europe/Berlin] Database connection successful
[13-Mar-2025 16:29:39 Europe/Berlin] Validating session for token: f4be17cd3e9d7d9ce314a45303266193a8798d412d1bea93d463d0e63819a02a
[13-Mar-2025 16:29:39 Europe/Berlin] Executing query: SELECT us.*, u.email_verified 
                FROM user_sessions us
                JOIN users u ON us.user_id = u.user_id
                WHERE us.token = ? AND us.is_active = 1 AND us.expires_at > NOW()
[13-Mar-2025 16:29:39 Europe/Berlin] Query executed. Row count: 1
[13-Mar-2025 16:29:39 Europe/Berlin] Session found: {"session_id":1,"user_id":2,"token":"f4be17cd3e9d7d9ce314a45303266193a8798d412d1bea93d463d0e63819a02a","device_info":"okhttp\/4.12.0","ip_address":"192.168.1.9","last_activity":"2025-03-13 08:23:32","expires_at":"2025-03-14 06:33:33","is_active":1,"created_at":"2025-03-12 22:33:33","email_verified":1}
[13-Mar-2025 16:29:39 Europe/Berlin] Updating session activity for token: f4be17cd3e9d7d9ce314a45303266193a8798d412d1bea93d463d0e63819a02a
[13-Mar-2025 16:29:39 Europe/Berlin] Session activity update result: success
[13-Mar-2025 16:29:41 Europe/Berlin] Attempting to connect to database: mysql:host=localhost;dbname=upang_link
[13-Mar-2025 16:29:41 Europe/Berlin] Attempting to connect to database: mysql:host=localhost;dbname=upang_link
[13-Mar-2025 16:29:41 Europe/Berlin] Database connection successful
[13-Mar-2025 16:29:41 Europe/Berlin] Database connection successful
[13-Mar-2025 16:29:41 Europe/Berlin] Validating session for token: f4be17cd3e9d7d9ce314a45303266193a8798d412d1bea93d463d0e63819a02a
[13-Mar-2025 16:29:41 Europe/Berlin] Executing query: SELECT us.*, u.email_verified 
                FROM user_sessions us
                JOIN users u ON us.user_id = u.user_id
                WHERE us.token = ? AND us.is_active = 1 AND us.expires_at > NOW()
[13-Mar-2025 16:29:41 Europe/Berlin] Query executed. Row count: 1
[13-Mar-2025 16:29:41 Europe/Berlin] Session found: {"session_id":1,"user_id":2,"token":"f4be17cd3e9d7d9ce314a45303266193a8798d412d1bea93d463d0e63819a02a","device_info":"okhttp\/4.12.0","ip_address":"192.168.1.9","last_activity":"2025-03-13 08:29:41","expires_at":"2025-03-14 06:33:33","is_active":1,"created_at":"2025-03-12 22:33:33","email_verified":1}
[13-Mar-2025 16:29:41 Europe/Berlin] Updating session activity for token: f4be17cd3e9d7d9ce314a45303266193a8798d412d1bea93d463d0e63819a02a
[13-Mar-2025 16:29:41 Europe/Berlin] Session activity update result: success
[13-Mar-2025 16:29:41 Europe/Berlin] Initializing RequestController
[13-Mar-2025 16:29:41 Europe/Berlin] Attempting to connect to database: mysql:host=localhost;dbname=upang_link
[13-Mar-2025 16:29:41 Europe/Berlin] Database connection successful
[13-Mar-2025 16:29:41 Europe/Berlin] Initializing RequestController
[13-Mar-2025 16:29:41 Europe/Berlin] Attempting to connect to database: mysql:host=localhost;dbname=upang_link
[13-Mar-2025 16:29:41 Europe/Berlin] RequestController initialized successfully
[13-Mar-2025 16:29:41 Europe/Berlin] Handling request: Method=GET, Endpoint=requests/types
[13-Mar-2025 16:29:41 Europe/Berlin] Normalized endpoint: types
[13-Mar-2025 16:29:41 Europe/Berlin] Getting request types
[13-Mar-2025 16:29:41 Europe/Berlin] Database connection successful
[13-Mar-2025 16:29:41 Europe/Berlin] Successfully fetched 7 request types
[13-Mar-2025 16:29:41 Europe/Berlin] RequestController initialized successfully
[13-Mar-2025 16:29:41 Europe/Berlin] Handling request: Method=GET, Endpoint=requests/statistics
[13-Mar-2025 16:29:41 Europe/Berlin] Normalized endpoint: statistics
[13-Mar-2025 16:29:41 Europe/Berlin] Getting request statistics
[13-Mar-2025 16:29:42 Europe/Berlin] Attempting to connect to database: mysql:host=localhost;dbname=upang_link
[13-Mar-2025 16:29:42 Europe/Berlin] Database connection successful
[13-Mar-2025 16:29:42 Europe/Berlin] Initializing RequestController
[13-Mar-2025 16:29:42 Europe/Berlin] Attempting to connect to database: mysql:host=localhost;dbname=upang_link
[13-Mar-2025 16:29:42 Europe/Berlin] Database connection successful
[13-Mar-2025 16:29:42 Europe/Berlin] RequestController initialized successfully
[13-Mar-2025 16:29:42 Europe/Berlin] Handling request: Method=GET, Endpoint=requests/types
[13-Mar-2025 16:29:42 Europe/Berlin] Normalized endpoint: types
[13-Mar-2025 16:29:42 Europe/Berlin] Getting request types
[13-Mar-2025 16:29:42 Europe/Berlin] Successfully fetched 7 request types
[13-Mar-2025 16:39:24 Europe/Berlin] Attempting to connect to database: mysql:host=localhost;dbname=upang_link
[13-Mar-2025 16:39:24 Europe/Berlin] Database connection successful
[13-Mar-2025 16:39:24 Europe/Berlin] Validating session for token: f4be17cd3e9d7d9ce314a45303266193a8798d412d1bea93d463d0e63819a02a
[13-Mar-2025 16:39:24 Europe/Berlin] Executing query: SELECT us.*, u.email_verified 
                FROM user_sessions us
                JOIN users u ON us.user_id = u.user_id
                WHERE us.token = ? AND us.is_active = 1 AND us.expires_at > NOW()
[13-Mar-2025 16:39:24 Europe/Berlin] Query executed. Row count: 1
[13-Mar-2025 16:39:24 Europe/Berlin] Session found: {"session_id":1,"user_id":2,"token":"f4be17cd3e9d7d9ce314a45303266193a8798d412d1bea93d463d0e63819a02a","device_info":"okhttp\/4.12.0","ip_address":"192.168.1.9","last_activity":"2025-03-13 08:29:41","expires_at":"2025-03-14 06:33:33","is_active":1,"created_at":"2025-03-12 22:33:33","email_verified":1}
[13-Mar-2025 16:39:24 Europe/Berlin] Updating session activity for token: f4be17cd3e9d7d9ce314a45303266193a8798d412d1bea93d463d0e63819a02a
[13-Mar-2025 16:39:24 Europe/Berlin] Session activity update result: success
[13-Mar-2025 16:39:25 Europe/Berlin] Attempting to connect to database: mysql:host=localhost;dbname=upang_link
[13-Mar-2025 16:39:25 Europe/Berlin] Database connection successful
[13-Mar-2025 16:39:25 Europe/Berlin] Initializing RequestController
[13-Mar-2025 16:39:25 Europe/Berlin] Attempting to connect to database: mysql:host=localhost;dbname=upang_link
[13-Mar-2025 16:39:25 Europe/Berlin] Database connection successful
[13-Mar-2025 16:39:25 Europe/Berlin] RequestController initialized successfully
[13-Mar-2025 16:39:25 Europe/Berlin] Handling request: Method=GET, Endpoint=requests/types
[13-Mar-2025 16:39:25 Europe/Berlin] Normalized endpoint: types
[13-Mar-2025 16:39:26 Europe/Berlin] Getting request types
[13-Mar-2025 16:39:26 Europe/Berlin] Successfully fetched 7 request types
[13-Mar-2025 16:39:26 Europe/Berlin] Attempting to connect to database: mysql:host=localhost;dbname=upang_link
[13-Mar-2025 16:39:26 Europe/Berlin] Database connection successful
[13-Mar-2025 16:39:26 Europe/Berlin] Validating session for token: f4be17cd3e9d7d9ce314a45303266193a8798d412d1bea93d463d0e63819a02a
[13-Mar-2025 16:39:26 Europe/Berlin] Executing query: SELECT us.*, u.email_verified 
                FROM user_sessions us
                JOIN users u ON us.user_id = u.user_id
                WHERE us.token = ? AND us.is_active = 1 AND us.expires_at > NOW()
[13-Mar-2025 16:39:26 Europe/Berlin] Query executed. Row count: 1
[13-Mar-2025 16:39:26 Europe/Berlin] Session found: {"session_id":1,"user_id":2,"token":"f4be17cd3e9d7d9ce314a45303266193a8798d412d1bea93d463d0e63819a02a","device_info":"okhttp\/4.12.0","ip_address":"192.168.1.9","last_activity":"2025-03-13 08:39:24","expires_at":"2025-03-14 06:33:33","is_active":1,"created_at":"2025-03-12 22:33:33","email_verified":1}
[13-Mar-2025 16:39:26 Europe/Berlin] Updating session activity for token: f4be17cd3e9d7d9ce314a45303266193a8798d412d1bea93d463d0e63819a02a
[13-Mar-2025 16:39:26 Europe/Berlin] Session activity update result: success
[13-Mar-2025 16:39:26 Europe/Berlin] Initializing RequestController
[13-Mar-2025 16:39:26 Europe/Berlin] Attempting to connect to database: mysql:host=localhost;dbname=upang_link
[13-Mar-2025 16:39:26 Europe/Berlin] Database connection successful
[13-Mar-2025 16:39:26 Europe/Berlin] RequestController initialized successfully
[13-Mar-2025 16:39:26 Europe/Berlin] Handling request: Method=GET, Endpoint=requests/statistics
[13-Mar-2025 16:39:26 Europe/Berlin] Normalized endpoint: statistics
[13-Mar-2025 16:39:26 Europe/Berlin] Getting request statistics
[13-Mar-2025 16:39:26 Europe/Berlin] Attempting to connect to database: mysql:host=localhost;dbname=upang_link
[13-Mar-2025 16:39:26 Europe/Berlin] Database connection successful
[13-Mar-2025 16:39:26 Europe/Berlin] Initializing RequestController
[13-Mar-2025 16:39:26 Europe/Berlin] Attempting to connect to database: mysql:host=localhost;dbname=upang_link
[13-Mar-2025 16:39:26 Europe/Berlin] Database connection successful
[13-Mar-2025 16:39:26 Europe/Berlin] RequestController initialized successfully
[13-Mar-2025 16:39:26 Europe/Berlin] Handling request: Method=GET, Endpoint=requests/types
[13-Mar-2025 16:39:26 Europe/Berlin] Normalized endpoint: types
[13-Mar-2025 16:39:26 Europe/Berlin] Getting request types
[13-Mar-2025 16:39:26 Europe/Berlin] Successfully fetched 7 request types
[13-Mar-2025 16:44:43 Europe/Berlin] Attempting to connect to database: mysql:host=localhost;dbname=upang_link
[13-Mar-2025 16:44:43 Europe/Berlin] Database connection successful
[13-Mar-2025 16:44:43 Europe/Berlin] Validating session for token: f4be17cd3e9d7d9ce314a45303266193a8798d412d1bea93d463d0e63819a02a
[13-Mar-2025 16:44:43 Europe/Berlin] Executing query: SELECT us.*, u.email_verified 
                FROM user_sessions us
                JOIN users u ON us.user_id = u.user_id
                WHERE us.token = ? AND us.is_active = 1 AND us.expires_at > NOW()
[13-Mar-2025 16:44:43 Europe/Berlin] Query executed. Row count: 1
[13-Mar-2025 16:44:43 Europe/Berlin] Session found: {"session_id":1,"user_id":2,"token":"f4be17cd3e9d7d9ce314a45303266193a8798d412d1bea93d463d0e63819a02a","device_info":"okhttp\/4.12.0","ip_address":"192.168.1.9","last_activity":"2025-03-13 08:39:26","expires_at":"2025-03-14 06:33:33","is_active":1,"created_at":"2025-03-12 22:33:33","email_verified":1}
[13-Mar-2025 16:44:43 Europe/Berlin] Updating session activity for token: f4be17cd3e9d7d9ce314a45303266193a8798d412d1bea93d463d0e63819a02a
[13-Mar-2025 16:44:43 Europe/Berlin] Session activity update result: success
[13-Mar-2025 16:44:45 Europe/Berlin] Attempting to connect to database: mysql:host=localhost;dbname=upang_link
[13-Mar-2025 16:44:45 Europe/Berlin] Attempting to connect to database: mysql:host=localhost;dbname=upang_link
[13-Mar-2025 16:44:45 Europe/Berlin] Database connection successful
[13-Mar-2025 16:44:45 Europe/Berlin] Database connection successful
[13-Mar-2025 16:44:45 Europe/Berlin] Validating session for token: f4be17cd3e9d7d9ce314a45303266193a8798d412d1bea93d463d0e63819a02a
[13-Mar-2025 16:44:45 Europe/Berlin] Executing query: SELECT us.*, u.email_verified 
                FROM user_sessions us
                JOIN users u ON us.user_id = u.user_id
                WHERE us.token = ? AND us.is_active = 1 AND us.expires_at > NOW()
[13-Mar-2025 16:44:45 Europe/Berlin] Initializing RequestController
[13-Mar-2025 16:44:45 Europe/Berlin] Attempting to connect to database: mysql:host=localhost;dbname=upang_link
[13-Mar-2025 16:44:45 Europe/Berlin] Query executed. Row count: 1
[13-Mar-2025 16:44:45 Europe/Berlin] Session found: {"session_id":1,"user_id":2,"token":"f4be17cd3e9d7d9ce314a45303266193a8798d412d1bea93d463d0e63819a02a","device_info":"okhttp\/4.12.0","ip_address":"192.168.1.9","last_activity":"2025-03-13 08:44:45","expires_at":"2025-03-14 06:33:33","is_active":1,"created_at":"2025-03-12 22:33:33","email_verified":1}
[13-Mar-2025 16:44:45 Europe/Berlin] Updating session activity for token: f4be17cd3e9d7d9ce314a45303266193a8798d412d1bea93d463d0e63819a02a
[13-Mar-2025 16:44:45 Europe/Berlin] Session activity update result: success
[13-Mar-2025 16:44:45 Europe/Berlin] Initializing RequestController
[13-Mar-2025 16:44:45 Europe/Berlin] Attempting to connect to database: mysql:host=localhost;dbname=upang_link
[13-Mar-2025 16:44:45 Europe/Berlin] Database connection successful
[13-Mar-2025 16:44:45 Europe/Berlin] RequestController initialized successfully
[13-Mar-2025 16:44:45 Europe/Berlin] Handling request: Method=GET, Endpoint=requests/statistics
[13-Mar-2025 16:44:45 Europe/Berlin] Normalized endpoint: statistics
[13-Mar-2025 16:44:45 Europe/Berlin] Getting request statistics
[13-Mar-2025 16:44:45 Europe/Berlin] Database connection successful
[13-Mar-2025 16:44:45 Europe/Berlin] RequestController initialized successfully
[13-Mar-2025 16:44:45 Europe/Berlin] Handling request: Method=GET, Endpoint=requests/types
[13-Mar-2025 16:44:45 Europe/Berlin] Normalized endpoint: types
[13-Mar-2025 16:44:45 Europe/Berlin] Getting request types
[13-Mar-2025 16:44:45 Europe/Berlin] Successfully fetched 7 request types
[13-Mar-2025 16:44:46 Europe/Berlin] Attempting to connect to database: mysql:host=localhost;dbname=upang_link
[13-Mar-2025 16:44:46 Europe/Berlin] Database connection successful
[13-Mar-2025 16:44:46 Europe/Berlin] Initializing RequestController
[13-Mar-2025 16:44:46 Europe/Berlin] Attempting to connect to database: mysql:host=localhost;dbname=upang_link
[13-Mar-2025 16:44:46 Europe/Berlin] Database connection successful
[13-Mar-2025 16:44:46 Europe/Berlin] RequestController initialized successfully
[13-Mar-2025 16:44:46 Europe/Berlin] Handling request: Method=GET, Endpoint=requests/types
[13-Mar-2025 16:44:46 Europe/Berlin] Normalized endpoint: types
[13-Mar-2025 16:44:46 Europe/Berlin] Getting request types
[13-Mar-2025 16:44:46 Europe/Berlin] Successfully fetched 7 request types
[13-Mar-2025 16:52:57 Europe/Berlin] Attempting to connect to database: mysql:host=localhost;dbname=upang_link
[13-Mar-2025 16:52:57 Europe/Berlin] Database connection successful
[13-Mar-2025 16:52:57 Europe/Berlin] Validating session for token: f4be17cd3e9d7d9ce314a45303266193a8798d412d1bea93d463d0e63819a02a
[13-Mar-2025 16:52:57 Europe/Berlin] Executing query: SELECT us.*, u.email_verified 
                FROM user_sessions us
                JOIN users u ON us.user_id = u.user_id
                WHERE us.token = ? AND us.is_active = 1 AND us.expires_at > NOW()
[13-Mar-2025 16:52:57 Europe/Berlin] Query executed. Row count: 1
[13-Mar-2025 16:52:57 Europe/Berlin] Session found: {"session_id":1,"user_id":2,"token":"f4be17cd3e9d7d9ce314a45303266193a8798d412d1bea93d463d0e63819a02a","device_info":"okhttp\/4.12.0","ip_address":"192.168.1.9","last_activity":"2025-03-13 08:45:15","expires_at":"2025-03-14 06:33:33","is_active":1,"created_at":"2025-03-12 22:33:33","email_verified":1}
[13-Mar-2025 16:52:57 Europe/Berlin] Updating session activity for token: f4be17cd3e9d7d9ce314a45303266193a8798d412d1bea93d463d0e63819a02a
[13-Mar-2025 16:52:57 Europe/Berlin] Session activity update result: success
[13-Mar-2025 16:52:58 Europe/Berlin] Attempting to connect to database: mysql:host=localhost;dbname=upang_link
[13-Mar-2025 16:52:58 Europe/Berlin] Database connection successful
[13-Mar-2025 16:52:58 Europe/Berlin] Attempting to connect to database: mysql:host=localhost;dbname=upang_link
[13-Mar-2025 16:52:58 Europe/Berlin] Database connection successful
[13-Mar-2025 16:52:58 Europe/Berlin] Initializing RequestController
[13-Mar-2025 16:52:58 Europe/Berlin] Attempting to connect to database: mysql:host=localhost;dbname=upang_link
[13-Mar-2025 16:52:58 Europe/Berlin] Database connection successful
[13-Mar-2025 16:52:58 Europe/Berlin] Validating session for token: f4be17cd3e9d7d9ce314a45303266193a8798d412d1bea93d463d0e63819a02a
[13-Mar-2025 16:52:58 Europe/Berlin] Executing query: SELECT us.*, u.email_verified 
                FROM user_sessions us
                JOIN users u ON us.user_id = u.user_id
                WHERE us.token = ? AND us.is_active = 1 AND us.expires_at > NOW()
[13-Mar-2025 16:52:58 Europe/Berlin] RequestController initialized successfully
[13-Mar-2025 16:52:58 Europe/Berlin] Query executed. Row count: 1
[13-Mar-2025 16:52:58 Europe/Berlin] Handling request: Method=GET, Endpoint=requests/types
[13-Mar-2025 16:52:58 Europe/Berlin] Session found: {"session_id":1,"user_id":2,"token":"f4be17cd3e9d7d9ce314a45303266193a8798d412d1bea93d463d0e63819a02a","device_info":"okhttp\/4.12.0","ip_address":"192.168.1.9","last_activity":"2025-03-13 08:52:58","expires_at":"2025-03-14 06:33:33","is_active":1,"created_at":"2025-03-12 22:33:33","email_verified":1}
[13-Mar-2025 16:52:58 Europe/Berlin] Normalized endpoint: types
[13-Mar-2025 16:52:58 Europe/Berlin] Updating session activity for token: f4be17cd3e9d7d9ce314a45303266193a8798d412d1bea93d463d0e63819a02a
[13-Mar-2025 16:52:58 Europe/Berlin] Getting request types
[13-Mar-2025 16:52:58 Europe/Berlin] Session activity update result: success
[13-Mar-2025 16:52:58 Europe/Berlin] Successfully fetched 7 request types
[13-Mar-2025 16:52:58 Europe/Berlin] Initializing RequestController
[13-Mar-2025 16:52:58 Europe/Berlin] Attempting to connect to database: mysql:host=localhost;dbname=upang_link
[13-Mar-2025 16:52:58 Europe/Berlin] Database connection successful
[13-Mar-2025 16:52:58 Europe/Berlin] RequestController initialized successfully
[13-Mar-2025 16:52:58 Europe/Berlin] Handling request: Method=GET, Endpoint=requests/statistics
[13-Mar-2025 16:52:58 Europe/Berlin] Normalized endpoint: statistics
[13-Mar-2025 16:52:58 Europe/Berlin] Getting request statistics
[13-Mar-2025 16:57:15 Europe/Berlin] Attempting to connect to database: mysql:host=localhost;dbname=upang_link
[13-Mar-2025 16:57:15 Europe/Berlin] Database connection successful
[13-Mar-2025 16:57:15 Europe/Berlin] Validating session for token: f4be17cd3e9d7d9ce314a45303266193a8798d412d1bea93d463d0e63819a02a
[13-Mar-2025 16:57:15 Europe/Berlin] Executing query: SELECT us.*, u.email_verified 
                FROM user_sessions us
                JOIN users u ON us.user_id = u.user_id
                WHERE us.token = ? AND us.is_active = 1 AND us.expires_at > NOW()
[13-Mar-2025 16:57:15 Europe/Berlin] Query executed. Row count: 1
[13-Mar-2025 16:57:15 Europe/Berlin] Session found: {"session_id":1,"user_id":2,"token":"f4be17cd3e9d7d9ce314a45303266193a8798d412d1bea93d463d0e63819a02a","device_info":"okhttp\/4.12.0","ip_address":"192.168.1.9","last_activity":"2025-03-13 08:52:59","expires_at":"2025-03-14 06:33:33","is_active":1,"created_at":"2025-03-12 22:33:33","email_verified":1}
[13-Mar-2025 16:57:15 Europe/Berlin] Updating session activity for token: f4be17cd3e9d7d9ce314a45303266193a8798d412d1bea93d463d0e63819a02a
[13-Mar-2025 16:57:15 Europe/Berlin] Session activity update result: success
[13-Mar-2025 16:57:17 Europe/Berlin] Attempting to connect to database: mysql:host=localhost;dbname=upang_link
[13-Mar-2025 16:57:17 Europe/Berlin] Database connection successful
[13-Mar-2025 16:57:17 Europe/Berlin] Attempting to connect to database: mysql:host=localhost;dbname=upang_link
[13-Mar-2025 16:57:17 Europe/Berlin] Initializing RequestController
[13-Mar-2025 16:57:17 Europe/Berlin] Attempting to connect to database: mysql:host=localhost;dbname=upang_link
[13-Mar-2025 16:57:17 Europe/Berlin] Database connection successful
[13-Mar-2025 16:57:17 Europe/Berlin] Database connection successful
[13-Mar-2025 16:57:17 Europe/Berlin] RequestController initialized successfully
[13-Mar-2025 16:57:17 Europe/Berlin] Handling request: Method=GET, Endpoint=requests/types
[13-Mar-2025 16:57:17 Europe/Berlin] Normalized endpoint: types
[13-Mar-2025 16:57:17 Europe/Berlin] Getting request types
[13-Mar-2025 16:57:17 Europe/Berlin] Validating session for token: f4be17cd3e9d7d9ce314a45303266193a8798d412d1bea93d463d0e63819a02a
[13-Mar-2025 16:57:17 Europe/Berlin] Successfully fetched 7 request types
[13-Mar-2025 16:57:17 Europe/Berlin] Executing query: SELECT us.*, u.email_verified 
                FROM user_sessions us
                JOIN users u ON us.user_id = u.user_id
                WHERE us.token = ? AND us.is_active = 1 AND us.expires_at > NOW()
[13-Mar-2025 16:57:17 Europe/Berlin] Query executed. Row count: 1
[13-Mar-2025 16:57:17 Europe/Berlin] Session found: {"session_id":1,"user_id":2,"token":"f4be17cd3e9d7d9ce314a45303266193a8798d412d1bea93d463d0e63819a02a","device_info":"okhttp\/4.12.0","ip_address":"192.168.1.9","last_activity":"2025-03-13 08:57:17","expires_at":"2025-03-14 06:33:33","is_active":1,"created_at":"2025-03-12 22:33:33","email_verified":1}
[13-Mar-2025 16:57:17 Europe/Berlin] Updating session activity for token: f4be17cd3e9d7d9ce314a45303266193a8798d412d1bea93d463d0e63819a02a
[13-Mar-2025 16:57:17 Europe/Berlin] Session activity update result: success
[13-Mar-2025 16:57:17 Europe/Berlin] Initializing RequestController
[13-Mar-2025 16:57:17 Europe/Berlin] Attempting to connect to database: mysql:host=localhost;dbname=upang_link
[13-Mar-2025 16:57:17 Europe/Berlin] Database connection successful
[13-Mar-2025 16:57:17 Europe/Berlin] RequestController initialized successfully
[13-Mar-2025 16:57:17 Europe/Berlin] Handling request: Method=GET, Endpoint=requests/statistics
[13-Mar-2025 16:57:17 Europe/Berlin] Normalized endpoint: statistics
[13-Mar-2025 16:57:17 Europe/Berlin] Getting request statistics
[13-Mar-2025 16:57:51 Europe/Berlin] Attempting to connect to database: mysql:host=localhost;dbname=upang_link
[13-Mar-2025 16:57:51 Europe/Berlin] Database connection successful
[13-Mar-2025 16:57:51 Europe/Berlin] Validating session for token: f4be17cd3e9d7d9ce314a45303266193a8798d412d1bea93d463d0e63819a02a
[13-Mar-2025 16:57:51 Europe/Berlin] Executing query: SELECT us.*, u.email_verified 
                FROM user_sessions us
                JOIN users u ON us.user_id = u.user_id
                WHERE us.token = ? AND us.is_active = 1 AND us.expires_at > NOW()
[13-Mar-2025 16:57:51 Europe/Berlin] Query executed. Row count: 1
[13-Mar-2025 16:57:51 Europe/Berlin] Session found: {"session_id":1,"user_id":2,"token":"f4be17cd3e9d7d9ce314a45303266193a8798d412d1bea93d463d0e63819a02a","device_info":"okhttp\/4.12.0","ip_address":"192.168.1.9","last_activity":"2025-03-13 08:57:41","expires_at":"2025-03-14 06:33:33","is_active":1,"created_at":"2025-03-12 22:33:33","email_verified":1}
[13-Mar-2025 16:57:51 Europe/Berlin] Updating session activity for token: f4be17cd3e9d7d9ce314a45303266193a8798d412d1bea93d463d0e63819a02a
[13-Mar-2025 16:57:51 Europe/Berlin] Session activity update result: success
[13-Mar-2025 16:57:52 Europe/Berlin] Initializing RequestController
[13-Mar-2025 16:57:52 Europe/Berlin] Attempting to connect to database: mysql:host=localhost;dbname=upang_link
[13-Mar-2025 16:57:52 Europe/Berlin] Attempting to connect to database: mysql:host=localhost;dbname=upang_link
[13-Mar-2025 16:57:52 Europe/Berlin] Database connection successful
[13-Mar-2025 16:57:52 Europe/Berlin] RequestController initialized successfully
[13-Mar-2025 16:57:52 Europe/Berlin] Handling request: Method=GET, Endpoint=requests/REQ-2025-003
[13-Mar-2025 16:57:52 Europe/Berlin] Normalized endpoint: REQ-2025-003
[13-Mar-2025 16:57:52 Europe/Berlin] Getting all requests
[13-Mar-2025 16:57:52 Europe/Berlin] Database connection successful
[13-Mar-2025 16:57:52 Europe/Berlin] Validating session for token: f4be17cd3e9d7d9ce314a45303266193a8798d412d1bea93d463d0e63819a02a
[13-Mar-2025 16:57:52 Europe/Berlin] Executing query: SELECT us.*, u.email_verified 
                FROM user_sessions us
                JOIN users u ON us.user_id = u.user_id
                WHERE us.token = ? AND us.is_active = 1 AND us.expires_at > NOW()
[13-Mar-2025 16:57:52 Europe/Berlin] Query executed. Row count: 1
[13-Mar-2025 16:57:52 Europe/Berlin] Session found: {"session_id":1,"user_id":2,"token":"f4be17cd3e9d7d9ce314a45303266193a8798d412d1bea93d463d0e63819a02a","device_info":"okhttp\/4.12.0","ip_address":"192.168.1.9","last_activity":"2025-03-13 08:57:51","expires_at":"2025-03-14 06:33:33","is_active":1,"created_at":"2025-03-12 22:33:33","email_verified":1}
[13-Mar-2025 16:57:52 Europe/Berlin] Updating session activity for token: f4be17cd3e9d7d9ce314a45303266193a8798d412d1bea93d463d0e63819a02a
[13-Mar-2025 16:57:52 Europe/Berlin] Session activity update result: success
[13-Mar-2025 16:57:52 Europe/Berlin] Initializing RequestController
[13-Mar-2025 16:57:52 Europe/Berlin] Attempting to connect to database: mysql:host=localhost;dbname=upang_link
[13-Mar-2025 16:57:52 Europe/Berlin] Database connection successful
[13-Mar-2025 16:57:52 Europe/Berlin] RequestController initialized successfully
[13-Mar-2025 16:57:52 Europe/Berlin] Handling request: Method=GET, Endpoint=requests/REQ-2025-003
[13-Mar-2025 16:57:52 Europe/Berlin] Normalized endpoint: REQ-2025-003
[13-Mar-2025 16:57:52 Europe/Berlin] Getting all requests
[13-Mar-2025 16:58:12 Europe/Berlin] Attempting to connect to database: mysql:host=localhost;dbname=upang_link
[13-Mar-2025 16:58:12 Europe/Berlin] Database connection successful
[13-Mar-2025 16:58:12 Europe/Berlin] Validating session for token: f4be17cd3e9d7d9ce314a45303266193a8798d412d1bea93d463d0e63819a02a
[13-Mar-2025 16:58:12 Europe/Berlin] Executing query: SELECT us.*, u.email_verified 
                FROM user_sessions us
                JOIN users u ON us.user_id = u.user_id
                WHERE us.token = ? AND us.is_active = 1 AND us.expires_at > NOW()
[13-Mar-2025 16:58:12 Europe/Berlin] Query executed. Row count: 1
[13-Mar-2025 16:58:12 Europe/Berlin] Session found: {"session_id":1,"user_id":2,"token":"f4be17cd3e9d7d9ce314a45303266193a8798d412d1bea93d463d0e63819a02a","device_info":"okhttp\/4.12.0","ip_address":"192.168.1.9","last_activity":"2025-03-13 08:57:53","expires_at":"2025-03-14 06:33:33","is_active":1,"created_at":"2025-03-12 22:33:33","email_verified":1}
[13-Mar-2025 16:58:12 Europe/Berlin] Updating session activity for token: f4be17cd3e9d7d9ce314a45303266193a8798d412d1bea93d463d0e63819a02a
[13-Mar-2025 16:58:12 Europe/Berlin] Session activity update result: success
[13-Mar-2025 16:58:12 Europe/Berlin] Initializing RequestController
[13-Mar-2025 16:58:12 Europe/Berlin] Attempting to connect to database: mysql:host=localhost;dbname=upang_link
[13-Mar-2025 16:58:12 Europe/Berlin] Database connection successful
[13-Mar-2025 16:58:12 Europe/Berlin] RequestController initialized successfully
[13-Mar-2025 16:58:12 Europe/Berlin] Handling request: Method=POST, Endpoint=requests/REQ-2025-008/cancel
[13-Mar-2025 16:58:12 Europe/Berlin] Normalized endpoint: cancel
[13-Mar-2025 16:58:12 Europe/Berlin] Creating new request
[13-Mar-2025 17:03:45 Europe/Berlin] Attempting to connect to database: mysql:host=localhost;dbname=upang_link
[13-Mar-2025 17:03:45 Europe/Berlin] Database connection successful
[13-Mar-2025 17:03:45 Europe/Berlin] Validating session for token: f4be17cd3e9d7d9ce314a45303266193a8798d412d1bea93d463d0e63819a02a
[13-Mar-2025 17:03:45 Europe/Berlin] Executing query: SELECT us.*, u.email_verified 
                FROM user_sessions us
                JOIN users u ON us.user_id = u.user_id
                WHERE us.token = ? AND us.is_active = 1 AND us.expires_at > NOW()
[13-Mar-2025 17:03:45 Europe/Berlin] Query executed. Row count: 1
[13-Mar-2025 17:03:45 Europe/Berlin] Session found: {"session_id":1,"user_id":2,"token":"f4be17cd3e9d7d9ce314a45303266193a8798d412d1bea93d463d0e63819a02a","device_info":"okhttp\/4.12.0","ip_address":"192.168.1.9","last_activity":"2025-03-13 08:58:12","expires_at":"2025-03-14 06:33:33","is_active":1,"created_at":"2025-03-12 22:33:33","email_verified":1}
[13-Mar-2025 17:03:45 Europe/Berlin] Updating session activity for token: f4be17cd3e9d7d9ce314a45303266193a8798d412d1bea93d463d0e63819a02a
[13-Mar-2025 17:03:45 Europe/Berlin] Session activity update result: success
[13-Mar-2025 17:03:47 Europe/Berlin] Attempting to connect to database: mysql:host=localhost;dbname=upang_link
[13-Mar-2025 17:03:47 Europe/Berlin] Attempting to connect to database: mysql:host=localhost;dbname=upang_link
[13-Mar-2025 17:03:47 Europe/Berlin] Database connection successful
[13-Mar-2025 17:03:47 Europe/Berlin] Database connection successful
[13-Mar-2025 17:03:47 Europe/Berlin] Validating session for token: f4be17cd3e9d7d9ce314a45303266193a8798d412d1bea93d463d0e63819a02a
[13-Mar-2025 17:03:47 Europe/Berlin] Executing query: SELECT us.*, u.email_verified 
                FROM user_sessions us
                JOIN users u ON us.user_id = u.user_id
                WHERE us.token = ? AND us.is_active = 1 AND us.expires_at > NOW()
[13-Mar-2025 17:03:47 Europe/Berlin] Query executed. Row count: 1
[13-Mar-2025 17:03:47 Europe/Berlin] Session found: {"session_id":1,"user_id":2,"token":"f4be17cd3e9d7d9ce314a45303266193a8798d412d1bea93d463d0e63819a02a","device_info":"okhttp\/4.12.0","ip_address":"192.168.1.9","last_activity":"2025-03-13 09:03:47","expires_at":"2025-03-14 06:33:33","is_active":1,"created_at":"2025-03-12 22:33:33","email_verified":1}
[13-Mar-2025 17:03:47 Europe/Berlin] Updating session activity for token: f4be17cd3e9d7d9ce314a45303266193a8798d412d1bea93d463d0e63819a02a
[13-Mar-2025 17:03:47 Europe/Berlin] Session activity update result: success
[13-Mar-2025 17:03:47 Europe/Berlin] Initializing RequestController
[13-Mar-2025 17:03:47 Europe/Berlin] Initializing RequestController
[13-Mar-2025 17:03:47 Europe/Berlin] Attempting to connect to database: mysql:host=localhost;dbname=upang_link
[13-Mar-2025 17:03:47 Europe/Berlin] Attempting to connect to database: mysql:host=localhost;dbname=upang_link
[13-Mar-2025 17:03:47 Europe/Berlin] Database connection successful
[13-Mar-2025 17:03:47 Europe/Berlin] Database connection successful
[13-Mar-2025 17:03:47 Europe/Berlin] RequestController initialized successfully
[13-Mar-2025 17:03:47 Europe/Berlin] RequestController initialized successfully
[13-Mar-2025 17:03:47 Europe/Berlin] Handling request: Method=GET, Endpoint=requests/statistics
[13-Mar-2025 17:03:47 Europe/Berlin] Handling request: Method=GET, Endpoint=requests/types
[13-Mar-2025 17:03:47 Europe/Berlin] Normalized endpoint: statistics
[13-Mar-2025 17:03:47 Europe/Berlin] Normalized endpoint: types
[13-Mar-2025 17:03:47 Europe/Berlin] Getting request statistics
[13-Mar-2025 17:03:47 Europe/Berlin] Getting request types
[13-Mar-2025 17:03:47 Europe/Berlin] Successfully fetched 7 request types
[13-Mar-2025 17:03:54 Europe/Berlin] Attempting to connect to database: mysql:host=localhost;dbname=upang_link
[13-Mar-2025 17:03:54 Europe/Berlin] Database connection successful
[13-Mar-2025 17:03:54 Europe/Berlin] Validating session for token: f4be17cd3e9d7d9ce314a45303266193a8798d412d1bea93d463d0e63819a02a
[13-Mar-2025 17:03:54 Europe/Berlin] Executing query: SELECT us.*, u.email_verified 
                FROM user_sessions us
                JOIN users u ON us.user_id = u.user_id
                WHERE us.token = ? AND us.is_active = 1 AND us.expires_at > NOW()
[13-Mar-2025 17:03:54 Europe/Berlin] Query executed. Row count: 1
[13-Mar-2025 17:03:54 Europe/Berlin] Session found: {"session_id":1,"user_id":2,"token":"f4be17cd3e9d7d9ce314a45303266193a8798d412d1bea93d463d0e63819a02a","device_info":"okhttp\/4.12.0","ip_address":"192.168.1.9","last_activity":"2025-03-13 09:03:47","expires_at":"2025-03-14 06:33:33","is_active":1,"created_at":"2025-03-12 22:33:33","email_verified":1}
[13-Mar-2025 17:03:54 Europe/Berlin] Updating session activity for token: f4be17cd3e9d7d9ce314a45303266193a8798d412d1bea93d463d0e63819a02a
[13-Mar-2025 17:03:55 Europe/Berlin] Session activity update result: success
[13-Mar-2025 17:03:55 Europe/Berlin] Initializing RequestController
[13-Mar-2025 17:03:55 Europe/Berlin] Attempting to connect to database: mysql:host=localhost;dbname=upang_link
[13-Mar-2025 17:03:55 Europe/Berlin] Database connection successful
[13-Mar-2025 17:03:55 Europe/Berlin] RequestController initialized successfully
[13-Mar-2025 17:03:55 Europe/Berlin] Handling request: Method=POST, Endpoint=requests/REQ-2025-008/cancel.php
[13-Mar-2025 17:03:55 Europe/Berlin] Normalized endpoint: cancel.php
[13-Mar-2025 17:03:55 Europe/Berlin] Creating new request
[13-Mar-2025 17:17:39 Europe/Berlin] Attempting to connect to database: mysql:host=localhost;dbname=upang_link
[13-Mar-2025 17:17:39 Europe/Berlin] Database connection successful
[13-Mar-2025 17:17:39 Europe/Berlin] Validating session for token: f4be17cd3e9d7d9ce314a45303266193a8798d412d1bea93d463d0e63819a02a
[13-Mar-2025 17:17:39 Europe/Berlin] Executing query: SELECT us.*, u.email_verified 
                FROM user_sessions us
                JOIN users u ON us.user_id = u.user_id
                WHERE us.token = ? AND us.is_active = 1 AND us.expires_at > NOW()
[13-Mar-2025 17:17:39 Europe/Berlin] Query executed. Row count: 1
[13-Mar-2025 17:17:39 Europe/Berlin] Session found: {"session_id":1,"user_id":2,"token":"f4be17cd3e9d7d9ce314a45303266193a8798d412d1bea93d463d0e63819a02a","device_info":"okhttp\/4.12.0","ip_address":"192.168.1.9","last_activity":"2025-03-13 09:03:54","expires_at":"2025-03-14 06:33:33","is_active":1,"created_at":"2025-03-12 22:33:33","email_verified":1}
[13-Mar-2025 17:17:39 Europe/Berlin] Updating session activity for token: f4be17cd3e9d7d9ce314a45303266193a8798d412d1bea93d463d0e63819a02a
[13-Mar-2025 17:17:39 Europe/Berlin] Session activity update result: success
[13-Mar-2025 17:24:05 Europe/Berlin] Attempting to connect to database: mysql:host=localhost;dbname=upang_link
[13-Mar-2025 17:24:05 Europe/Berlin] Database connection successful
[13-Mar-2025 17:24:05 Europe/Berlin] Attempting to connect to database: mysql:host=localhost;dbname=upang_link
[13-Mar-2025 17:24:05 Europe/Berlin] Database connection successful
[13-Mar-2025 17:24:05 Europe/Berlin] Validating session for token: f4be17cd3e9d7d9ce314a45303266193a8798d412d1bea93d463d0e63819a02a
[13-Mar-2025 17:24:05 Europe/Berlin] Executing query: SELECT us.*, u.email_verified 
                FROM user_sessions us
                JOIN users u ON us.user_id = u.user_id
                WHERE us.token = ? AND us.is_active = 1 AND us.expires_at > NOW()
[13-Mar-2025 17:24:05 Europe/Berlin] Initializing RequestController
[13-Mar-2025 17:24:05 Europe/Berlin] Attempting to connect to database: mysql:host=localhost;dbname=upang_link
[13-Mar-2025 17:24:05 Europe/Berlin] Query executed. Row count: 1
[13-Mar-2025 17:24:05 Europe/Berlin] Session found: {"session_id":1,"user_id":2,"token":"f4be17cd3e9d7d9ce314a45303266193a8798d412d1bea93d463d0e63819a02a","device_info":"okhttp\/4.12.0","ip_address":"192.168.1.9","last_activity":"2025-03-13 09:24:05","expires_at":"2025-03-14 06:33:33","is_active":1,"created_at":"2025-03-12 22:33:33","email_verified":1}
[13-Mar-2025 17:24:05 Europe/Berlin] Updating session activity for token: f4be17cd3e9d7d9ce314a45303266193a8798d412d1bea93d463d0e63819a02a
[13-Mar-2025 17:24:05 Europe/Berlin] Database connection successful
[13-Mar-2025 17:24:05 Europe/Berlin] Session activity update result: success
[13-Mar-2025 17:24:05 Europe/Berlin] RequestController initialized successfully
[13-Mar-2025 17:24:05 Europe/Berlin] Handling request: Method=GET, Endpoint=requests/types
[13-Mar-2025 17:24:05 Europe/Berlin] Normalized endpoint: types
[13-Mar-2025 17:24:05 Europe/Berlin] Getting request types
[13-Mar-2025 17:24:05 Europe/Berlin] Initializing RequestController
[13-Mar-2025 17:24:05 Europe/Berlin] Attempting to connect to database: mysql:host=localhost;dbname=upang_link
[13-Mar-2025 17:24:05 Europe/Berlin] Database connection successful
[13-Mar-2025 17:24:05 Europe/Berlin] Successfully fetched 7 request types
[13-Mar-2025 17:24:05 Europe/Berlin] RequestController initialized successfully
[13-Mar-2025 17:24:05 Europe/Berlin] Handling request: Method=GET, Endpoint=requests/statistics
[13-Mar-2025 17:24:05 Europe/Berlin] Normalized endpoint: statistics
[13-Mar-2025 17:24:05 Europe/Berlin] Getting request statistics
[13-Mar-2025 17:24:07 Europe/Berlin] Attempting to connect to database: mysql:host=localhost;dbname=upang_link
[13-Mar-2025 17:24:07 Europe/Berlin] Database connection successful
[13-Mar-2025 17:24:07 Europe/Berlin] Error: Endpoint not found
Stack trace: #0 {main}
[13-Mar-2025 17:24:18 Europe/Berlin] Attempting to connect to database: mysql:host=localhost;dbname=upang_link
[13-Mar-2025 17:24:18 Europe/Berlin] Database connection successful
[13-Mar-2025 17:24:18 Europe/Berlin] Error: Endpoint not found
Stack trace: #0 {main}
[13-Mar-2025 17:32:56 Europe/Berlin] Attempting to connect to database: mysql:host=localhost;dbname=upang_link
[13-Mar-2025 17:32:56 Europe/Berlin] Database connection successful
[13-Mar-2025 17:32:56 Europe/Berlin] Validating session for token: f4be17cd3e9d7d9ce314a45303266193a8798d412d1bea93d463d0e63819a02a
[13-Mar-2025 17:32:56 Europe/Berlin] Executing query: SELECT us.*, u.email_verified 
                FROM user_sessions us
                JOIN users u ON us.user_id = u.user_id
                WHERE us.token = ? AND us.is_active = 1 AND us.expires_at > NOW()
[13-Mar-2025 17:32:56 Europe/Berlin] Query executed. Row count: 1
[13-Mar-2025 17:32:56 Europe/Berlin] Session found: {"session_id":1,"user_id":2,"token":"f4be17cd3e9d7d9ce314a45303266193a8798d412d1bea93d463d0e63819a02a","device_info":"okhttp\/4.12.0","ip_address":"192.168.1.9","last_activity":"2025-03-13 09:24:05","expires_at":"2025-03-14 06:33:33","is_active":1,"created_at":"2025-03-12 22:33:33","email_verified":1}
[13-Mar-2025 17:32:56 Europe/Berlin] Updating session activity for token: f4be17cd3e9d7d9ce314a45303266193a8798d412d1bea93d463d0e63819a02a
[13-Mar-2025 17:32:56 Europe/Berlin] Session activity update result: success
[13-Mar-2025 17:32:58 Europe/Berlin] Attempting to connect to database: mysql:host=localhost;dbname=upang_link
[13-Mar-2025 17:32:58 Europe/Berlin] Attempting to connect to database: mysql:host=localhost;dbname=upang_link
[13-Mar-2025 17:32:58 Europe/Berlin] Database connection successful
[13-Mar-2025 17:32:58 Europe/Berlin] Database connection successful
[13-Mar-2025 17:32:58 Europe/Berlin] Validating session for token: f4be17cd3e9d7d9ce314a45303266193a8798d412d1bea93d463d0e63819a02a
[13-Mar-2025 17:32:58 Europe/Berlin] Executing query: SELECT us.*, u.email_verified 
                FROM user_sessions us
                JOIN users u ON us.user_id = u.user_id
                WHERE us.token = ? AND us.is_active = 1 AND us.expires_at > NOW()
[13-Mar-2025 17:32:58 Europe/Berlin] Query executed. Row count: 1
[13-Mar-2025 17:32:58 Europe/Berlin] Session found: {"session_id":1,"user_id":2,"token":"f4be17cd3e9d7d9ce314a45303266193a8798d412d1bea93d463d0e63819a02a","device_info":"okhttp\/4.12.0","ip_address":"192.168.1.9","last_activity":"2025-03-13 09:32:58","expires_at":"2025-03-14 06:33:33","is_active":1,"created_at":"2025-03-12 22:33:33","email_verified":1}
[13-Mar-2025 17:32:58 Europe/Berlin] Updating session activity for token: f4be17cd3e9d7d9ce314a45303266193a8798d412d1bea93d463d0e63819a02a
[13-Mar-2025 17:32:58 Europe/Berlin] Session activity update result: success
[13-Mar-2025 17:32:58 Europe/Berlin] Initializing RequestController
[13-Mar-2025 17:32:58 Europe/Berlin] Attempting to connect to database: mysql:host=localhost;dbname=upang_link
[13-Mar-2025 17:32:58 Europe/Berlin] Database connection successful
[13-Mar-2025 17:32:58 Europe/Berlin] RequestController initialized successfully
[13-Mar-2025 17:32:58 Europe/Berlin] Handling request: Method=GET, Endpoint=requests/types
[13-Mar-2025 17:32:58 Europe/Berlin] Normalized endpoint: types
[13-Mar-2025 17:32:58 Europe/Berlin] Getting request types
[13-Mar-2025 17:32:58 Europe/Berlin] Initializing RequestController
[13-Mar-2025 17:32:58 Europe/Berlin] Attempting to connect to database: mysql:host=localhost;dbname=upang_link
[13-Mar-2025 17:32:58 Europe/Berlin] Successfully fetched 7 request types
[13-Mar-2025 17:32:58 Europe/Berlin] Database connection successful
[13-Mar-2025 17:32:58 Europe/Berlin] RequestController initialized successfully
[13-Mar-2025 17:32:58 Europe/Berlin] Handling request: Method=GET, Endpoint=requests/statistics
[13-Mar-2025 17:32:58 Europe/Berlin] Normalized endpoint: statistics
[13-Mar-2025 17:32:58 Europe/Berlin] Getting request statistics
[13-Mar-2025 17:33:00 Europe/Berlin] Attempting to connect to database: mysql:host=localhost;dbname=upang_link
[13-Mar-2025 17:33:00 Europe/Berlin] Database connection successful
[13-Mar-2025 17:33:00 Europe/Berlin] Error: Endpoint not found
Stack trace: #0 {main}
[13-Mar-2025 17:41:55 Europe/Berlin] Attempting to connect to database: mysql:host=localhost;dbname=upang_link
[13-Mar-2025 17:41:55 Europe/Berlin] Database connection successful
[13-Mar-2025 17:41:57 Europe/Berlin] Attempting to connect to database: mysql:host=localhost;dbname=upang_link
[13-Mar-2025 17:41:57 Europe/Berlin] Database connection successful
[13-Mar-2025 17:41:57 Europe/Berlin] Attempting to connect to database: mysql:host=localhost;dbname=upang_link
[13-Mar-2025 17:41:57 Europe/Berlin] Database connection successful
[13-Mar-2025 17:41:57 Europe/Berlin] Initializing RequestController
[13-Mar-2025 17:41:57 Europe/Berlin] Attempting to connect to database: mysql:host=localhost;dbname=upang_link
[13-Mar-2025 17:41:57 Europe/Berlin] Database connection successful
[13-Mar-2025 17:41:57 Europe/Berlin] RequestController initialized successfully
[13-Mar-2025 17:41:57 Europe/Berlin] Handling request: Method=GET, Endpoint=requests/types
[13-Mar-2025 17:41:57 Europe/Berlin] Normalized endpoint: types
[13-Mar-2025 17:41:57 Europe/Berlin] Getting request types
[13-Mar-2025 17:41:57 Europe/Berlin] Successfully fetched 7 request types
[13-Mar-2025 17:41:57 Europe/Berlin] Validating session for token: 2dd9ce824480a8f0d99f833e318417d976272fa27b16e9ae57d8b9a46c1edf4b
[13-Mar-2025 17:41:57 Europe/Berlin] Executing query: SELECT us.*, u.email_verified 
                FROM user_sessions us
                JOIN users u ON us.user_id = u.user_id
                WHERE us.token = ? AND us.is_active = 1 AND us.expires_at > NOW()
[13-Mar-2025 17:41:57 Europe/Berlin] Query executed. Row count: 1
[13-Mar-2025 17:41:57 Europe/Berlin] Session found: {"session_id":2,"user_id":2,"token":"2dd9ce824480a8f0d99f833e318417d976272fa27b16e9ae57d8b9a46c1edf4b","device_info":"okhttp\/4.12.0","ip_address":"192.168.1.9","last_activity":"2025-03-13 09:41:57","expires_at":"2025-03-14 17:41:55","is_active":1,"created_at":"2025-03-13 09:41:55","email_verified":1}
[13-Mar-2025 17:41:57 Europe/Berlin] Updating session activity for token: 2dd9ce824480a8f0d99f833e318417d976272fa27b16e9ae57d8b9a46c1edf4b
[13-Mar-2025 17:41:57 Europe/Berlin] Session activity update result: success
[13-Mar-2025 17:41:57 Europe/Berlin] Initializing RequestController
[13-Mar-2025 17:41:57 Europe/Berlin] Attempting to connect to database: mysql:host=localhost;dbname=upang_link
[13-Mar-2025 17:41:57 Europe/Berlin] Database connection successful
[13-Mar-2025 17:41:57 Europe/Berlin] RequestController initialized successfully
[13-Mar-2025 17:41:57 Europe/Berlin] Handling request: Method=GET, Endpoint=requests/statistics
[13-Mar-2025 17:41:57 Europe/Berlin] Normalized endpoint: statistics
[13-Mar-2025 17:41:57 Europe/Berlin] Getting request statistics
[13-Mar-2025 17:42:12 Europe/Berlin] Attempting to connect to database: mysql:host=localhost;dbname=upang_link
[13-Mar-2025 17:42:12 Europe/Berlin] Database connection successful
[13-Mar-2025 17:42:12 Europe/Berlin] Initializing RequestController
[13-Mar-2025 17:42:12 Europe/Berlin] Attempting to connect to database: mysql:host=localhost;dbname=upang_link
[13-Mar-2025 17:42:12 Europe/Berlin] Database connection successful
[13-Mar-2025 17:42:12 Europe/Berlin] RequestController initialized successfully
[13-Mar-2025 17:42:12 Europe/Berlin] Handling request: Method=GET, Endpoint=requests/types
[13-Mar-2025 17:42:12 Europe/Berlin] Normalized endpoint: types
[13-Mar-2025 17:42:12 Europe/Berlin] Getting request types
[13-Mar-2025 17:42:12 Europe/Berlin] Successfully fetched 7 request types
[13-Mar-2025 17:42:26 Europe/Berlin] Attempting to connect to database: mysql:host=localhost;dbname=upang_link
[13-Mar-2025 17:42:26 Europe/Berlin] Database connection successful
[13-Mar-2025 17:42:26 Europe/Berlin] Validating session for token: 2dd9ce824480a8f0d99f833e318417d976272fa27b16e9ae57d8b9a46c1edf4b
[13-Mar-2025 17:42:26 Europe/Berlin] Attempting to connect to database: mysql:host=localhost;dbname=upang_link
[13-Mar-2025 17:42:26 Europe/Berlin] Executing query: SELECT us.*, u.email_verified 
                FROM user_sessions us
                JOIN users u ON us.user_id = u.user_id
                WHERE us.token = ? AND us.is_active = 1 AND us.expires_at > NOW()
[13-Mar-2025 17:42:26 Europe/Berlin] Database connection successful
[13-Mar-2025 17:42:26 Europe/Berlin] Query executed. Row count: 1
[13-Mar-2025 17:42:26 Europe/Berlin] Session found: {"session_id":2,"user_id":2,"token":"2dd9ce824480a8f0d99f833e318417d976272fa27b16e9ae57d8b9a46c1edf4b","device_info":"okhttp\/4.12.0","ip_address":"192.168.1.9","last_activity":"2025-03-13 09:42:17","expires_at":"2025-03-14 17:41:55","is_active":1,"created_at":"2025-03-13 09:41:55","email_verified":1}
[13-Mar-2025 17:42:26 Europe/Berlin] Updating session activity for token: 2dd9ce824480a8f0d99f833e318417d976272fa27b16e9ae57d8b9a46c1edf4b
[13-Mar-2025 17:42:26 Europe/Berlin] Session activity update result: success
[13-Mar-2025 17:42:26 Europe/Berlin] Initializing RequestController
[13-Mar-2025 17:42:26 Europe/Berlin] Attempting to connect to database: mysql:host=localhost;dbname=upang_link
[13-Mar-2025 17:42:26 Europe/Berlin] Initializing RequestController
[13-Mar-2025 17:42:26 Europe/Berlin] Attempting to connect to database: mysql:host=localhost;dbname=upang_link
[13-Mar-2025 17:42:26 Europe/Berlin] Database connection successful
[13-Mar-2025 17:42:26 Europe/Berlin] RequestController initialized successfully
[13-Mar-2025 17:42:26 Europe/Berlin] Database connection successful
[13-Mar-2025 17:42:26 Europe/Berlin] Handling request: Method=GET, Endpoint=requests/statistics
[13-Mar-2025 17:42:26 Europe/Berlin] Normalized endpoint: statistics
[13-Mar-2025 17:42:26 Europe/Berlin] RequestController initialized successfully
[13-Mar-2025 17:42:26 Europe/Berlin] Getting request statistics
[13-Mar-2025 17:42:26 Europe/Berlin] Handling request: Method=GET, Endpoint=requests/types
[13-Mar-2025 17:42:26 Europe/Berlin] Normalized endpoint: types
[13-Mar-2025 17:42:26 Europe/Berlin] Getting request types
[13-Mar-2025 17:42:26 Europe/Berlin] Successfully fetched 7 request types
[13-Mar-2025 17:52:20 Europe/Berlin] Attempting to connect to database: mysql:host=localhost;dbname=upang_link
[13-Mar-2025 17:52:20 Europe/Berlin] Database connection successful
[13-Mar-2025 17:52:20 Europe/Berlin] Validating session for token: 2dd9ce824480a8f0d99f833e318417d976272fa27b16e9ae57d8b9a46c1edf4b
[13-Mar-2025 17:52:20 Europe/Berlin] Executing query: SELECT us.*, u.email_verified 
                FROM user_sessions us
                JOIN users u ON us.user_id = u.user_id
                WHERE us.token = ? AND us.is_active = 1 AND us.expires_at > NOW()
[13-Mar-2025 17:52:20 Europe/Berlin] Query executed. Row count: 1
[13-Mar-2025 17:52:20 Europe/Berlin] Session found: {"session_id":2,"user_id":2,"token":"2dd9ce824480a8f0d99f833e318417d976272fa27b16e9ae57d8b9a46c1edf4b","device_info":"okhttp\/4.12.0","ip_address":"192.168.1.9","last_activity":"2025-03-13 09:42:26","expires_at":"2025-03-14 17:41:55","is_active":1,"created_at":"2025-03-13 09:41:55","email_verified":1}
[13-Mar-2025 17:52:20 Europe/Berlin] Updating session activity for token: 2dd9ce824480a8f0d99f833e318417d976272fa27b16e9ae57d8b9a46c1edf4b
[13-Mar-2025 17:52:20 Europe/Berlin] Session activity update result: success
[13-Mar-2025 17:52:22 Europe/Berlin] Attempting to connect to database: mysql:host=localhost;dbname=upang_link
[13-Mar-2025 17:52:22 Europe/Berlin] Database connection successful
[13-Mar-2025 17:52:22 Europe/Berlin] Attempting to connect to database: mysql:host=localhost;dbname=upang_link
[13-Mar-2025 17:52:22 Europe/Berlin] Database connection successful
[13-Mar-2025 17:52:22 Europe/Berlin] Initializing RequestController
[13-Mar-2025 17:52:22 Europe/Berlin] Attempting to connect to database: mysql:host=localhost;dbname=upang_link
[13-Mar-2025 17:52:22 Europe/Berlin] Database connection successful
[13-Mar-2025 17:52:22 Europe/Berlin] Validating session for token: 2dd9ce824480a8f0d99f833e318417d976272fa27b16e9ae57d8b9a46c1edf4b
[13-Mar-2025 17:52:22 Europe/Berlin] RequestController initialized successfully
[13-Mar-2025 17:52:22 Europe/Berlin] Handling request: Method=GET, Endpoint=requests/types
[13-Mar-2025 17:52:22 Europe/Berlin] Executing query: SELECT us.*, u.email_verified 
                FROM user_sessions us
                JOIN users u ON us.user_id = u.user_id
                WHERE us.token = ? AND us.is_active = 1 AND us.expires_at > NOW()
[13-Mar-2025 17:52:22 Europe/Berlin] Normalized endpoint: types
[13-Mar-2025 17:52:22 Europe/Berlin] Getting request types
[13-Mar-2025 17:52:22 Europe/Berlin] Successfully fetched 7 request types
[13-Mar-2025 17:52:22 Europe/Berlin] Query executed. Row count: 1
[13-Mar-2025 17:52:22 Europe/Berlin] Session found: {"session_id":2,"user_id":2,"token":"2dd9ce824480a8f0d99f833e318417d976272fa27b16e9ae57d8b9a46c1edf4b","device_info":"okhttp\/4.12.0","ip_address":"192.168.1.9","last_activity":"2025-03-13 09:52:22","expires_at":"2025-03-14 17:41:55","is_active":1,"created_at":"2025-03-13 09:41:55","email_verified":1}
[13-Mar-2025 17:52:22 Europe/Berlin] Updating session activity for token: 2dd9ce824480a8f0d99f833e318417d976272fa27b16e9ae57d8b9a46c1edf4b
[13-Mar-2025 17:52:22 Europe/Berlin] Session activity update result: success
[13-Mar-2025 17:52:22 Europe/Berlin] Initializing RequestController
[13-Mar-2025 17:52:22 Europe/Berlin] Attempting to connect to database: mysql:host=localhost;dbname=upang_link
[13-Mar-2025 17:52:22 Europe/Berlin] Database connection successful
[13-Mar-2025 17:52:22 Europe/Berlin] RequestController initialized successfully
[13-Mar-2025 17:52:22 Europe/Berlin] Handling request: Method=GET, Endpoint=requests/statistics
[13-Mar-2025 17:52:22 Europe/Berlin] Normalized endpoint: statistics
[13-Mar-2025 17:52:22 Europe/Berlin] Getting request statistics
[13-Mar-2025 18:01:09 Europe/Berlin] Attempting to connect to database: mysql:host=localhost;dbname=upang_link
[13-Mar-2025 18:01:09 Europe/Berlin] Database connection successful
[13-Mar-2025 18:01:09 Europe/Berlin] Validating session for token: 2dd9ce824480a8f0d99f833e318417d976272fa27b16e9ae57d8b9a46c1edf4b
[13-Mar-2025 18:01:09 Europe/Berlin] Executing query: SELECT us.*, u.email_verified 
                FROM user_sessions us
                JOIN users u ON us.user_id = u.user_id
                WHERE us.token = ? AND us.is_active = 1 AND us.expires_at > NOW()
[13-Mar-2025 18:01:09 Europe/Berlin] Query executed. Row count: 1
[13-Mar-2025 18:01:09 Europe/Berlin] Session found: {"session_id":2,"user_id":2,"token":"2dd9ce824480a8f0d99f833e318417d976272fa27b16e9ae57d8b9a46c1edf4b","device_info":"okhttp\/4.12.0","ip_address":"192.168.1.9","last_activity":"2025-03-13 09:52:22","expires_at":"2025-03-14 17:41:55","is_active":1,"created_at":"2025-03-13 09:41:55","email_verified":1}
[13-Mar-2025 18:01:09 Europe/Berlin] Updating session activity for token: 2dd9ce824480a8f0d99f833e318417d976272fa27b16e9ae57d8b9a46c1edf4b
[13-Mar-2025 18:01:09 Europe/Berlin] Session activity update result: success
[13-Mar-2025 18:01:11 Europe/Berlin] Attempting to connect to database: mysql:host=localhost;dbname=upang_link
[13-Mar-2025 18:01:11 Europe/Berlin] Attempting to connect to database: mysql:host=localhost;dbname=upang_link
[13-Mar-2025 18:01:11 Europe/Berlin] Database connection successful
[13-Mar-2025 18:01:11 Europe/Berlin] Database connection successful
[13-Mar-2025 18:01:11 Europe/Berlin] Validating session for token: 2dd9ce824480a8f0d99f833e318417d976272fa27b16e9ae57d8b9a46c1edf4b
[13-Mar-2025 18:01:11 Europe/Berlin] Executing query: SELECT us.*, u.email_verified 
                FROM user_sessions us
                JOIN users u ON us.user_id = u.user_id
                WHERE us.token = ? AND us.is_active = 1 AND us.expires_at > NOW()
[13-Mar-2025 18:01:11 Europe/Berlin] Query executed. Row count: 1
[13-Mar-2025 18:01:11 Europe/Berlin] Session found: {"session_id":2,"user_id":2,"token":"2dd9ce824480a8f0d99f833e318417d976272fa27b16e9ae57d8b9a46c1edf4b","device_info":"okhttp\/4.12.0","ip_address":"192.168.1.9","last_activity":"2025-03-13 10:01:11","expires_at":"2025-03-14 17:41:55","is_active":1,"created_at":"2025-03-13 09:41:55","email_verified":1}
[13-Mar-2025 18:01:11 Europe/Berlin] Updating session activity for token: 2dd9ce824480a8f0d99f833e318417d976272fa27b16e9ae57d8b9a46c1edf4b
[13-Mar-2025 18:01:11 Europe/Berlin] Session activity update result: success
[13-Mar-2025 18:01:11 Europe/Berlin] Initializing RequestController
[13-Mar-2025 18:01:11 Europe/Berlin] Attempting to connect to database: mysql:host=localhost;dbname=upang_link
[13-Mar-2025 18:01:11 Europe/Berlin] Initializing RequestController
[13-Mar-2025 18:01:11 Europe/Berlin] Attempting to connect to database: mysql:host=localhost;dbname=upang_link
[13-Mar-2025 18:01:11 Europe/Berlin] Database connection successful
[13-Mar-2025 18:01:11 Europe/Berlin] RequestController initialized successfully
[13-Mar-2025 18:01:11 Europe/Berlin] Handling request: Method=GET, Endpoint=requests/types
[13-Mar-2025 18:01:11 Europe/Berlin] Normalized endpoint: types
[13-Mar-2025 18:01:11 Europe/Berlin] Getting request types
[13-Mar-2025 18:01:11 Europe/Berlin] Database connection successful
[13-Mar-2025 18:01:11 Europe/Berlin] Successfully fetched 7 request types
[13-Mar-2025 18:01:11 Europe/Berlin] RequestController initialized successfully
[13-Mar-2025 18:01:11 Europe/Berlin] Handling request: Method=GET, Endpoint=requests/statistics
[13-Mar-2025 18:01:11 Europe/Berlin] Normalized endpoint: statistics
[13-Mar-2025 18:01:11 Europe/Berlin] Getting request statistics
[13-Mar-2025 18:01:29 Europe/Berlin] Attempting to connect to database: mysql:host=localhost;dbname=upang_link
[13-Mar-2025 18:01:29 Europe/Berlin] Database connection successful
[13-Mar-2025 18:01:29 Europe/Berlin] Validating session for token: 2dd9ce824480a8f0d99f833e318417d976272fa27b16e9ae57d8b9a46c1edf4b
[13-Mar-2025 18:01:29 Europe/Berlin] Executing query: SELECT us.*, u.email_verified 
                FROM user_sessions us
                JOIN users u ON us.user_id = u.user_id
                WHERE us.token = ? AND us.is_active = 1 AND us.expires_at > NOW()
[13-Mar-2025 18:01:29 Europe/Berlin] Query executed. Row count: 1
[13-Mar-2025 18:01:29 Europe/Berlin] Session found: {"session_id":2,"user_id":2,"token":"2dd9ce824480a8f0d99f833e318417d976272fa27b16e9ae57d8b9a46c1edf4b","device_info":"okhttp\/4.12.0","ip_address":"192.168.1.9","last_activity":"2025-03-13 10:01:11","expires_at":"2025-03-14 17:41:55","is_active":1,"created_at":"2025-03-13 09:41:55","email_verified":1}
[13-Mar-2025 18:01:29 Europe/Berlin] Updating session activity for token: 2dd9ce824480a8f0d99f833e318417d976272fa27b16e9ae57d8b9a46c1edf4b
[13-Mar-2025 18:01:29 Europe/Berlin] Session activity update result: success
[13-Mar-2025 18:01:30 Europe/Berlin] Attempting to connect to database: mysql:host=localhost;dbname=upang_link
[13-Mar-2025 18:01:30 Europe/Berlin] Database connection successful
[13-Mar-2025 18:01:30 Europe/Berlin] Attempting to connect to database: mysql:host=localhost;dbname=upang_link
[13-Mar-2025 18:01:30 Europe/Berlin] Initializing RequestController
[13-Mar-2025 18:01:30 Europe/Berlin] Attempting to connect to database: mysql:host=localhost;dbname=upang_link
[13-Mar-2025 18:01:30 Europe/Berlin] Database connection successful
[13-Mar-2025 18:01:30 Europe/Berlin] Database connection successful
[13-Mar-2025 18:01:30 Europe/Berlin] RequestController initialized successfully
[13-Mar-2025 18:01:30 Europe/Berlin] Handling request: Method=GET, Endpoint=requests/types
[13-Mar-2025 18:01:30 Europe/Berlin] Normalized endpoint: types
[13-Mar-2025 18:01:30 Europe/Berlin] Getting request types
[13-Mar-2025 18:01:30 Europe/Berlin] Validating session for token: 2dd9ce824480a8f0d99f833e318417d976272fa27b16e9ae57d8b9a46c1edf4b
[13-Mar-2025 18:01:30 Europe/Berlin] Successfully fetched 7 request types
[13-Mar-2025 18:01:30 Europe/Berlin] Executing query: SELECT us.*, u.email_verified 
                FROM user_sessions us
                JOIN users u ON us.user_id = u.user_id
                WHERE us.token = ? AND us.is_active = 1 AND us.expires_at > NOW()
[13-Mar-2025 18:01:30 Europe/Berlin] Query executed. Row count: 1
[13-Mar-2025 18:01:30 Europe/Berlin] Session found: {"session_id":2,"user_id":2,"token":"2dd9ce824480a8f0d99f833e318417d976272fa27b16e9ae57d8b9a46c1edf4b","device_info":"okhttp\/4.12.0","ip_address":"192.168.1.9","last_activity":"2025-03-13 10:01:30","expires_at":"2025-03-14 17:41:55","is_active":1,"created_at":"2025-03-13 09:41:55","email_verified":1}
[13-Mar-2025 18:01:30 Europe/Berlin] Updating session activity for token: 2dd9ce824480a8f0d99f833e318417d976272fa27b16e9ae57d8b9a46c1edf4b
[13-Mar-2025 18:01:30 Europe/Berlin] Session activity update result: success
[13-Mar-2025 18:01:30 Europe/Berlin] Initializing RequestController
[13-Mar-2025 18:01:30 Europe/Berlin] Attempting to connect to database: mysql:host=localhost;dbname=upang_link
[13-Mar-2025 18:01:30 Europe/Berlin] Database connection successful
[13-Mar-2025 18:01:30 Europe/Berlin] RequestController initialized successfully
[13-Mar-2025 18:01:30 Europe/Berlin] Handling request: Method=GET, Endpoint=requests/statistics
[13-Mar-2025 18:01:30 Europe/Berlin] Normalized endpoint: statistics
[13-Mar-2025 18:01:30 Europe/Berlin] Getting request statistics
[13-Mar-2025 18:06:19 Europe/Berlin] Attempting to connect to database: mysql:host=localhost;dbname=upang_link
[13-Mar-2025 18:06:19 Europe/Berlin] Database connection successful
[13-Mar-2025 18:06:19 Europe/Berlin] Validating session for token: 2dd9ce824480a8f0d99f833e318417d976272fa27b16e9ae57d8b9a46c1edf4b
[13-Mar-2025 18:06:19 Europe/Berlin] Executing query: SELECT us.*, u.email_verified 
                FROM user_sessions us
                JOIN users u ON us.user_id = u.user_id
                WHERE us.token = ? AND us.is_active = 1 AND us.expires_at > NOW()
[13-Mar-2025 18:06:19 Europe/Berlin] Query executed. Row count: 1
[13-Mar-2025 18:06:19 Europe/Berlin] Session found: {"session_id":2,"user_id":2,"token":"2dd9ce824480a8f0d99f833e318417d976272fa27b16e9ae57d8b9a46c1edf4b","device_info":"okhttp\/4.12.0","ip_address":"192.168.1.9","last_activity":"2025-03-13 10:01:31","expires_at":"2025-03-14 17:41:55","is_active":1,"created_at":"2025-03-13 09:41:55","email_verified":1}
[13-Mar-2025 18:06:19 Europe/Berlin] Updating session activity for token: 2dd9ce824480a8f0d99f833e318417d976272fa27b16e9ae57d8b9a46c1edf4b
[13-Mar-2025 18:06:19 Europe/Berlin] Session activity update result: success
[13-Mar-2025 18:06:21 Europe/Berlin] Attempting to connect to database: mysql:host=localhost;dbname=upang_link
[13-Mar-2025 18:06:21 Europe/Berlin] Attempting to connect to database: mysql:host=localhost;dbname=upang_link
[13-Mar-2025 18:06:21 Europe/Berlin] Database connection successful
[13-Mar-2025 18:06:21 Europe/Berlin] Database connection successful
[13-Mar-2025 18:06:21 Europe/Berlin] Validating session for token: 2dd9ce824480a8f0d99f833e318417d976272fa27b16e9ae57d8b9a46c1edf4b
[13-Mar-2025 18:06:21 Europe/Berlin] Executing query: SELECT us.*, u.email_verified 
                FROM user_sessions us
                JOIN users u ON us.user_id = u.user_id
                WHERE us.token = ? AND us.is_active = 1 AND us.expires_at > NOW()
[13-Mar-2025 18:06:21 Europe/Berlin] Query executed. Row count: 1
[13-Mar-2025 18:06:21 Europe/Berlin] Session found: {"session_id":2,"user_id":2,"token":"2dd9ce824480a8f0d99f833e318417d976272fa27b16e9ae57d8b9a46c1edf4b","device_info":"okhttp\/4.12.0","ip_address":"192.168.1.9","last_activity":"2025-03-13 10:06:21","expires_at":"2025-03-14 17:41:55","is_active":1,"created_at":"2025-03-13 09:41:55","email_verified":1}
[13-Mar-2025 18:06:21 Europe/Berlin] Updating session activity for token: 2dd9ce824480a8f0d99f833e318417d976272fa27b16e9ae57d8b9a46c1edf4b
[13-Mar-2025 18:06:21 Europe/Berlin] Session activity update result: success
[13-Mar-2025 18:06:21 Europe/Berlin] Initializing RequestController
[13-Mar-2025 18:06:21 Europe/Berlin] Initializing RequestController
[13-Mar-2025 18:06:21 Europe/Berlin] Attempting to connect to database: mysql:host=localhost;dbname=upang_link
[13-Mar-2025 18:06:21 Europe/Berlin] Attempting to connect to database: mysql:host=localhost;dbname=upang_link
[13-Mar-2025 18:06:21 Europe/Berlin] Database connection successful
[13-Mar-2025 18:06:21 Europe/Berlin] RequestController initialized successfully
[13-Mar-2025 18:06:21 Europe/Berlin] Handling request: Method=GET, Endpoint=requests/types
[13-Mar-2025 18:06:21 Europe/Berlin] Normalized endpoint: types
[13-Mar-2025 18:06:21 Europe/Berlin] Getting request types
[13-Mar-2025 18:06:21 Europe/Berlin] Successfully fetched 7 request types
[13-Mar-2025 18:06:21 Europe/Berlin] Database connection successful
[13-Mar-2025 18:06:21 Europe/Berlin] RequestController initialized successfully
[13-Mar-2025 18:06:21 Europe/Berlin] Handling request: Method=GET, Endpoint=requests/statistics
[13-Mar-2025 18:06:21 Europe/Berlin] Normalized endpoint: statistics
[13-Mar-2025 18:06:21 Europe/Berlin] Getting request statistics
[13-Mar-2025 18:11:03 Europe/Berlin] Attempting to connect to database: mysql:host=localhost;dbname=upang_link
[13-Mar-2025 18:11:03 Europe/Berlin] Database connection successful
[13-Mar-2025 18:11:03 Europe/Berlin] Validating session for token: 2dd9ce824480a8f0d99f833e318417d976272fa27b16e9ae57d8b9a46c1edf4b
[13-Mar-2025 18:11:03 Europe/Berlin] Executing query: SELECT us.*, u.email_verified 
                FROM user_sessions us
                JOIN users u ON us.user_id = u.user_id
                WHERE us.token = ? AND us.is_active = 1 AND us.expires_at > NOW()
[13-Mar-2025 18:11:03 Europe/Berlin] Query executed. Row count: 1
[13-Mar-2025 18:11:03 Europe/Berlin] Session found: {"session_id":2,"user_id":2,"token":"2dd9ce824480a8f0d99f833e318417d976272fa27b16e9ae57d8b9a46c1edf4b","device_info":"okhttp\/4.12.0","ip_address":"192.168.1.9","last_activity":"2025-03-13 10:06:21","expires_at":"2025-03-14 17:41:55","is_active":1,"created_at":"2025-03-13 09:41:55","email_verified":1}
[13-Mar-2025 18:11:03 Europe/Berlin] Updating session activity for token: 2dd9ce824480a8f0d99f833e318417d976272fa27b16e9ae57d8b9a46c1edf4b
[13-Mar-2025 18:11:03 Europe/Berlin] Session activity update result: success
[13-Mar-2025 18:11:06 Europe/Berlin] Attempting to connect to database: mysql:host=localhost;dbname=upang_link
[13-Mar-2025 18:11:06 Europe/Berlin] Attempting to connect to database: mysql:host=localhost;dbname=upang_link
[13-Mar-2025 18:11:06 Europe/Berlin] Database connection successful
[13-Mar-2025 18:11:06 Europe/Berlin] Database connection successful
[13-Mar-2025 18:11:06 Europe/Berlin] Validating session for token: 2dd9ce824480a8f0d99f833e318417d976272fa27b16e9ae57d8b9a46c1edf4b
[13-Mar-2025 18:11:06 Europe/Berlin] Executing query: SELECT us.*, u.email_verified 
                FROM user_sessions us
                JOIN users u ON us.user_id = u.user_id
                WHERE us.token = ? AND us.is_active = 1 AND us.expires_at > NOW()
[13-Mar-2025 18:11:06 Europe/Berlin] Query executed. Row count: 1
[13-Mar-2025 18:11:06 Europe/Berlin] Initializing RequestController
[13-Mar-2025 18:11:06 Europe/Berlin] Session found: {"session_id":2,"user_id":2,"token":"2dd9ce824480a8f0d99f833e318417d976272fa27b16e9ae57d8b9a46c1edf4b","device_info":"okhttp\/4.12.0","ip_address":"192.168.1.9","last_activity":"2025-03-13 10:11:06","expires_at":"2025-03-14 17:41:55","is_active":1,"created_at":"2025-03-13 09:41:55","email_verified":1}
[13-Mar-2025 18:11:06 Europe/Berlin] Updating session activity for token: 2dd9ce824480a8f0d99f833e318417d976272fa27b16e9ae57d8b9a46c1edf4b
[13-Mar-2025 18:11:06 Europe/Berlin] Attempting to connect to database: mysql:host=localhost;dbname=upang_link
[13-Mar-2025 18:11:06 Europe/Berlin] Session activity update result: success
[13-Mar-2025 18:11:06 Europe/Berlin] Database connection successful
[13-Mar-2025 18:11:06 Europe/Berlin] RequestController initialized successfully
[13-Mar-2025 18:11:06 Europe/Berlin] Handling request: Method=GET, Endpoint=requests/types
[13-Mar-2025 18:11:06 Europe/Berlin] Normalized endpoint: types
[13-Mar-2025 18:11:06 Europe/Berlin] Initializing RequestController
[13-Mar-2025 18:11:06 Europe/Berlin] Getting request types
[13-Mar-2025 18:11:06 Europe/Berlin] Attempting to connect to database: mysql:host=localhost;dbname=upang_link
[13-Mar-2025 18:11:06 Europe/Berlin] Successfully fetched 7 request types
[13-Mar-2025 18:11:06 Europe/Berlin] Database connection successful
[13-Mar-2025 18:11:06 Europe/Berlin] RequestController initialized successfully
[13-Mar-2025 18:11:06 Europe/Berlin] Handling request: Method=GET, Endpoint=requests/statistics
[13-Mar-2025 18:11:06 Europe/Berlin] Normalized endpoint: statistics
[13-Mar-2025 18:11:06 Europe/Berlin] Getting request statistics
[13-Mar-2025 18:11:30 Europe/Berlin] Attempting to connect to database: mysql:host=localhost;dbname=upang_link
[13-Mar-2025 18:11:30 Europe/Berlin] Database connection successful
[13-Mar-2025 18:11:30 Europe/Berlin] Validating session for token: 2dd9ce824480a8f0d99f833e318417d976272fa27b16e9ae57d8b9a46c1edf4b
[13-Mar-2025 18:11:30 Europe/Berlin] Executing query: SELECT us.*, u.email_verified 
                FROM user_sessions us
                JOIN users u ON us.user_id = u.user_id
                WHERE us.token = ? AND us.is_active = 1 AND us.expires_at > NOW()
[13-Mar-2025 18:11:30 Europe/Berlin] Query executed. Row count: 0
[13-Mar-2025 18:11:30 Europe/Berlin] No valid session found
[13-Mar-2025 18:11:37 Europe/Berlin] Attempting to connect to database: mysql:host=localhost;dbname=upang_link
[13-Mar-2025 18:11:37 Europe/Berlin] Database connection successful
[13-Mar-2025 18:11:39 Europe/Berlin] Attempting to connect to database: mysql:host=localhost;dbname=upang_link
[13-Mar-2025 18:11:39 Europe/Berlin] Attempting to connect to database: mysql:host=localhost;dbname=upang_link
[13-Mar-2025 18:11:39 Europe/Berlin] Database connection successful
[13-Mar-2025 18:11:39 Europe/Berlin] Database connection successful
[13-Mar-2025 18:11:39 Europe/Berlin] Validating session for token: dafdf1a033c8298bcda84eb8aad1ac2e3b0de061ba7157d184d80b05bb427d43
[13-Mar-2025 18:11:39 Europe/Berlin] Executing query: SELECT us.*, u.email_verified 
                FROM user_sessions us
                JOIN users u ON us.user_id = u.user_id
                WHERE us.token = ? AND us.is_active = 1 AND us.expires_at > NOW()
[13-Mar-2025 18:11:39 Europe/Berlin] Query executed. Row count: 1
[13-Mar-2025 18:11:39 Europe/Berlin] Session found: {"session_id":1,"user_id":2,"token":"dafdf1a033c8298bcda84eb8aad1ac2e3b0de061ba7157d184d80b05bb427d43","device_info":"okhttp\/4.12.0","ip_address":"192.168.1.9","last_activity":"2025-03-13 10:11:39","expires_at":"2025-03-14 18:11:37","is_active":1,"created_at":"2025-03-13 10:11:37","email_verified":1}
[13-Mar-2025 18:11:39 Europe/Berlin] Updating session activity for token: dafdf1a033c8298bcda84eb8aad1ac2e3b0de061ba7157d184d80b05bb427d43
[13-Mar-2025 18:11:39 Europe/Berlin] Session activity update result: success
[13-Mar-2025 18:11:39 Europe/Berlin] Initializing RequestController
[13-Mar-2025 18:11:39 Europe/Berlin] Attempting to connect to database: mysql:host=localhost;dbname=upang_link
[13-Mar-2025 18:11:39 Europe/Berlin] Initializing RequestController
[13-Mar-2025 18:11:39 Europe/Berlin] Attempting to connect to database: mysql:host=localhost;dbname=upang_link
[13-Mar-2025 18:11:39 Europe/Berlin] Database connection successful
[13-Mar-2025 18:11:39 Europe/Berlin] RequestController initialized successfully
[13-Mar-2025 18:11:39 Europe/Berlin] Handling request: Method=GET, Endpoint=requests/types
[13-Mar-2025 18:11:39 Europe/Berlin] Normalized endpoint: types
[13-Mar-2025 18:11:39 Europe/Berlin] Getting request types
[13-Mar-2025 18:11:39 Europe/Berlin] Database connection successful
[13-Mar-2025 18:11:39 Europe/Berlin] RequestController initialized successfully
[13-Mar-2025 18:11:39 Europe/Berlin] Handling request: Method=GET, Endpoint=requests/statistics
[13-Mar-2025 18:11:39 Europe/Berlin] Normalized endpoint: statistics
[13-Mar-2025 18:11:39 Europe/Berlin] Getting request statistics
[13-Mar-2025 18:11:39 Europe/Berlin] PHP Fatal error:  Uncaught TypeError: Cannot access offset of type string on string in C:\xampp\htdocs\UPANG-LINK\UPANG LINK API\controllers\RequestController.php:369
Stack trace:
#0 C:\xampp\htdocs\UPANG-LINK\UPANG LINK API\controllers\RequestController.php(195): RequestController->formatRequirements(Array)
#1 C:\xampp\htdocs\UPANG-LINK\UPANG LINK API\controllers\RequestController.php(35): RequestController->getRequestTypes()
#2 C:\xampp\htdocs\UPANG-LINK\UPANG LINK API\api\index.php(141): RequestController->handleRequest('GET', Array)
#3 {main}
  thrown in C:\xampp\htdocs\UPANG-LINK\UPANG LINK API\controllers\RequestController.php on line 369
[13-Mar-2025 18:11:42 Europe/Berlin] Attempting to connect to database: mysql:host=localhost;dbname=upang_link
[13-Mar-2025 18:11:42 Europe/Berlin] Database connection successful
[13-Mar-2025 18:11:42 Europe/Berlin] Initializing RequestController
[13-Mar-2025 18:11:42 Europe/Berlin] Attempting to connect to database: mysql:host=localhost;dbname=upang_link
[13-Mar-2025 18:11:42 Europe/Berlin] Database connection successful
[13-Mar-2025 18:11:42 Europe/Berlin] RequestController initialized successfully
[13-Mar-2025 18:11:42 Europe/Berlin] Handling request: Method=GET, Endpoint=requests/types
[13-Mar-2025 18:11:42 Europe/Berlin] Normalized endpoint: types
[13-Mar-2025 18:11:42 Europe/Berlin] Getting request types
[13-Mar-2025 18:11:42 Europe/Berlin] PHP Fatal error:  Uncaught TypeError: Cannot access offset of type string on string in C:\xampp\htdocs\UPANG-LINK\UPANG LINK API\controllers\RequestController.php:369
Stack trace:
#0 C:\xampp\htdocs\UPANG-LINK\UPANG LINK API\controllers\RequestController.php(195): RequestController->formatRequirements(Array)
#1 C:\xampp\htdocs\UPANG-LINK\UPANG LINK API\controllers\RequestController.php(35): RequestController->getRequestTypes()
#2 C:\xampp\htdocs\UPANG-LINK\UPANG LINK API\api\index.php(141): RequestController->handleRequest('GET', Array)
#3 {main}
  thrown in C:\xampp\htdocs\UPANG-LINK\UPANG LINK API\controllers\RequestController.php on line 369
[13-Mar-2025 18:15:42 Europe/Berlin] Attempting to connect to database: mysql:host=localhost;dbname=upang_link
[13-Mar-2025 18:15:42 Europe/Berlin] Database connection successful
[13-Mar-2025 18:15:42 Europe/Berlin] Validating session for token: dafdf1a033c8298bcda84eb8aad1ac2e3b0de061ba7157d184d80b05bb427d43
[13-Mar-2025 18:15:42 Europe/Berlin] Executing query: SELECT us.*, u.email_verified 
                FROM user_sessions us
                JOIN users u ON us.user_id = u.user_id
                WHERE us.token = ? AND us.is_active = 1 AND us.expires_at > NOW()
[13-Mar-2025 18:15:42 Europe/Berlin] Query executed. Row count: 1
[13-Mar-2025 18:15:42 Europe/Berlin] Session found: {"session_id":1,"user_id":2,"token":"dafdf1a033c8298bcda84eb8aad1ac2e3b0de061ba7157d184d80b05bb427d43","device_info":"okhttp\/4.12.0","ip_address":"192.168.1.9","last_activity":"2025-03-13 10:11:39","expires_at":"2025-03-14 18:11:37","is_active":1,"created_at":"2025-03-13 10:11:37","email_verified":1}
[13-Mar-2025 18:15:42 Europe/Berlin] Updating session activity for token: dafdf1a033c8298bcda84eb8aad1ac2e3b0de061ba7157d184d80b05bb427d43
[13-Mar-2025 18:15:42 Europe/Berlin] Session activity update result: success
[13-Mar-2025 18:15:45 Europe/Berlin] Attempting to connect to database: mysql:host=localhost;dbname=upang_link
[13-Mar-2025 18:15:45 Europe/Berlin] Database connection successful
[13-Mar-2025 18:15:45 Europe/Berlin] Initializing RequestController
[13-Mar-2025 18:15:45 Europe/Berlin] Attempting to connect to database: mysql:host=localhost;dbname=upang_link
[13-Mar-2025 18:15:45 Europe/Berlin] Attempting to connect to database: mysql:host=localhost;dbname=upang_link
[13-Mar-2025 18:15:45 Europe/Berlin] Database connection successful
[13-Mar-2025 18:15:45 Europe/Berlin] Database connection successful
[13-Mar-2025 18:15:45 Europe/Berlin] RequestController initialized successfully
[13-Mar-2025 18:15:45 Europe/Berlin] Handling request: Method=GET, Endpoint=requests/types
[13-Mar-2025 18:15:45 Europe/Berlin] Normalized endpoint: types
[13-Mar-2025 18:15:45 Europe/Berlin] Getting request types
[13-Mar-2025 18:15:45 Europe/Berlin] Validating session for token: dafdf1a033c8298bcda84eb8aad1ac2e3b0de061ba7157d184d80b05bb427d43
[13-Mar-2025 18:15:45 Europe/Berlin] Invalid field structure, skipping: [{"name": "student_id", "label": "Student ID Number", "type": "text", "required": true, "description": "Enter your student ID number"}, {"name": "course_code", "label": "Course Code", "type": "text", "required": true, "description": "Enter the course code for the module you need"}, {"name": "professor_approval", "label": "Professor Approval", "type": "file", "required": true, "allowed_types": "pdf,jpg,png", "description": "Upload the signed approval from your professor"}]
[13-Mar-2025 18:15:45 Europe/Berlin] Executing query: SELECT us.*, u.email_verified 
                FROM user_sessions us
                JOIN users u ON us.user_id = u.user_id
                WHERE us.token = ? AND us.is_active = 1 AND us.expires_at > NOW()
[13-Mar-2025 18:15:45 Europe/Berlin] Requirements missing instructions, using default instructions
[13-Mar-2025 18:15:45 Europe/Berlin] Requirements missing instructions, using default instructions
[13-Mar-2025 18:15:45 Europe/Berlin] Requirements missing instructions, using default instructions
[13-Mar-2025 18:15:45 Europe/Berlin] Query executed. Row count: 1
[13-Mar-2025 18:15:45 Europe/Berlin] Session found: {"session_id":1,"user_id":2,"token":"dafdf1a033c8298bcda84eb8aad1ac2e3b0de061ba7157d184d80b05bb427d43","device_info":"okhttp\/4.12.0","ip_address":"192.168.1.9","last_activity":"2025-03-13 10:15:45","expires_at":"2025-03-14 18:11:37","is_active":1,"created_at":"2025-03-13 10:11:37","email_verified":1}
[13-Mar-2025 18:15:45 Europe/Berlin] Updating session activity for token: dafdf1a033c8298bcda84eb8aad1ac2e3b0de061ba7157d184d80b05bb427d43
[13-Mar-2025 18:15:45 Europe/Berlin] Requirements missing instructions, using default instructions
[13-Mar-2025 18:15:45 Europe/Berlin] Session activity update result: success
[13-Mar-2025 18:15:45 Europe/Berlin] Successfully fetched 7 request types
[13-Mar-2025 18:15:45 Europe/Berlin] Initializing RequestController
[13-Mar-2025 18:15:45 Europe/Berlin] Attempting to connect to database: mysql:host=localhost;dbname=upang_link
[13-Mar-2025 18:15:45 Europe/Berlin] Database connection successful
[13-Mar-2025 18:15:45 Europe/Berlin] RequestController initialized successfully
[13-Mar-2025 18:15:45 Europe/Berlin] Handling request: Method=GET, Endpoint=requests/statistics
[13-Mar-2025 18:15:45 Europe/Berlin] Normalized endpoint: statistics
[13-Mar-2025 18:15:45 Europe/Berlin] Getting request statistics
[13-Mar-2025 18:15:45 Europe/Berlin] Attempting to connect to database: mysql:host=localhost;dbname=upang_link
[13-Mar-2025 18:15:45 Europe/Berlin] Database connection successful
[13-Mar-2025 18:15:45 Europe/Berlin] Initializing RequestController
[13-Mar-2025 18:15:45 Europe/Berlin] Attempting to connect to database: mysql:host=localhost;dbname=upang_link
[13-Mar-2025 18:15:45 Europe/Berlin] Database connection successful
[13-Mar-2025 18:15:45 Europe/Berlin] RequestController initialized successfully
[13-Mar-2025 18:15:45 Europe/Berlin] Handling request: Method=GET, Endpoint=requests/types
[13-Mar-2025 18:15:45 Europe/Berlin] Normalized endpoint: types
[13-Mar-2025 18:15:45 Europe/Berlin] Getting request types
[13-Mar-2025 18:15:45 Europe/Berlin] Invalid field structure, skipping: [{"name": "student_id", "label": "Student ID Number", "type": "text", "required": true, "description": "Enter your student ID number"}, {"name": "course_code", "label": "Course Code", "type": "text", "required": true, "description": "Enter the course code for the module you need"}, {"name": "professor_approval", "label": "Professor Approval", "type": "file", "required": true, "allowed_types": "pdf,jpg,png", "description": "Upload the signed approval from your professor"}]
[13-Mar-2025 18:15:45 Europe/Berlin] Requirements missing instructions, using default instructions
[13-Mar-2025 18:15:45 Europe/Berlin] Requirements missing instructions, using default instructions
[13-Mar-2025 18:15:45 Europe/Berlin] Requirements missing instructions, using default instructions
[13-Mar-2025 18:15:45 Europe/Berlin] Requirements missing instructions, using default instructions
[13-Mar-2025 18:15:45 Europe/Berlin] Successfully fetched 7 request types
[13-Mar-2025 18:46:18 Europe/Berlin] Attempting to connect to database: mysql:host=localhost;dbname=upang_link
[13-Mar-2025 18:46:18 Europe/Berlin] Database connection successful
[13-Mar-2025 18:46:18 Europe/Berlin] Validating session for token: dafdf1a033c8298bcda84eb8aad1ac2e3b0de061ba7157d184d80b05bb427d43
[13-Mar-2025 18:46:18 Europe/Berlin] Executing query: SELECT us.*, u.email_verified 
                FROM user_sessions us
                JOIN users u ON us.user_id = u.user_id
                WHERE us.token = ? AND us.is_active = 1 AND us.expires_at > NOW()
[13-Mar-2025 18:46:18 Europe/Berlin] Query executed. Row count: 1
[13-Mar-2025 18:46:18 Europe/Berlin] Session found: {"session_id":1,"user_id":2,"token":"dafdf1a033c8298bcda84eb8aad1ac2e3b0de061ba7157d184d80b05bb427d43","device_info":"okhttp\/4.12.0","ip_address":"192.168.1.9","last_activity":"2025-03-13 10:15:45","expires_at":"2025-03-14 18:11:37","is_active":1,"created_at":"2025-03-13 10:11:37","email_verified":1}
[13-Mar-2025 18:46:18 Europe/Berlin] Updating session activity for token: dafdf1a033c8298bcda84eb8aad1ac2e3b0de061ba7157d184d80b05bb427d43
[13-Mar-2025 18:46:18 Europe/Berlin] Session activity update result: success
[13-Mar-2025 18:46:20 Europe/Berlin] Attempting to connect to database: mysql:host=localhost;dbname=upang_link
[13-Mar-2025 18:46:20 Europe/Berlin] Database connection successful
[13-Mar-2025 18:46:20 Europe/Berlin] Attempting to connect to database: mysql:host=localhost;dbname=upang_link
[13-Mar-2025 18:46:20 Europe/Berlin] Database connection successful
[13-Mar-2025 18:46:20 Europe/Berlin] Validating session for token: dafdf1a033c8298bcda84eb8aad1ac2e3b0de061ba7157d184d80b05bb427d43
[13-Mar-2025 18:46:20 Europe/Berlin] Executing query: SELECT us.*, u.email_verified 
                FROM user_sessions us
                JOIN users u ON us.user_id = u.user_id
                WHERE us.token = ? AND us.is_active = 1 AND us.expires_at > NOW()
[13-Mar-2025 18:46:20 Europe/Berlin] Query executed. Row count: 1
[13-Mar-2025 18:46:20 Europe/Berlin] Session found: {"session_id":1,"user_id":2,"token":"dafdf1a033c8298bcda84eb8aad1ac2e3b0de061ba7157d184d80b05bb427d43","device_info":"okhttp\/4.12.0","ip_address":"192.168.1.9","last_activity":"2025-03-13 10:46:20","expires_at":"2025-03-14 18:11:37","is_active":1,"created_at":"2025-03-13 10:11:37","email_verified":1}
[13-Mar-2025 18:46:20 Europe/Berlin] Updating session activity for token: dafdf1a033c8298bcda84eb8aad1ac2e3b0de061ba7157d184d80b05bb427d43
[13-Mar-2025 18:46:20 Europe/Berlin] Session activity update result: success
[13-Mar-2025 18:46:20 Europe/Berlin] Initializing RequestController
[13-Mar-2025 18:46:20 Europe/Berlin] Attempting to connect to database: mysql:host=localhost;dbname=upang_link
[13-Mar-2025 18:46:20 Europe/Berlin] Initializing RequestController
[13-Mar-2025 18:46:20 Europe/Berlin] Database connection successful
[13-Mar-2025 18:46:20 Europe/Berlin] RequestController initialized successfully
[13-Mar-2025 18:46:20 Europe/Berlin] Handling request: Method=GET, Endpoint=requests/statistics
[13-Mar-2025 18:46:20 Europe/Berlin] Normalized endpoint: statistics
[13-Mar-2025 18:46:20 Europe/Berlin] Getting request statistics
[13-Mar-2025 18:46:20 Europe/Berlin] Attempting to connect to database: mysql:host=localhost;dbname=upang_link
[13-Mar-2025 18:46:20 Europe/Berlin] Database connection successful
[13-Mar-2025 18:46:20 Europe/Berlin] RequestController initialized successfully
[13-Mar-2025 18:46:20 Europe/Berlin] Handling request: Method=GET, Endpoint=requests/types
[13-Mar-2025 18:46:20 Europe/Berlin] Normalized endpoint: types
[13-Mar-2025 18:46:20 Europe/Berlin] Getting request types
[13-Mar-2025 18:46:20 Europe/Berlin] PHP Fatal error:  Uncaught TypeError: Cannot access offset of type string on string in C:\xampp\htdocs\UPANG-LINK\UPANG LINK API\controllers\RequestController.php:369
Stack trace:
#0 C:\xampp\htdocs\UPANG-LINK\UPANG LINK API\controllers\RequestController.php(195): RequestController->formatRequirements(Array)
#1 C:\xampp\htdocs\UPANG-LINK\UPANG LINK API\controllers\RequestController.php(35): RequestController->getRequestTypes()
#2 C:\xampp\htdocs\UPANG-LINK\UPANG LINK API\api\index.php(141): RequestController->handleRequest('GET', Array)
#3 {main}
  thrown in C:\xampp\htdocs\UPANG-LINK\UPANG LINK API\controllers\RequestController.php on line 369
[13-Mar-2025 18:47:58 Europe/Berlin] Attempting to connect to database: mysql:host=localhost;dbname=upang_link
[13-Mar-2025 18:47:58 Europe/Berlin] Database connection successful
[13-Mar-2025 18:47:58 Europe/Berlin] Validating session for token: dafdf1a033c8298bcda84eb8aad1ac2e3b0de061ba7157d184d80b05bb427d43
[13-Mar-2025 18:47:58 Europe/Berlin] Executing query: SELECT us.*, u.email_verified 
                FROM user_sessions us
                JOIN users u ON us.user_id = u.user_id
                WHERE us.token = ? AND us.is_active = 1 AND us.expires_at > NOW()
[13-Mar-2025 18:47:58 Europe/Berlin] Query executed. Row count: 0
[13-Mar-2025 18:47:58 Europe/Berlin] No valid session found
[13-Mar-2025 18:48:02 Europe/Berlin] Attempting to connect to database: mysql:host=localhost;dbname=upang_link
[13-Mar-2025 18:48:02 Europe/Berlin] Database connection successful
[13-Mar-2025 18:48:04 Europe/Berlin] Attempting to connect to database: mysql:host=localhost;dbname=upang_link
[13-Mar-2025 18:48:04 Europe/Berlin] Attempting to connect to database: mysql:host=localhost;dbname=upang_link
[13-Mar-2025 18:48:04 Europe/Berlin] Database connection successful
[13-Mar-2025 18:48:04 Europe/Berlin] Database connection successful
[13-Mar-2025 18:48:04 Europe/Berlin] Validating session for token: eb5067698ec6e00ae34bb0323f93d3c0bb0c8e0be2eac66441db1fc5e02176fe
[13-Mar-2025 18:48:04 Europe/Berlin] Executing query: SELECT us.*, u.email_verified 
                FROM user_sessions us
                JOIN users u ON us.user_id = u.user_id
                WHERE us.token = ? AND us.is_active = 1 AND us.expires_at > NOW()
[13-Mar-2025 18:48:04 Europe/Berlin] Query executed. Row count: 1
[13-Mar-2025 18:48:04 Europe/Berlin] Session found: {"session_id":1,"user_id":2,"token":"eb5067698ec6e00ae34bb0323f93d3c0bb0c8e0be2eac66441db1fc5e02176fe","device_info":"okhttp\/4.12.0","ip_address":"192.168.1.9","last_activity":"2025-03-13 10:48:02","expires_at":"2025-03-14 18:48:02","is_active":1,"created_at":"2025-03-13 10:48:02","email_verified":1}
[13-Mar-2025 18:48:04 Europe/Berlin] Initializing RequestController
[13-Mar-2025 18:48:04 Europe/Berlin] Updating session activity for token: eb5067698ec6e00ae34bb0323f93d3c0bb0c8e0be2eac66441db1fc5e02176fe
[13-Mar-2025 18:48:04 Europe/Berlin] Attempting to connect to database: mysql:host=localhost;dbname=upang_link
[13-Mar-2025 18:48:04 Europe/Berlin] Session activity update result: success
[13-Mar-2025 18:48:04 Europe/Berlin] Initializing RequestController
[13-Mar-2025 18:48:04 Europe/Berlin] Attempting to connect to database: mysql:host=localhost;dbname=upang_link
[13-Mar-2025 18:48:04 Europe/Berlin] Database connection successful
[13-Mar-2025 18:48:04 Europe/Berlin] Database connection successful
[13-Mar-2025 18:48:04 Europe/Berlin] RequestController initialized successfully
[13-Mar-2025 18:48:04 Europe/Berlin] Handling request: Method=GET, Endpoint=requests/types
[13-Mar-2025 18:48:04 Europe/Berlin] Normalized endpoint: types
[13-Mar-2025 18:48:04 Europe/Berlin] RequestController initialized successfully
[13-Mar-2025 18:48:04 Europe/Berlin] Getting request types
[13-Mar-2025 18:48:04 Europe/Berlin] Handling request: Method=GET, Endpoint=requests/statistics
[13-Mar-2025 18:48:04 Europe/Berlin] Normalized endpoint: statistics
[13-Mar-2025 18:48:04 Europe/Berlin] Getting request statistics
[13-Mar-2025 18:48:04 Europe/Berlin] PHP Fatal error:  Uncaught TypeError: Cannot access offset of type string on string in C:\xampp\htdocs\UPANG-LINK\UPANG LINK API\controllers\RequestController.php:369
Stack trace:
#0 C:\xampp\htdocs\UPANG-LINK\UPANG LINK API\controllers\RequestController.php(195): RequestController->formatRequirements(Array)
#1 C:\xampp\htdocs\UPANG-LINK\UPANG LINK API\controllers\RequestController.php(35): RequestController->getRequestTypes()
#2 C:\xampp\htdocs\UPANG-LINK\UPANG LINK API\api\index.php(141): RequestController->handleRequest('GET', Array)
#3 {main}
  thrown in C:\xampp\htdocs\UPANG-LINK\UPANG LINK API\controllers\RequestController.php on line 369
[13-Mar-2025 18:48:05 Europe/Berlin] Attempting to connect to database: mysql:host=localhost;dbname=upang_link
[13-Mar-2025 18:48:05 Europe/Berlin] Database connection successful
[13-Mar-2025 18:48:05 Europe/Berlin] Initializing RequestController
[13-Mar-2025 18:48:05 Europe/Berlin] Attempting to connect to database: mysql:host=localhost;dbname=upang_link
[13-Mar-2025 18:48:05 Europe/Berlin] Database connection successful
[13-Mar-2025 18:48:05 Europe/Berlin] RequestController initialized successfully
[13-Mar-2025 18:48:05 Europe/Berlin] Handling request: Method=GET, Endpoint=requests/types
[13-Mar-2025 18:48:05 Europe/Berlin] Normalized endpoint: types
[13-Mar-2025 18:48:05 Europe/Berlin] Getting request types
[13-Mar-2025 18:48:05 Europe/Berlin] PHP Fatal error:  Uncaught TypeError: Cannot access offset of type string on string in C:\xampp\htdocs\UPANG-LINK\UPANG LINK API\controllers\RequestController.php:369
Stack trace:
#0 C:\xampp\htdocs\UPANG-LINK\UPANG LINK API\controllers\RequestController.php(195): RequestController->formatRequirements(Array)
#1 C:\xampp\htdocs\UPANG-LINK\UPANG LINK API\controllers\RequestController.php(35): RequestController->getRequestTypes()
#2 C:\xampp\htdocs\UPANG-LINK\UPANG LINK API\api\index.php(141): RequestController->handleRequest('GET', Array)
#3 {main}
  thrown in C:\xampp\htdocs\UPANG-LINK\UPANG LINK API\controllers\RequestController.php on line 369
[13-Mar-2025 18:50:04 Europe/Berlin] Attempting to connect to database: mysql:host=localhost;dbname=upang_link
[13-Mar-2025 18:50:04 Europe/Berlin] Database connection successful
[13-Mar-2025 18:50:04 Europe/Berlin] Initializing RequestController
[13-Mar-2025 18:50:04 Europe/Berlin] Attempting to connect to database: mysql:host=localhost;dbname=upang_link
[13-Mar-2025 18:50:04 Europe/Berlin] Database connection successful
[13-Mar-2025 18:50:04 Europe/Berlin] RequestController initialized successfully
[13-Mar-2025 18:50:04 Europe/Berlin] Handling request: Method=GET, Endpoint=requests/types
[13-Mar-2025 18:50:04 Europe/Berlin] Normalized endpoint: types
[13-Mar-2025 18:50:04 Europe/Berlin] Getting request types
[13-Mar-2025 18:50:04 Europe/Berlin] Successfully fetched 7 request types
[13-Mar-2025 18:50:18 Europe/Berlin] Attempting to connect to database: mysql:host=localhost;dbname=upang_link
[13-Mar-2025 18:50:18 Europe/Berlin] Database connection successful
[13-Mar-2025 18:50:18 Europe/Berlin] Initializing RequestController
[13-Mar-2025 18:50:18 Europe/Berlin] Attempting to connect to database: mysql:host=localhost;dbname=upang_link
[13-Mar-2025 18:50:18 Europe/Berlin] Database connection successful
[13-Mar-2025 18:50:18 Europe/Berlin] RequestController initialized successfully
[13-Mar-2025 18:50:18 Europe/Berlin] Handling request: Method=GET, Endpoint=requests/types
[13-Mar-2025 18:50:18 Europe/Berlin] Normalized endpoint: types
[13-Mar-2025 18:50:18 Europe/Berlin] Getting request types
[13-Mar-2025 18:50:18 Europe/Berlin] Successfully fetched 7 request types
[13-Mar-2025 18:52:44 Europe/Berlin] Attempting to connect to database: mysql:host=localhost;dbname=upang_link
[13-Mar-2025 18:52:44 Europe/Berlin] Database connection successful
[13-Mar-2025 18:52:44 Europe/Berlin] Initializing RequestController
[13-Mar-2025 18:52:44 Europe/Berlin] Attempting to connect to database: mysql:host=localhost;dbname=upang_link
[13-Mar-2025 18:52:44 Europe/Berlin] Database connection successful
[13-Mar-2025 18:52:44 Europe/Berlin] RequestController initialized successfully
[13-Mar-2025 18:52:44 Europe/Berlin] Handling request: Method=GET, Endpoint=requests/types
[13-Mar-2025 18:52:44 Europe/Berlin] Normalized endpoint: types
[13-Mar-2025 18:52:44 Europe/Berlin] Getting request types
[13-Mar-2025 18:52:44 Europe/Berlin] Processing type: Course Module Request, Raw requirements: {"fields": ["[{\"name\": \"student_id\", \"label\": \"Student ID Number\", \"type\": \"text\", \"required\": true, \"description\": \"Enter your student ID number\"}, {\"name\": \"course_code\", \"label\": \"Course Code\", \"type\": \"text\", \"required\": true, \"description\": \"Enter the course code for the module you need\"}, {\"name\": \"professor_approval\", \"label\": \"Professor Approval\", \"type\": \"file\", \"required\": true, \"allowed_types\": \"pdf,jpg,png\", \"description\": \"Upload the signed approval from your professor\"}]"], "instructions": "Please provide your student ID, course code, and professor approval for the module request."}
[13-Mar-2025 18:52:44 Europe/Berlin] Successfully decoded JSON requirements for Course Module Request
[13-Mar-2025 18:52:44 Europe/Berlin] Final requirements for Course Module Request: Array
(
    [fields] => Array
        (
            [0] => [{"name": "student_id", "label": "Student ID Number", "type": "text", "required": true, "description": "Enter your student ID number"}, {"name": "course_code", "label": "Course Code", "type": "text", "required": true, "description": "Enter the course code for the module you need"}, {"name": "professor_approval", "label": "Professor Approval", "type": "file", "required": true, "allowed_types": "pdf,jpg,png", "description": "Upload the signed approval from your professor"}]
        )

    [instructions] => Please provide your student ID, course code, and professor approval for the module request.
)

[13-Mar-2025 18:52:44 Europe/Berlin] Processing type: Enrollment Certificate, Raw requirements: {"fields": [{"name": "student_id", "label": "Student ID", "type": "file", "required": true, "allowed_types": "pdf,jpg,png", "description": "Valid student ID"}]}
[13-Mar-2025 18:52:44 Europe/Berlin] Successfully decoded JSON requirements for Enrollment Certificate
[13-Mar-2025 18:52:44 Europe/Berlin] Final requirements for Enrollment Certificate: Array
(
    [fields] => Array
        (
            [0] => Array
                (
                    [name] => student_id
                    [label] => Student ID
                    [type] => file
                    [required] => 1
                    [allowed_types] => pdf,jpg,png
                    [description] => Valid student ID
                )

        )

)

[13-Mar-2025 18:52:44 Europe/Berlin] Processing type: ID Replacement, Raw requirements: {"fields": [{"name": "affidavit", "label": "Affidavit of Loss", "type": "file", "required": true, "allowed_types": "pdf", "description": "Notarized affidavit of loss"}]}
[13-Mar-2025 18:52:44 Europe/Berlin] Successfully decoded JSON requirements for ID Replacement
[13-Mar-2025 18:52:44 Europe/Berlin] Final requirements for ID Replacement: Array
(
    [fields] => Array
        (
            [0] => Array
                (
                    [name] => affidavit
                    [label] => Affidavit of Loss
                    [type] => file
                    [required] => 1
                    [allowed_types] => pdf
                    [description] => Notarized affidavit of loss
                )

        )

)

[13-Mar-2025 18:52:44 Europe/Berlin] Processing type: New Student ID, Raw requirements: {"fields": [{"name": "id_photo", "label": "1x1 ID Photo", "type": "file", "required": true, "allowed_types": "jpg,png", "description": "1x1 ID Picture with white background"}]}
[13-Mar-2025 18:52:44 Europe/Berlin] Successfully decoded JSON requirements for New Student ID
[13-Mar-2025 18:52:44 Europe/Berlin] Final requirements for New Student ID: Array
(
    [fields] => Array
        (
            [0] => Array
                (
                    [name] => id_photo
                    [label] => 1x1 ID Photo
                    [type] => file
                    [required] => 1
                    [allowed_types] => jpg,png
                    [description] => 1x1 ID Picture with white background
                )

        )

)

[13-Mar-2025 18:52:44 Europe/Berlin] Processing type: PE Uniform Request, Raw requirements: {"fields": [{"name": "measurement", "label": "Size Measurements", "type": "file", "required": true, "allowed_types": "pdf,jpg,png", "description": "Size measurements form"}]}
[13-Mar-2025 18:52:44 Europe/Berlin] Successfully decoded JSON requirements for PE Uniform Request
[13-Mar-2025 18:52:44 Europe/Berlin] Final requirements for PE Uniform Request: Array
(
    [fields] => Array
        (
            [0] => Array
                (
                    [name] => measurement
                    [label] => Size Measurements
                    [type] => file
                    [required] => 1
                    [allowed_types] => pdf,jpg,png
                    [description] => Size measurements form
                )

        )

)

[13-Mar-2025 18:52:44 Europe/Berlin] Processing type: School Uniform Request, Raw requirements: {"required_docs": ["Valid student ID"]}
[13-Mar-2025 18:52:44 Europe/Berlin] Successfully decoded JSON requirements for School Uniform Request
[13-Mar-2025 18:52:44 Europe/Berlin] Final requirements for School Uniform Request: Array
(
    [required_docs] => Array
        (
            [0] => Valid student ID
        )

)

[13-Mar-2025 18:52:44 Europe/Berlin] Processing type: Transcript of Records, Raw requirements: {"fields": [{"name": "clearance_form", "label": "Clearance Form", "type": "file", "required": true, "allowed_types": "pdf,jpg,png", "description": "Fully accomplished clearance form"}]}
[13-Mar-2025 18:52:44 Europe/Berlin] Successfully decoded JSON requirements for Transcript of Records
[13-Mar-2025 18:52:44 Europe/Berlin] Final requirements for Transcript of Records: Array
(
    [fields] => Array
        (
            [0] => Array
                (
                    [name] => clearance_form
                    [label] => Clearance Form
                    [type] => file
                    [required] => 1
                    [allowed_types] => pdf,jpg,png
                    [description] => Fully accomplished clearance form
                )

        )

)

[13-Mar-2025 18:52:44 Europe/Berlin] Processing type: Course Module Request, Requirements: Array
(
    [fields] => Array
        (
            [0] => [{"name": "student_id", "label": "Student ID Number", "type": "text", "required": true, "description": "Enter your student ID number"}, {"name": "course_code", "label": "Course Code", "type": "text", "required": true, "description": "Enter the course code for the module you need"}, {"name": "professor_approval", "label": "Professor Approval", "type": "file", "required": true, "allowed_types": "pdf,jpg,png", "description": "Upload the signed approval from your professor"}]
        )

    [instructions] => Please provide your student ID, course code, and professor approval for the module request.
)

[13-Mar-2025 18:52:44 Europe/Berlin] PHP Fatal error:  Uncaught TypeError: Cannot access offset of type string on string in C:\xampp\htdocs\UPANG-LINK\UPANG LINK API\controllers\RequestController.php:382
Stack trace:
#0 [internal function]: RequestController->{closure}('[{"name": "stud...')
#1 C:\xampp\htdocs\UPANG-LINK\UPANG LINK API\controllers\RequestController.php(380): array_map(Object(Closure), Array)
#2 C:\xampp\htdocs\UPANG-LINK\UPANG LINK API\controllers\RequestController.php(193): RequestController->formatRequirements(Array)
#3 C:\xampp\htdocs\UPANG-LINK\UPANG LINK API\controllers\RequestController.php(35): RequestController->getRequestTypes()
#4 C:\xampp\htdocs\UPANG-LINK\UPANG LINK API\api\index.php(141): RequestController->handleRequest('GET', Array)
#5 {main}
  thrown in C:\xampp\htdocs\UPANG-LINK\UPANG LINK API\controllers\RequestController.php on line 382
[13-Mar-2025 18:57:32 Europe/Berlin] Attempting to connect to database: mysql:host=localhost;dbname=upang_link
[13-Mar-2025 18:57:32 Europe/Berlin] Database connection successful
[13-Mar-2025 18:57:32 Europe/Berlin] Initializing RequestController
[13-Mar-2025 18:57:32 Europe/Berlin] Attempting to connect to database: mysql:host=localhost;dbname=upang_link
[13-Mar-2025 18:57:32 Europe/Berlin] Database connection successful
[13-Mar-2025 18:57:32 Europe/Berlin] RequestController initialized successfully
[13-Mar-2025 18:57:32 Europe/Berlin] Handling request: Method=GET, Endpoint=requests/types
[13-Mar-2025 18:57:32 Europe/Berlin] Normalized endpoint: types
[13-Mar-2025 18:57:32 Europe/Berlin] Getting request types
[13-Mar-2025 18:57:32 Europe/Berlin] Processing type: Course Module Request, Raw requirements: {"fields": ["[{\"name\": \"student_id\", \"label\": \"Student ID Number\", \"type\": \"text\", \"required\": true, \"description\": \"Enter your student ID number\"}, {\"name\": \"course_code\", \"label\": \"Course Code\", \"type\": \"text\", \"required\": true, \"description\": \"Enter the course code for the module you need\"}, {\"name\": \"professor_approval\", \"label\": \"Professor Approval\", \"type\": \"file\", \"required\": true, \"allowed_types\": \"pdf,jpg,png\", \"description\": \"Upload the signed approval from your professor\"}]"], "instructions": "Please provide your student ID, course code, and professor approval for the module request."}
[13-Mar-2025 18:57:32 Europe/Berlin] Successfully decoded JSON requirements for Course Module Request
[13-Mar-2025 18:57:32 Europe/Berlin] Final requirements for Course Module Request: Array
(
    [fields] => Array
        (
            [0] => [{"name": "student_id", "label": "Student ID Number", "type": "text", "required": true, "description": "Enter your student ID number"}, {"name": "course_code", "label": "Course Code", "type": "text", "required": true, "description": "Enter the course code for the module you need"}, {"name": "professor_approval", "label": "Professor Approval", "type": "file", "required": true, "allowed_types": "pdf,jpg,png", "description": "Upload the signed approval from your professor"}]
        )

    [instructions] => Please provide your student ID, course code, and professor approval for the module request.
)

[13-Mar-2025 18:57:32 Europe/Berlin] Processing type: Enrollment Certificate, Raw requirements: {"fields": [{"name": "student_id", "label": "Student ID", "type": "file", "required": true, "allowed_types": "pdf,jpg,png", "description": "Valid student ID"}]}
[13-Mar-2025 18:57:32 Europe/Berlin] Successfully decoded JSON requirements for Enrollment Certificate
[13-Mar-2025 18:57:32 Europe/Berlin] Final requirements for Enrollment Certificate: Array
(
    [fields] => Array
        (
            [0] => Array
                (
                    [name] => student_id
                    [label] => Student ID
                    [type] => file
                    [required] => 1
                    [allowed_types] => pdf,jpg,png
                    [description] => Valid student ID
                )

        )

)

[13-Mar-2025 18:57:32 Europe/Berlin] Processing type: ID Replacement, Raw requirements: {"fields": [{"name": "affidavit", "label": "Affidavit of Loss", "type": "file", "required": true, "allowed_types": "pdf", "description": "Notarized affidavit of loss"}]}
[13-Mar-2025 18:57:32 Europe/Berlin] Successfully decoded JSON requirements for ID Replacement
[13-Mar-2025 18:57:32 Europe/Berlin] Final requirements for ID Replacement: Array
(
    [fields] => Array
        (
            [0] => Array
                (
                    [name] => affidavit
                    [label] => Affidavit of Loss
                    [type] => file
                    [required] => 1
                    [allowed_types] => pdf
                    [description] => Notarized affidavit of loss
                )

        )

)

[13-Mar-2025 18:57:32 Europe/Berlin] Processing type: New Student ID, Raw requirements: {"fields": [{"name": "id_photo", "label": "1x1 ID Photo", "type": "file", "required": true, "allowed_types": "jpg,png", "description": "1x1 ID Picture with white background"}]}
[13-Mar-2025 18:57:32 Europe/Berlin] Successfully decoded JSON requirements for New Student ID
[13-Mar-2025 18:57:32 Europe/Berlin] Final requirements for New Student ID: Array
(
    [fields] => Array
        (
            [0] => Array
                (
                    [name] => id_photo
                    [label] => 1x1 ID Photo
                    [type] => file
                    [required] => 1
                    [allowed_types] => jpg,png
                    [description] => 1x1 ID Picture with white background
                )

        )

)

[13-Mar-2025 18:57:32 Europe/Berlin] Processing type: PE Uniform Request, Raw requirements: {"fields": [{"name": "measurement", "label": "Size Measurements", "type": "file", "required": true, "allowed_types": "pdf,jpg,png", "description": "Size measurements form"}]}
[13-Mar-2025 18:57:32 Europe/Berlin] Successfully decoded JSON requirements for PE Uniform Request
[13-Mar-2025 18:57:32 Europe/Berlin] Final requirements for PE Uniform Request: Array
(
    [fields] => Array
        (
            [0] => Array
                (
                    [name] => measurement
                    [label] => Size Measurements
                    [type] => file
                    [required] => 1
                    [allowed_types] => pdf,jpg,png
                    [description] => Size measurements form
                )

        )

)

[13-Mar-2025 18:57:32 Europe/Berlin] Processing type: School Uniform Request, Raw requirements: {"required_docs": ["Valid student ID"]}
[13-Mar-2025 18:57:32 Europe/Berlin] Successfully decoded JSON requirements for School Uniform Request
[13-Mar-2025 18:57:32 Europe/Berlin] Final requirements for School Uniform Request: Array
(
    [required_docs] => Array
        (
            [0] => Valid student ID
        )

)

[13-Mar-2025 18:57:32 Europe/Berlin] Processing type: Transcript of Records, Raw requirements: {"fields": [{"name": "clearance_form", "label": "Clearance Form", "type": "file", "required": true, "allowed_types": "pdf,jpg,png", "description": "Fully accomplished clearance form"}]}
[13-Mar-2025 18:57:32 Europe/Berlin] Successfully decoded JSON requirements for Transcript of Records
[13-Mar-2025 18:57:32 Europe/Berlin] Final requirements for Transcript of Records: Array
(
    [fields] => Array
        (
            [0] => Array
                (
                    [name] => clearance_form
                    [label] => Clearance Form
                    [type] => file
                    [required] => 1
                    [allowed_types] => pdf,jpg,png
                    [description] => Fully accomplished clearance form
                )

        )

)

[13-Mar-2025 18:57:32 Europe/Berlin] Processing type: Course Module Request, Requirements: Array
(
    [fields] => Array
        (
            [0] => [{"name": "student_id", "label": "Student ID Number", "type": "text", "required": true, "description": "Enter your student ID number"}, {"name": "course_code", "label": "Course Code", "type": "text", "required": true, "description": "Enter the course code for the module you need"}, {"name": "professor_approval", "label": "Professor Approval", "type": "file", "required": true, "allowed_types": "pdf,jpg,png", "description": "Upload the signed approval from your professor"}]
        )

    [instructions] => Please provide your student ID, course code, and professor approval for the module request.
)

[13-Mar-2025 18:57:32 Europe/Berlin] Formatting requirements: Array
(
    [fields] => Array
        (
            [0] => [{"name": "student_id", "label": "Student ID Number", "type": "text", "required": true, "description": "Enter your student ID number"}, {"name": "course_code", "label": "Course Code", "type": "text", "required": true, "description": "Enter the course code for the module you need"}, {"name": "professor_approval", "label": "Professor Approval", "type": "file", "required": true, "allowed_types": "pdf,jpg,png", "description": "Upload the signed approval from your professor"}]
        )

    [instructions] => Please provide your student ID, course code, and professor approval for the module request.
)

[13-Mar-2025 18:57:32 Europe/Berlin] Requirements is an array
[13-Mar-2025 18:57:32 Europe/Berlin] Requirements already has fields key
[13-Mar-2025 18:57:32 Europe/Berlin] Formatted requirements: Array
(
    [fields] => Array
        (
            [0] => [{"name": "student_id", "label": "Student ID Number", "type": "text", "required": true, "description": "Enter your student ID number"}, {"name": "course_code", "label": "Course Code", "type": "text", "required": true, "description": "Enter the course code for the module you need"}, {"name": "professor_approval", "label": "Professor Approval", "type": "file", "required": true, "allowed_types": "pdf,jpg,png", "description": "Upload the signed approval from your professor"}]
        )

    [instructions] => Please provide your student ID, course code, and professor approval for the module request.
)

[13-Mar-2025 18:57:32 Europe/Berlin] Processing type: Enrollment Certificate, Requirements: Array
(
    [fields] => Array
        (
            [0] => Array
                (
                    [name] => student_id
                    [label] => Student ID
                    [type] => file
                    [required] => 1
                    [allowed_types] => pdf,jpg,png
                    [description] => Valid student ID
                )

        )

)

[13-Mar-2025 18:57:32 Europe/Berlin] Formatting requirements: Array
(
    [fields] => Array
        (
            [0] => Array
                (
                    [name] => student_id
                    [label] => Student ID
                    [type] => file
                    [required] => 1
                    [allowed_types] => pdf,jpg,png
                    [description] => Valid student ID
                )

        )

)

[13-Mar-2025 18:57:32 Europe/Berlin] Requirements is an array
[13-Mar-2025 18:57:32 Europe/Berlin] Requirements already has fields key
[13-Mar-2025 18:57:32 Europe/Berlin] Formatted requirements: Array
(
    [fields] => Array
        (
            [0] => Array
                (
                    [name] => student_id
                    [label] => Student ID
                    [type] => file
                    [required] => 1
                    [allowed_types] => pdf,jpg,png
                    [description] => Valid student ID
                )

        )

)

[13-Mar-2025 18:57:32 Europe/Berlin] Processing type: ID Replacement, Requirements: Array
(
    [fields] => Array
        (
            [0] => Array
                (
                    [name] => affidavit
                    [label] => Affidavit of Loss
                    [type] => file
                    [required] => 1
                    [allowed_types] => pdf
                    [description] => Notarized affidavit of loss
                )

        )

)

[13-Mar-2025 18:57:32 Europe/Berlin] Formatting requirements: Array
(
    [fields] => Array
        (
            [0] => Array
                (
                    [name] => affidavit
                    [label] => Affidavit of Loss
                    [type] => file
                    [required] => 1
                    [allowed_types] => pdf
                    [description] => Notarized affidavit of loss
                )

        )

)

[13-Mar-2025 18:57:32 Europe/Berlin] Requirements is an array
[13-Mar-2025 18:57:32 Europe/Berlin] Requirements already has fields key
[13-Mar-2025 18:57:32 Europe/Berlin] Formatted requirements: Array
(
    [fields] => Array
        (
            [0] => Array
                (
                    [name] => affidavit
                    [label] => Affidavit of Loss
                    [type] => file
                    [required] => 1
                    [allowed_types] => pdf
                    [description] => Notarized affidavit of loss
                )

        )

)

[13-Mar-2025 18:57:32 Europe/Berlin] Processing type: New Student ID, Requirements: Array
(
    [fields] => Array
        (
            [0] => Array
                (
                    [name] => id_photo
                    [label] => 1x1 ID Photo
                    [type] => file
                    [required] => 1
                    [allowed_types] => jpg,png
                    [description] => 1x1 ID Picture with white background
                )

        )

)

[13-Mar-2025 18:57:32 Europe/Berlin] Formatting requirements: Array
(
    [fields] => Array
        (
            [0] => Array
                (
                    [name] => id_photo
                    [label] => 1x1 ID Photo
                    [type] => file
                    [required] => 1
                    [allowed_types] => jpg,png
                    [description] => 1x1 ID Picture with white background
                )

        )

)

[13-Mar-2025 18:57:32 Europe/Berlin] Requirements is an array
[13-Mar-2025 18:57:32 Europe/Berlin] Requirements already has fields key
[13-Mar-2025 18:57:32 Europe/Berlin] Formatted requirements: Array
(
    [fields] => Array
        (
            [0] => Array
                (
                    [name] => id_photo
                    [label] => 1x1 ID Photo
                    [type] => file
                    [required] => 1
                    [allowed_types] => jpg,png
                    [description] => 1x1 ID Picture with white background
                )

        )

)

[13-Mar-2025 18:57:32 Europe/Berlin] Processing type: PE Uniform Request, Requirements: Array
(
    [fields] => Array
        (
            [0] => Array
                (
                    [name] => measurement
                    [label] => Size Measurements
                    [type] => file
                    [required] => 1
                    [allowed_types] => pdf,jpg,png
                    [description] => Size measurements form
                )

        )

)

[13-Mar-2025 18:57:32 Europe/Berlin] Processing type: School Uniform Request, Requirements: Array
(
    [required_docs] => Array
        (
            [0] => Valid student ID
        )

)

[13-Mar-2025 18:57:32 Europe/Berlin] Processing type: Transcript of Records, Requirements: Array
(
    [fields] => Array
        (
            [0] => Array
                (
                    [name] => clearance_form
                    [label] => Clearance Form
                    [type] => file
                    [required] => 1
                    [allowed_types] => pdf,jpg,png
                    [description] => Fully accomplished clearance form
                )

        )

)

[13-Mar-2025 18:57:32 Europe/Berlin] Formatting requirements: Array
(
    [fields] => Array
        (
            [0] => Array
                (
                    [name] => clearance_form
                    [label] => Clearance Form
                    [type] => file
                    [required] => 1
                    [allowed_types] => pdf,jpg,png
                    [description] => Fully accomplished clearance form
                )

        )

)

[13-Mar-2025 18:57:32 Europe/Berlin] Requirements is an array
[13-Mar-2025 18:57:32 Europe/Berlin] Requirements already has fields key
[13-Mar-2025 18:57:32 Europe/Berlin] Formatted requirements: Array
(
    [fields] => Array
        (
            [0] => Array
                (
                    [name] => clearance_form
                    [label] => Clearance Form
                    [type] => file
                    [required] => 1
                    [allowed_types] => pdf,jpg,png
                    [description] => Fully accomplished clearance form
                )

        )

)

[13-Mar-2025 18:57:32 Europe/Berlin] Successfully fetched 7 request types
[13-Mar-2025 19:05:05 Europe/Berlin] Attempting to connect to database: mysql:host=localhost;dbname=upang_link
[13-Mar-2025 19:05:05 Europe/Berlin] Database connection successful
[13-Mar-2025 19:05:05 Europe/Berlin] Initializing RequestController
[13-Mar-2025 19:05:05 Europe/Berlin] Attempting to connect to database: mysql:host=localhost;dbname=upang_link
[13-Mar-2025 19:05:05 Europe/Berlin] Database connection successful
[13-Mar-2025 19:05:05 Europe/Berlin] RequestController initialized successfully
[13-Mar-2025 19:05:05 Europe/Berlin] Handling request: Method=GET, Endpoint=requests/types
[13-Mar-2025 19:05:05 Europe/Berlin] Normalized endpoint: types
[13-Mar-2025 19:05:05 Europe/Berlin] Getting request types
[13-Mar-2025 19:05:05 Europe/Berlin] Processing type: Course Module Request, Raw requirements: {"fields":[{"name":"student_id","label":"Student ID Number","type":"text","required":true,"description":"Enter your student ID number"},{"name":"course_code","label":"Course Code","type":"text","required":true,"description":"Enter the course code for the module"},{"name":"year_level","label":"Year Level","type":"select","required":true,"description":"Select your current year level","options":["1st Year","2nd Year","3rd Year","4th Year","5th Year"]},{"name":"proof_of_enrollment","label":"Proof of Enrollment","type":"file","required":true,"allowed_types":"pdf,jpg,png","description":"Upload your proof of enrollment"}],"instructions":"Please provide all required information and documents for the course module request."}
[13-Mar-2025 19:05:05 Europe/Berlin] Successfully decoded JSON requirements for Course Module Request
[13-Mar-2025 19:05:05 Europe/Berlin] Final requirements for Course Module Request: Array
(
    [fields] => Array
        (
            [0] => Array
                (
                    [name] => student_id
                    [label] => Student ID Number
                    [type] => text
                    [required] => 1
                    [description] => Enter your student ID number
                )

            [1] => Array
                (
                    [name] => course_code
                    [label] => Course Code
                    [type] => text
                    [required] => 1
                    [description] => Enter the course code for the module
                )

            [2] => Array
                (
                    [name] => year_level
                    [label] => Year Level
                    [type] => select
                    [required] => 1
                    [description] => Select your current year level
                    [options] => Array
                        (
                            [0] => 1st Year
                            [1] => 2nd Year
                            [2] => 3rd Year
                            [3] => 4th Year
                            [4] => 5th Year
                        )

                )

            [3] => Array
                (
                    [name] => proof_of_enrollment
                    [label] => Proof of Enrollment
                    [type] => file
                    [required] => 1
                    [allowed_types] => pdf,jpg,png
                    [description] => Upload your proof of enrollment
                )

        )

    [instructions] => Please provide all required information and documents for the course module request.
)

[13-Mar-2025 19:05:05 Europe/Berlin] Processing type: Enrollment Certificate, Raw requirements: {"fields":[{"name":"student_id","label":"Student ID Number","type":"text","required":true,"description":"Enter your student ID number"},{"name":"year_level","label":"Year Level","type":"select","required":true,"description":"Select your current year level","options":["1st Year","2nd Year","3rd Year","4th Year","5th Year"]},{"name":"purpose","label":"Purpose","type":"text","required":true,"description":"State the purpose for requesting the certificate"}],"instructions":"Please provide your student ID, year level, and purpose for requesting the certificate."}
[13-Mar-2025 19:05:05 Europe/Berlin] Successfully decoded JSON requirements for Enrollment Certificate
[13-Mar-2025 19:05:05 Europe/Berlin] Final requirements for Enrollment Certificate: Array
(
    [fields] => Array
        (
            [0] => Array
                (
                    [name] => student_id
                    [label] => Student ID Number
                    [type] => text
                    [required] => 1
                    [description] => Enter your student ID number
                )

            [1] => Array
                (
                    [name] => year_level
                    [label] => Year Level
                    [type] => select
                    [required] => 1
                    [description] => Select your current year level
                    [options] => Array
                        (
                            [0] => 1st Year
                            [1] => 2nd Year
                            [2] => 3rd Year
                            [3] => 4th Year
                            [4] => 5th Year
                        )

                )

            [2] => Array
                (
                    [name] => purpose
                    [label] => Purpose
                    [type] => text
                    [required] => 1
                    [description] => State the purpose for requesting the certificate
                )

        )

    [instructions] => Please provide your student ID, year level, and purpose for requesting the certificate.
)

[13-Mar-2025 19:05:05 Europe/Berlin] Processing type: ID Replacement, Raw requirements: {"fields":[{"name":"student_id","label":"Student ID Number","type":"text","required":true,"description":"Enter your student ID number"},{"name":"affidavit_loss","label":"Affidavit of Loss","type":"file","required":true,"allowed_types":"pdf","description":"Upload notarized affidavit of loss"},{"name":"id_picture","label":"1x1 ID Picture","type":"file","required":true,"allowed_types":"jpg,png","description":"1x1 ID Picture with white background"}],"instructions":"Please provide your student ID number and upload the required documents."}
[13-Mar-2025 19:05:05 Europe/Berlin] Successfully decoded JSON requirements for ID Replacement
[13-Mar-2025 19:05:05 Europe/Berlin] Final requirements for ID Replacement: Array
(
    [fields] => Array
        (
            [0] => Array
                (
                    [name] => student_id
                    [label] => Student ID Number
                    [type] => text
                    [required] => 1
                    [description] => Enter your student ID number
                )

            [1] => Array
                (
                    [name] => affidavit_loss
                    [label] => Affidavit of Loss
                    [type] => file
                    [required] => 1
                    [allowed_types] => pdf
                    [description] => Upload notarized affidavit of loss
                )

            [2] => Array
                (
                    [name] => id_picture
                    [label] => 1x1 ID Picture
                    [type] => file
                    [required] => 1
                    [allowed_types] => jpg,png
                    [description] => 1x1 ID Picture with white background
                )

        )

    [instructions] => Please provide your student ID number and upload the required documents.
)

[13-Mar-2025 19:05:05 Europe/Berlin] Processing type: New Student ID, Raw requirements: {"fields":[{"name":"student_id","label":"Student ID Number","type":"text","required":true,"description":"Enter your student ID number"},{"name":"id_picture","label":"1x1 ID Picture","type":"file","required":true,"allowed_types":"jpg,png","description":"1x1 ID Picture with white background"},{"name":"enrollment_proof","label":"Proof of Enrollment","type":"file","required":true,"allowed_types":"pdf,jpg,png","description":"Upload your proof of enrollment"}],"instructions":"Please provide your student ID number and upload the required documents."}
[13-Mar-2025 19:05:05 Europe/Berlin] Successfully decoded JSON requirements for New Student ID
[13-Mar-2025 19:05:05 Europe/Berlin] Final requirements for New Student ID: Array
(
    [fields] => Array
        (
            [0] => Array
                (
                    [name] => student_id
                    [label] => Student ID Number
                    [type] => text
                    [required] => 1
                    [description] => Enter your student ID number
                )

            [1] => Array
                (
                    [name] => id_picture
                    [label] => 1x1 ID Picture
                    [type] => file
                    [required] => 1
                    [allowed_types] => jpg,png
                    [description] => 1x1 ID Picture with white background
                )

            [2] => Array
                (
                    [name] => enrollment_proof
                    [label] => Proof of Enrollment
                    [type] => file
                    [required] => 1
                    [allowed_types] => pdf,jpg,png
                    [description] => Upload your proof of enrollment
                )

        )

    [instructions] => Please provide your student ID number and upload the required documents.
)

[13-Mar-2025 19:05:05 Europe/Berlin] Processing type: PE Uniform Request, Raw requirements: {"fields":[{"name":"student_id","label":"Student ID Number","type":"text","required":true,"description":"Enter your student ID number"},{"name":"uniform_size","label":"PE Uniform Size","type":"select","required":true,"description":"Select your PE uniform size","options":["XS","S","M","L","XL","XXL"]}],"instructions":"Please provide your student ID number and select your PE uniform size."}
[13-Mar-2025 19:05:05 Europe/Berlin] Successfully decoded JSON requirements for PE Uniform Request
[13-Mar-2025 19:05:05 Europe/Berlin] Final requirements for PE Uniform Request: Array
(
    [fields] => Array
        (
            [0] => Array
                (
                    [name] => student_id
                    [label] => Student ID Number
                    [type] => text
                    [required] => 1
                    [description] => Enter your student ID number
                )

            [1] => Array
                (
                    [name] => uniform_size
                    [label] => PE Uniform Size
                    [type] => select
                    [required] => 1
                    [description] => Select your PE uniform size
                    [options] => Array
                        (
                            [0] => XS
                            [1] => S
                            [2] => M
                            [3] => L
                            [4] => XL
                            [5] => XXL
                        )

                )

        )

    [instructions] => Please provide your student ID number and select your PE uniform size.
)

[13-Mar-2025 19:05:05 Europe/Berlin] Processing type: School Uniform Request, Raw requirements: {"fields":[{"name":"student_id","label":"Student ID Number","type":"text","required":true,"description":"Enter your student ID number"},{"name":"uniform_size","label":"School Uniform Size","type":"select","required":true,"description":"Select your school uniform size","options":["XS","S","M","L","XL","XXL"]}],"instructions":"Please provide your student ID number and select your school uniform size."}
[13-Mar-2025 19:05:05 Europe/Berlin] Successfully decoded JSON requirements for School Uniform Request
[13-Mar-2025 19:05:05 Europe/Berlin] Final requirements for School Uniform Request: Array
(
    [fields] => Array
        (
            [0] => Array
                (
                    [name] => student_id
                    [label] => Student ID Number
                    [type] => text
                    [required] => 1
                    [description] => Enter your student ID number
                )

            [1] => Array
                (
                    [name] => uniform_size
                    [label] => School Uniform Size
                    [type] => select
                    [required] => 1
                    [description] => Select your school uniform size
                    [options] => Array
                        (
                            [0] => XS
                            [1] => S
                            [2] => M
                            [3] => L
                            [4] => XL
                            [5] => XXL
                        )

                )

        )

    [instructions] => Please provide your student ID number and select your school uniform size.
)

[13-Mar-2025 19:05:05 Europe/Berlin] Processing type: Transcript of Records, Raw requirements: {"fields":[{"name":"student_id","label":"Student ID Number","type":"text","required":true,"description":"Enter your student ID number"},{"name":"clearance_form","label":"Clearance Form","type":"file","required":true,"allowed_types":"pdf,jpg,png","description":"Upload your completed clearance form"},{"name":"request_letter","label":"Request Letter","type":"file","required":true,"allowed_types":"pdf,doc,docx","description":"Upload your formal request letter"}],"instructions":"Please submit all required documents in the specified format."}
[13-Mar-2025 19:05:05 Europe/Berlin] Successfully decoded JSON requirements for Transcript of Records
[13-Mar-2025 19:05:05 Europe/Berlin] Final requirements for Transcript of Records: Array
(
    [fields] => Array
        (
            [0] => Array
                (
                    [name] => student_id
                    [label] => Student ID Number
                    [type] => text
                    [required] => 1
                    [description] => Enter your student ID number
                )

            [1] => Array
                (
                    [name] => clearance_form
                    [label] => Clearance Form
                    [type] => file
                    [required] => 1
                    [allowed_types] => pdf,jpg,png
                    [description] => Upload your completed clearance form
                )

            [2] => Array
                (
                    [name] => request_letter
                    [label] => Request Letter
                    [type] => file
                    [required] => 1
                    [allowed_types] => pdf,doc,docx
                    [description] => Upload your formal request letter
                )

        )

    [instructions] => Please submit all required documents in the specified format.
)

[13-Mar-2025 19:05:05 Europe/Berlin] Processing type: Course Module Request, Requirements: Array
(
    [fields] => Array
        (
            [0] => Array
                (
                    [name] => student_id
                    [label] => Student ID Number
                    [type] => text
                    [required] => 1
                    [description] => Enter your student ID number
                )

            [1] => Array
                (
                    [name] => course_code
                    [label] => Course Code
                    [type] => text
                    [required] => 1
                    [description] => Enter the course code for the module
                )

            [2] => Array
                (
                    [name] => year_level
                    [label] => Year Level
                    [type] => select
                    [required] => 1
                    [description] => Select your current year level
                    [options] => Array
                        (
                            [0] => 1st Year
                            [1] => 2nd Year
                            [2] => 3rd Year
                            [3] => 4th Year
                            [4] => 5th Year
                        )

                )

            [3] => Array
                (
                    [name] => proof_of_enrollment
                    [label] => Proof of Enrollment
                    [type] => file
                    [required] => 1
                    [allowed_types] => pdf,jpg,png
                    [description] => Upload your proof of enrollment
                )

        )

    [instructions] => Please provide all required information and documents for the course module request.
)

[13-Mar-2025 19:05:05 Europe/Berlin] Formatting requirements: Array
(
    [fields] => Array
        (
            [0] => Array
                (
                    [name] => student_id
                    [label] => Student ID Number
                    [type] => text
                    [required] => 1
                    [description] => Enter your student ID number
                )

            [1] => Array
                (
                    [name] => course_code
                    [label] => Course Code
                    [type] => text
                    [required] => 1
                    [description] => Enter the course code for the module
                )

            [2] => Array
                (
                    [name] => year_level
                    [label] => Year Level
                    [type] => select
                    [required] => 1
                    [description] => Select your current year level
                    [options] => Array
                        (
                            [0] => 1st Year
                            [1] => 2nd Year
                            [2] => 3rd Year
                            [3] => 4th Year
                            [4] => 5th Year
                        )

                )

            [3] => Array
                (
                    [name] => proof_of_enrollment
                    [label] => Proof of Enrollment
                    [type] => file
                    [required] => 1
                    [allowed_types] => pdf,jpg,png
                    [description] => Upload your proof of enrollment
                )

        )

    [instructions] => Please provide all required information and documents for the course module request.
)

[13-Mar-2025 19:05:05 Europe/Berlin] Requirements is an array
[13-Mar-2025 19:05:05 Europe/Berlin] Requirements already has fields key
[13-Mar-2025 19:05:05 Europe/Berlin] Formatted requirements: Array
(
    [fields] => Array
        (
            [0] => Array
                (
                    [name] => student_id
                    [label] => Student ID Number
                    [type] => text
                    [required] => 1
                    [description] => Enter your student ID number
                )

            [1] => Array
                (
                    [name] => course_code
                    [label] => Course Code
                    [type] => text
                    [required] => 1
                    [description] => Enter the course code for the module
                )

            [2] => Array
                (
                    [name] => year_level
                    [label] => Year Level
                    [type] => select
                    [required] => 1
                    [description] => Select your current year level
                    [options] => Array
                        (
                            [0] => 1st Year
                            [1] => 2nd Year
                            [2] => 3rd Year
                            [3] => 4th Year
                            [4] => 5th Year
                        )

                )

            [3] => Array
                (
                    [name] => proof_of_enrollment
                    [label] => Proof of Enrollment
                    [type] => file
                    [required] => 1
                    [allowed_types] => pdf,jpg,png
                    [description] => Upload your proof of enrollment
                )

        )

    [instructions] => Please provide all required information and documents for the course module request.
)

[13-Mar-2025 19:05:05 Europe/Berlin] Processing type: Enrollment Certificate, Requirements: Array
(
    [fields] => Array
        (
            [0] => Array
                (
                    [name] => student_id
                    [label] => Student ID Number
                    [type] => text
                    [required] => 1
                    [description] => Enter your student ID number
                )

            [1] => Array
                (
                    [name] => year_level
                    [label] => Year Level
                    [type] => select
                    [required] => 1
                    [description] => Select your current year level
                    [options] => Array
                        (
                            [0] => 1st Year
                            [1] => 2nd Year
                            [2] => 3rd Year
                            [3] => 4th Year
                            [4] => 5th Year
                        )

                )

            [2] => Array
                (
                    [name] => purpose
                    [label] => Purpose
                    [type] => text
                    [required] => 1
                    [description] => State the purpose for requesting the certificate
                )

        )

    [instructions] => Please provide your student ID, year level, and purpose for requesting the certificate.
)

[13-Mar-2025 19:05:05 Europe/Berlin] Formatting requirements: Array
(
    [fields] => Array
        (
            [0] => Array
                (
                    [name] => student_id
                    [label] => Student ID Number
                    [type] => text
                    [required] => 1
                    [description] => Enter your student ID number
                )

            [1] => Array
                (
                    [name] => year_level
                    [label] => Year Level
                    [type] => select
                    [required] => 1
                    [description] => Select your current year level
                    [options] => Array
                        (
                            [0] => 1st Year
                            [1] => 2nd Year
                            [2] => 3rd Year
                            [3] => 4th Year
                            [4] => 5th Year
                        )

                )

            [2] => Array
                (
                    [name] => purpose
                    [label] => Purpose
                    [type] => text
                    [required] => 1
                    [description] => State the purpose for requesting the certificate
                )

        )

    [instructions] => Please provide your student ID, year level, and purpose for requesting the certificate.
)

[13-Mar-2025 19:05:05 Europe/Berlin] Requirements is an array
[13-Mar-2025 19:05:05 Europe/Berlin] Requirements already has fields key
[13-Mar-2025 19:05:05 Europe/Berlin] Formatted requirements: Array
(
    [fields] => Array
        (
            [0] => Array
                (
                    [name] => student_id
                    [label] => Student ID Number
                    [type] => text
                    [required] => 1
                    [description] => Enter your student ID number
                )

            [1] => Array
                (
                    [name] => year_level
                    [label] => Year Level
                    [type] => select
                    [required] => 1
                    [description] => Select your current year level
                    [options] => Array
                        (
                            [0] => 1st Year
                            [1] => 2nd Year
                            [2] => 3rd Year
                            [3] => 4th Year
                            [4] => 5th Year
                        )

                )

            [2] => Array
                (
                    [name] => purpose
                    [label] => Purpose
                    [type] => text
                    [required] => 1
                    [description] => State the purpose for requesting the certificate
                )

        )

    [instructions] => Please provide your student ID, year level, and purpose for requesting the certificate.
)

[13-Mar-2025 19:05:05 Europe/Berlin] Processing type: ID Replacement, Requirements: Array
(
    [fields] => Array
        (
            [0] => Array
                (
                    [name] => student_id
                    [label] => Student ID Number
                    [type] => text
                    [required] => 1
                    [description] => Enter your student ID number
                )

            [1] => Array
                (
                    [name] => affidavit_loss
                    [label] => Affidavit of Loss
                    [type] => file
                    [required] => 1
                    [allowed_types] => pdf
                    [description] => Upload notarized affidavit of loss
                )

            [2] => Array
                (
                    [name] => id_picture
                    [label] => 1x1 ID Picture
                    [type] => file
                    [required] => 1
                    [allowed_types] => jpg,png
                    [description] => 1x1 ID Picture with white background
                )

        )

    [instructions] => Please provide your student ID number and upload the required documents.
)

[13-Mar-2025 19:05:05 Europe/Berlin] Formatting requirements: Array
(
    [fields] => Array
        (
            [0] => Array
                (
                    [name] => student_id
                    [label] => Student ID Number
                    [type] => text
                    [required] => 1
                    [description] => Enter your student ID number
                )

            [1] => Array
                (
                    [name] => affidavit_loss
                    [label] => Affidavit of Loss
                    [type] => file
                    [required] => 1
                    [allowed_types] => pdf
                    [description] => Upload notarized affidavit of loss
                )

            [2] => Array
                (
                    [name] => id_picture
                    [label] => 1x1 ID Picture
                    [type] => file
                    [required] => 1
                    [allowed_types] => jpg,png
                    [description] => 1x1 ID Picture with white background
                )

        )

    [instructions] => Please provide your student ID number and upload the required documents.
)

[13-Mar-2025 19:05:05 Europe/Berlin] Requirements is an array
[13-Mar-2025 19:05:05 Europe/Berlin] Requirements already has fields key
[13-Mar-2025 19:05:05 Europe/Berlin] Formatted requirements: Array
(
    [fields] => Array
        (
            [0] => Array
                (
                    [name] => student_id
                    [label] => Student ID Number
                    [type] => text
                    [required] => 1
                    [description] => Enter your student ID number
                )

            [1] => Array
                (
                    [name] => affidavit_loss
                    [label] => Affidavit of Loss
                    [type] => file
                    [required] => 1
                    [allowed_types] => pdf
                    [description] => Upload notarized affidavit of loss
                )

            [2] => Array
                (
                    [name] => id_picture
                    [label] => 1x1 ID Picture
                    [type] => file
                    [required] => 1
                    [allowed_types] => jpg,png
                    [description] => 1x1 ID Picture with white background
                )

        )

    [instructions] => Please provide your student ID number and upload the required documents.
)

[13-Mar-2025 19:05:05 Europe/Berlin] Processing type: New Student ID, Requirements: Array
(
    [fields] => Array
        (
            [0] => Array
                (
                    [name] => student_id
                    [label] => Student ID Number
                    [type] => text
                    [required] => 1
                    [description] => Enter your student ID number
                )

            [1] => Array
                (
                    [name] => id_picture
                    [label] => 1x1 ID Picture
                    [type] => file
                    [required] => 1
                    [allowed_types] => jpg,png
                    [description] => 1x1 ID Picture with white background
                )

            [2] => Array
                (
                    [name] => enrollment_proof
                    [label] => Proof of Enrollment
                    [type] => file
                    [required] => 1
                    [allowed_types] => pdf,jpg,png
                    [description] => Upload your proof of enrollment
                )

        )

    [instructions] => Please provide your student ID number and upload the required documents.
)

[13-Mar-2025 19:05:05 Europe/Berlin] Formatting requirements: Array
(
    [fields] => Array
        (
            [0] => Array
                (
                    [name] => student_id
                    [label] => Student ID Number
                    [type] => text
                    [required] => 1
                    [description] => Enter your student ID number
                )

            [1] => Array
                (
                    [name] => id_picture
                    [label] => 1x1 ID Picture
                    [type] => file
                    [required] => 1
                    [allowed_types] => jpg,png
                    [description] => 1x1 ID Picture with white background
                )

            [2] => Array
                (
                    [name] => enrollment_proof
                    [label] => Proof of Enrollment
                    [type] => file
                    [required] => 1
                    [allowed_types] => pdf,jpg,png
                    [description] => Upload your proof of enrollment
                )

        )

    [instructions] => Please provide your student ID number and upload the required documents.
)

[13-Mar-2025 19:05:05 Europe/Berlin] Requirements is an array
[13-Mar-2025 19:05:05 Europe/Berlin] Requirements already has fields key
[13-Mar-2025 19:05:05 Europe/Berlin] Formatted requirements: Array
(
    [fields] => Array
        (
            [0] => Array
                (
                    [name] => student_id
                    [label] => Student ID Number
                    [type] => text
                    [required] => 1
                    [description] => Enter your student ID number
                )

            [1] => Array
                (
                    [name] => id_picture
                    [label] => 1x1 ID Picture
                    [type] => file
                    [required] => 1
                    [allowed_types] => jpg,png
                    [description] => 1x1 ID Picture with white background
                )

            [2] => Array
                (
                    [name] => enrollment_proof
                    [label] => Proof of Enrollment
                    [type] => file
                    [required] => 1
                    [allowed_types] => pdf,jpg,png
                    [description] => Upload your proof of enrollment
                )

        )

    [instructions] => Please provide your student ID number and upload the required documents.
)

[13-Mar-2025 19:05:05 Europe/Berlin] Processing type: PE Uniform Request, Requirements: Array
(
    [fields] => Array
        (
            [0] => Array
                (
                    [name] => student_id
                    [label] => Student ID Number
                    [type] => text
                    [required] => 1
                    [description] => Enter your student ID number
                )

            [1] => Array
                (
                    [name] => uniform_size
                    [label] => PE Uniform Size
                    [type] => select
                    [required] => 1
                    [description] => Select your PE uniform size
                    [options] => Array
                        (
                            [0] => XS
                            [1] => S
                            [2] => M
                            [3] => L
                            [4] => XL
                            [5] => XXL
                        )

                )

        )

    [instructions] => Please provide your student ID number and select your PE uniform size.
)

[13-Mar-2025 19:05:05 Europe/Berlin] Processing type: School Uniform Request, Requirements: Array
(
    [fields] => Array
        (
            [0] => Array
                (
                    [name] => student_id
                    [label] => Student ID Number
                    [type] => text
                    [required] => 1
                    [description] => Enter your student ID number
                )

            [1] => Array
                (
                    [name] => uniform_size
                    [label] => School Uniform Size
                    [type] => select
                    [required] => 1
                    [description] => Select your school uniform size
                    [options] => Array
                        (
                            [0] => XS
                            [1] => S
                            [2] => M
                            [3] => L
                            [4] => XL
                            [5] => XXL
                        )

                )

        )

    [instructions] => Please provide your student ID number and select your school uniform size.
)

[13-Mar-2025 19:05:05 Europe/Berlin] Processing type: Transcript of Records, Requirements: Array
(
    [fields] => Array
        (
            [0] => Array
                (
                    [name] => student_id
                    [label] => Student ID Number
                    [type] => text
                    [required] => 1
                    [description] => Enter your student ID number
                )

            [1] => Array
                (
                    [name] => clearance_form
                    [label] => Clearance Form
                    [type] => file
                    [required] => 1
                    [allowed_types] => pdf,jpg,png
                    [description] => Upload your completed clearance form
                )

            [2] => Array
                (
                    [name] => request_letter
                    [label] => Request Letter
                    [type] => file
                    [required] => 1
                    [allowed_types] => pdf,doc,docx
                    [description] => Upload your formal request letter
                )

        )

    [instructions] => Please submit all required documents in the specified format.
)

[13-Mar-2025 19:05:05 Europe/Berlin] Formatting requirements: Array
(
    [fields] => Array
        (
            [0] => Array
                (
                    [name] => student_id
                    [label] => Student ID Number
                    [type] => text
                    [required] => 1
                    [description] => Enter your student ID number
                )

            [1] => Array
                (
                    [name] => clearance_form
                    [label] => Clearance Form
                    [type] => file
                    [required] => 1
                    [allowed_types] => pdf,jpg,png
                    [description] => Upload your completed clearance form
                )

            [2] => Array
                (
                    [name] => request_letter
                    [label] => Request Letter
                    [type] => file
                    [required] => 1
                    [allowed_types] => pdf,doc,docx
                    [description] => Upload your formal request letter
                )

        )

    [instructions] => Please submit all required documents in the specified format.
)

[13-Mar-2025 19:05:05 Europe/Berlin] Requirements is an array
[13-Mar-2025 19:05:05 Europe/Berlin] Requirements already has fields key
[13-Mar-2025 19:05:05 Europe/Berlin] Formatted requirements: Array
(
    [fields] => Array
        (
            [0] => Array
                (
                    [name] => student_id
                    [label] => Student ID Number
                    [type] => text
                    [required] => 1
                    [description] => Enter your student ID number
                )

            [1] => Array
                (
                    [name] => clearance_form
                    [label] => Clearance Form
                    [type] => file
                    [required] => 1
                    [allowed_types] => pdf,jpg,png
                    [description] => Upload your completed clearance form
                )

            [2] => Array
                (
                    [name] => request_letter
                    [label] => Request Letter
                    [type] => file
                    [required] => 1
                    [allowed_types] => pdf,doc,docx
                    [description] => Upload your formal request letter
                )

        )

    [instructions] => Please submit all required documents in the specified format.
)

[13-Mar-2025 19:05:05 Europe/Berlin] Successfully fetched 7 request types
[13-Mar-2025 19:05:50 Europe/Berlin] Attempting to connect to database: mysql:host=localhost;dbname=upang_link
[13-Mar-2025 19:05:50 Europe/Berlin] Database connection successful
[13-Mar-2025 19:05:50 Europe/Berlin] Initializing RequestController
[13-Mar-2025 19:05:50 Europe/Berlin] Attempting to connect to database: mysql:host=localhost;dbname=upang_link
[13-Mar-2025 19:05:50 Europe/Berlin] Database connection successful
[13-Mar-2025 19:05:50 Europe/Berlin] RequestController initialized successfully
[13-Mar-2025 19:05:50 Europe/Berlin] Handling request: Method=GET, Endpoint=requests/types
[13-Mar-2025 19:05:50 Europe/Berlin] Normalized endpoint: types
[13-Mar-2025 19:05:50 Europe/Berlin] Getting request types
[13-Mar-2025 19:05:50 Europe/Berlin] Processing type: Course Module Request, Raw requirements: {"fields":[{"name":"student_id","label":"Student ID Number","type":"text","required":true,"description":"Enter your student ID number"},{"name":"course_code","label":"Course Code","type":"text","required":true,"description":"Enter the course code for the module"},{"name":"year_level","label":"Year Level","type":"select","required":true,"description":"Select your current year level","options":["1st Year","2nd Year","3rd Year","4th Year","5th Year"]},{"name":"proof_of_enrollment","label":"Proof of Enrollment","type":"file","required":true,"allowed_types":"pdf,jpg,png","description":"Upload your proof of enrollment"}],"instructions":"Please provide all required information and documents for the course module request."}
[13-Mar-2025 19:05:50 Europe/Berlin] Successfully decoded JSON requirements for Course Module Request
[13-Mar-2025 19:05:50 Europe/Berlin] Final requirements for Course Module Request: Array
(
    [fields] => Array
        (
            [0] => Array
                (
                    [name] => student_id
                    [label] => Student ID Number
                    [type] => text
                    [required] => 1
                    [description] => Enter your student ID number
                )

            [1] => Array
                (
                    [name] => course_code
                    [label] => Course Code
                    [type] => text
                    [required] => 1
                    [description] => Enter the course code for the module
                )

            [2] => Array
                (
                    [name] => year_level
                    [label] => Year Level
                    [type] => select
                    [required] => 1
                    [description] => Select your current year level
                    [options] => Array
                        (
                            [0] => 1st Year
                            [1] => 2nd Year
                            [2] => 3rd Year
                            [3] => 4th Year
                            [4] => 5th Year
                        )

                )

            [3] => Array
                (
                    [name] => proof_of_enrollment
                    [label] => Proof of Enrollment
                    [type] => file
                    [required] => 1
                    [allowed_types] => pdf,jpg,png
                    [description] => Upload your proof of enrollment
                )

        )

    [instructions] => Please provide all required information and documents for the course module request.
)

[13-Mar-2025 19:05:50 Europe/Berlin] Processing type: Enrollment Certificate, Raw requirements: {"fields":[{"name":"student_id","label":"Student ID Number","type":"text","required":true,"description":"Enter your student ID number"},{"name":"year_level","label":"Year Level","type":"select","required":true,"description":"Select your current year level","options":["1st Year","2nd Year","3rd Year","4th Year","5th Year"]},{"name":"purpose","label":"Purpose","type":"text","required":true,"description":"State the purpose for requesting the certificate"}],"instructions":"Please provide your student ID, year level, and purpose for requesting the certificate."}
[13-Mar-2025 19:05:50 Europe/Berlin] Successfully decoded JSON requirements for Enrollment Certificate
[13-Mar-2025 19:05:50 Europe/Berlin] Final requirements for Enrollment Certificate: Array
(
    [fields] => Array
        (
            [0] => Array
                (
                    [name] => student_id
                    [label] => Student ID Number
                    [type] => text
                    [required] => 1
                    [description] => Enter your student ID number
                )

            [1] => Array
                (
                    [name] => year_level
                    [label] => Year Level
                    [type] => select
                    [required] => 1
                    [description] => Select your current year level
                    [options] => Array
                        (
                            [0] => 1st Year
                            [1] => 2nd Year
                            [2] => 3rd Year
                            [3] => 4th Year
                            [4] => 5th Year
                        )

                )

            [2] => Array
                (
                    [name] => purpose
                    [label] => Purpose
                    [type] => text
                    [required] => 1
                    [description] => State the purpose for requesting the certificate
                )

        )

    [instructions] => Please provide your student ID, year level, and purpose for requesting the certificate.
)

[13-Mar-2025 19:05:50 Europe/Berlin] Processing type: ID Replacement, Raw requirements: {"fields":[{"name":"student_id","label":"Student ID Number","type":"text","required":true,"description":"Enter your student ID number"},{"name":"affidavit_loss","label":"Affidavit of Loss","type":"file","required":true,"allowed_types":"pdf","description":"Upload notarized affidavit of loss"},{"name":"id_picture","label":"1x1 ID Picture","type":"file","required":true,"allowed_types":"jpg,png","description":"1x1 ID Picture with white background"}],"instructions":"Please provide your student ID number and upload the required documents."}
[13-Mar-2025 19:05:50 Europe/Berlin] Successfully decoded JSON requirements for ID Replacement
[13-Mar-2025 19:05:50 Europe/Berlin] Final requirements for ID Replacement: Array
(
    [fields] => Array
        (
            [0] => Array
                (
                    [name] => student_id
                    [label] => Student ID Number
                    [type] => text
                    [required] => 1
                    [description] => Enter your student ID number
                )

            [1] => Array
                (
                    [name] => affidavit_loss
                    [label] => Affidavit of Loss
                    [type] => file
                    [required] => 1
                    [allowed_types] => pdf
                    [description] => Upload notarized affidavit of loss
                )

            [2] => Array
                (
                    [name] => id_picture
                    [label] => 1x1 ID Picture
                    [type] => file
                    [required] => 1
                    [allowed_types] => jpg,png
                    [description] => 1x1 ID Picture with white background
                )

        )

    [instructions] => Please provide your student ID number and upload the required documents.
)

[13-Mar-2025 19:05:50 Europe/Berlin] Processing type: New Student ID, Raw requirements: {"fields":[{"name":"student_id","label":"Student ID Number","type":"text","required":true,"description":"Enter your student ID number"},{"name":"id_picture","label":"1x1 ID Picture","type":"file","required":true,"allowed_types":"jpg,png","description":"1x1 ID Picture with white background"},{"name":"enrollment_proof","label":"Proof of Enrollment","type":"file","required":true,"allowed_types":"pdf,jpg,png","description":"Upload your proof of enrollment"}],"instructions":"Please provide your student ID number and upload the required documents."}
[13-Mar-2025 19:05:50 Europe/Berlin] Successfully decoded JSON requirements for New Student ID
[13-Mar-2025 19:05:50 Europe/Berlin] Final requirements for New Student ID: Array
(
    [fields] => Array
        (
            [0] => Array
                (
                    [name] => student_id
                    [label] => Student ID Number
                    [type] => text
                    [required] => 1
                    [description] => Enter your student ID number
                )

            [1] => Array
                (
                    [name] => id_picture
                    [label] => 1x1 ID Picture
                    [type] => file
                    [required] => 1
                    [allowed_types] => jpg,png
                    [description] => 1x1 ID Picture with white background
                )

            [2] => Array
                (
                    [name] => enrollment_proof
                    [label] => Proof of Enrollment
                    [type] => file
                    [required] => 1
                    [allowed_types] => pdf,jpg,png
                    [description] => Upload your proof of enrollment
                )

        )

    [instructions] => Please provide your student ID number and upload the required documents.
)

[13-Mar-2025 19:05:50 Europe/Berlin] Processing type: PE Uniform Request, Raw requirements: {"fields":[{"name":"student_id","label":"Student ID Number","type":"text","required":true,"description":"Enter your student ID number"},{"name":"uniform_size","label":"PE Uniform Size","type":"select","required":true,"description":"Select your PE uniform size","options":["XS","S","M","L","XL","XXL"]}],"instructions":"Please provide your student ID number and select your PE uniform size."}
[13-Mar-2025 19:05:50 Europe/Berlin] Successfully decoded JSON requirements for PE Uniform Request
[13-Mar-2025 19:05:50 Europe/Berlin] Final requirements for PE Uniform Request: Array
(
    [fields] => Array
        (
            [0] => Array
                (
                    [name] => student_id
                    [label] => Student ID Number
                    [type] => text
                    [required] => 1
                    [description] => Enter your student ID number
                )

            [1] => Array
                (
                    [name] => uniform_size
                    [label] => PE Uniform Size
                    [type] => select
                    [required] => 1
                    [description] => Select your PE uniform size
                    [options] => Array
                        (
                            [0] => XS
                            [1] => S
                            [2] => M
                            [3] => L
                            [4] => XL
                            [5] => XXL
                        )

                )

        )

    [instructions] => Please provide your student ID number and select your PE uniform size.
)

[13-Mar-2025 19:05:50 Europe/Berlin] Processing type: School Uniform Request, Raw requirements: {"fields":[{"name":"student_id","label":"Student ID Number","type":"text","required":true,"description":"Enter your student ID number"},{"name":"uniform_size","label":"School Uniform Size","type":"select","required":true,"description":"Select your school uniform size","options":["XS","S","M","L","XL","XXL"]}],"instructions":"Please provide your student ID number and select your school uniform size."}
[13-Mar-2025 19:05:50 Europe/Berlin] Successfully decoded JSON requirements for School Uniform Request
[13-Mar-2025 19:05:50 Europe/Berlin] Final requirements for School Uniform Request: Array
(
    [fields] => Array
        (
            [0] => Array
                (
                    [name] => student_id
                    [label] => Student ID Number
                    [type] => text
                    [required] => 1
                    [description] => Enter your student ID number
                )

            [1] => Array
                (
                    [name] => uniform_size
                    [label] => School Uniform Size
                    [type] => select
                    [required] => 1
                    [description] => Select your school uniform size
                    [options] => Array
                        (
                            [0] => XS
                            [1] => S
                            [2] => M
                            [3] => L
                            [4] => XL
                            [5] => XXL
                        )

                )

        )

    [instructions] => Please provide your student ID number and select your school uniform size.
)

[13-Mar-2025 19:05:50 Europe/Berlin] Processing type: Transcript of Records, Raw requirements: {"fields":[{"name":"student_id","label":"Student ID Number","type":"text","required":true,"description":"Enter your student ID number"},{"name":"clearance_form","label":"Clearance Form","type":"file","required":true,"allowed_types":"pdf,jpg,png","description":"Upload your completed clearance form"},{"name":"request_letter","label":"Request Letter","type":"file","required":true,"allowed_types":"pdf,doc,docx","description":"Upload your formal request letter"}],"instructions":"Please submit all required documents in the specified format."}
[13-Mar-2025 19:05:50 Europe/Berlin] Successfully decoded JSON requirements for Transcript of Records
[13-Mar-2025 19:05:50 Europe/Berlin] Final requirements for Transcript of Records: Array
(
    [fields] => Array
        (
            [0] => Array
                (
                    [name] => student_id
                    [label] => Student ID Number
                    [type] => text
                    [required] => 1
                    [description] => Enter your student ID number
                )

            [1] => Array
                (
                    [name] => clearance_form
                    [label] => Clearance Form
                    [type] => file
                    [required] => 1
                    [allowed_types] => pdf,jpg,png
                    [description] => Upload your completed clearance form
                )

            [2] => Array
                (
                    [name] => request_letter
                    [label] => Request Letter
                    [type] => file
                    [required] => 1
                    [allowed_types] => pdf,doc,docx
                    [description] => Upload your formal request letter
                )

        )

    [instructions] => Please submit all required documents in the specified format.
)

[13-Mar-2025 19:05:50 Europe/Berlin] Processing type: Course Module Request, Requirements: Array
(
    [fields] => Array
        (
            [0] => Array
                (
                    [name] => student_id
                    [label] => Student ID Number
                    [type] => text
                    [required] => 1
                    [description] => Enter your student ID number
                )

            [1] => Array
                (
                    [name] => course_code
                    [label] => Course Code
                    [type] => text
                    [required] => 1
                    [description] => Enter the course code for the module
                )

            [2] => Array
                (
                    [name] => year_level
                    [label] => Year Level
                    [type] => select
                    [required] => 1
                    [description] => Select your current year level
                    [options] => Array
                        (
                            [0] => 1st Year
                            [1] => 2nd Year
                            [2] => 3rd Year
                            [3] => 4th Year
                            [4] => 5th Year
                        )

                )

            [3] => Array
                (
                    [name] => proof_of_enrollment
                    [label] => Proof of Enrollment
                    [type] => file
                    [required] => 1
                    [allowed_types] => pdf,jpg,png
                    [description] => Upload your proof of enrollment
                )

        )

    [instructions] => Please provide all required information and documents for the course module request.
)

[13-Mar-2025 19:05:50 Europe/Berlin] Formatting requirements: Array
(
    [fields] => Array
        (
            [0] => Array
                (
                    [name] => student_id
                    [label] => Student ID Number
                    [type] => text
                    [required] => 1
                    [description] => Enter your student ID number
                )

            [1] => Array
                (
                    [name] => course_code
                    [label] => Course Code
                    [type] => text
                    [required] => 1
                    [description] => Enter the course code for the module
                )

            [2] => Array
                (
                    [name] => year_level
                    [label] => Year Level
                    [type] => select
                    [required] => 1
                    [description] => Select your current year level
                    [options] => Array
                        (
                            [0] => 1st Year
                            [1] => 2nd Year
                            [2] => 3rd Year
                            [3] => 4th Year
                            [4] => 5th Year
                        )

                )

            [3] => Array
                (
                    [name] => proof_of_enrollment
                    [label] => Proof of Enrollment
                    [type] => file
                    [required] => 1
                    [allowed_types] => pdf,jpg,png
                    [description] => Upload your proof of enrollment
                )

        )

    [instructions] => Please provide all required information and documents for the course module request.
)

[13-Mar-2025 19:05:50 Europe/Berlin] Requirements is an array
[13-Mar-2025 19:05:50 Europe/Berlin] Requirements already has fields key
[13-Mar-2025 19:05:50 Europe/Berlin] Formatted requirements: Array
(
    [fields] => Array
        (
            [0] => Array
                (
                    [name] => student_id
                    [label] => Student ID Number
                    [type] => text
                    [required] => 1
                    [description] => Enter your student ID number
                )

            [1] => Array
                (
                    [name] => course_code
                    [label] => Course Code
                    [type] => text
                    [required] => 1
                    [description] => Enter the course code for the module
                )

            [2] => Array
                (
                    [name] => year_level
                    [label] => Year Level
                    [type] => select
                    [required] => 1
                    [description] => Select your current year level
                    [options] => Array
                        (
                            [0] => 1st Year
                            [1] => 2nd Year
                            [2] => 3rd Year
                            [3] => 4th Year
                            [4] => 5th Year
                        )

                )

            [3] => Array
                (
                    [name] => proof_of_enrollment
                    [label] => Proof of Enrollment
                    [type] => file
                    [required] => 1
                    [allowed_types] => pdf,jpg,png
                    [description] => Upload your proof of enrollment
                )

        )

    [instructions] => Please provide all required information and documents for the course module request.
)

[13-Mar-2025 19:05:50 Europe/Berlin] Processing type: Enrollment Certificate, Requirements: Array
(
    [fields] => Array
        (
            [0] => Array
                (
                    [name] => student_id
                    [label] => Student ID Number
                    [type] => text
                    [required] => 1
                    [description] => Enter your student ID number
                )

            [1] => Array
                (
                    [name] => year_level
                    [label] => Year Level
                    [type] => select
                    [required] => 1
                    [description] => Select your current year level
                    [options] => Array
                        (
                            [0] => 1st Year
                            [1] => 2nd Year
                            [2] => 3rd Year
                            [3] => 4th Year
                            [4] => 5th Year
                        )

                )

            [2] => Array
                (
                    [name] => purpose
                    [label] => Purpose
                    [type] => text
                    [required] => 1
                    [description] => State the purpose for requesting the certificate
                )

        )

    [instructions] => Please provide your student ID, year level, and purpose for requesting the certificate.
)

[13-Mar-2025 19:05:50 Europe/Berlin] Formatting requirements: Array
(
    [fields] => Array
        (
            [0] => Array
                (
                    [name] => student_id
                    [label] => Student ID Number
                    [type] => text
                    [required] => 1
                    [description] => Enter your student ID number
                )

            [1] => Array
                (
                    [name] => year_level
                    [label] => Year Level
                    [type] => select
                    [required] => 1
                    [description] => Select your current year level
                    [options] => Array
                        (
                            [0] => 1st Year
                            [1] => 2nd Year
                            [2] => 3rd Year
                            [3] => 4th Year
                            [4] => 5th Year
                        )

                )

            [2] => Array
                (
                    [name] => purpose
                    [label] => Purpose
                    [type] => text
                    [required] => 1
                    [description] => State the purpose for requesting the certificate
                )

        )

    [instructions] => Please provide your student ID, year level, and purpose for requesting the certificate.
)

[13-Mar-2025 19:05:50 Europe/Berlin] Requirements is an array
[13-Mar-2025 19:05:50 Europe/Berlin] Requirements already has fields key
[13-Mar-2025 19:05:50 Europe/Berlin] Formatted requirements: Array
(
    [fields] => Array
        (
            [0] => Array
                (
                    [name] => student_id
                    [label] => Student ID Number
                    [type] => text
                    [required] => 1
                    [description] => Enter your student ID number
                )

            [1] => Array
                (
                    [name] => year_level
                    [label] => Year Level
                    [type] => select
                    [required] => 1
                    [description] => Select your current year level
                    [options] => Array
                        (
                            [0] => 1st Year
                            [1] => 2nd Year
                            [2] => 3rd Year
                            [3] => 4th Year
                            [4] => 5th Year
                        )

                )

            [2] => Array
                (
                    [name] => purpose
                    [label] => Purpose
                    [type] => text
                    [required] => 1
                    [description] => State the purpose for requesting the certificate
                )

        )

    [instructions] => Please provide your student ID, year level, and purpose for requesting the certificate.
)

[13-Mar-2025 19:05:50 Europe/Berlin] Processing type: ID Replacement, Requirements: Array
(
    [fields] => Array
        (
            [0] => Array
                (
                    [name] => student_id
                    [label] => Student ID Number
                    [type] => text
                    [required] => 1
                    [description] => Enter your student ID number
                )

            [1] => Array
                (
                    [name] => affidavit_loss
                    [label] => Affidavit of Loss
                    [type] => file
                    [required] => 1
                    [allowed_types] => pdf
                    [description] => Upload notarized affidavit of loss
                )

            [2] => Array
                (
                    [name] => id_picture
                    [label] => 1x1 ID Picture
                    [type] => file
                    [required] => 1
                    [allowed_types] => jpg,png
                    [description] => 1x1 ID Picture with white background
                )

        )

    [instructions] => Please provide your student ID number and upload the required documents.
)

[13-Mar-2025 19:05:50 Europe/Berlin] Formatting requirements: Array
(
    [fields] => Array
        (
            [0] => Array
                (
                    [name] => student_id
                    [label] => Student ID Number
                    [type] => text
                    [required] => 1
                    [description] => Enter your student ID number
                )

            [1] => Array
                (
                    [name] => affidavit_loss
                    [label] => Affidavit of Loss
                    [type] => file
                    [required] => 1
                    [allowed_types] => pdf
                    [description] => Upload notarized affidavit of loss
                )

            [2] => Array
                (
                    [name] => id_picture
                    [label] => 1x1 ID Picture
                    [type] => file
                    [required] => 1
                    [allowed_types] => jpg,png
                    [description] => 1x1 ID Picture with white background
                )

        )

    [instructions] => Please provide your student ID number and upload the required documents.
)

[13-Mar-2025 19:05:50 Europe/Berlin] Requirements is an array
[13-Mar-2025 19:05:50 Europe/Berlin] Requirements already has fields key
[13-Mar-2025 19:05:50 Europe/Berlin] Formatted requirements: Array
(
    [fields] => Array
        (
            [0] => Array
                (
                    [name] => student_id
                    [label] => Student ID Number
                    [type] => text
                    [required] => 1
                    [description] => Enter your student ID number
                )

            [1] => Array
                (
                    [name] => affidavit_loss
                    [label] => Affidavit of Loss
                    [type] => file
                    [required] => 1
                    [allowed_types] => pdf
                    [description] => Upload notarized affidavit of loss
                )

            [2] => Array
                (
                    [name] => id_picture
                    [label] => 1x1 ID Picture
                    [type] => file
                    [required] => 1
                    [allowed_types] => jpg,png
                    [description] => 1x1 ID Picture with white background
                )

        )

    [instructions] => Please provide your student ID number and upload the required documents.
)

[13-Mar-2025 19:05:50 Europe/Berlin] Processing type: New Student ID, Requirements: Array
(
    [fields] => Array
        (
            [0] => Array
                (
                    [name] => student_id
                    [label] => Student ID Number
                    [type] => text
                    [required] => 1
                    [description] => Enter your student ID number
                )

            [1] => Array
                (
                    [name] => id_picture
                    [label] => 1x1 ID Picture
                    [type] => file
                    [required] => 1
                    [allowed_types] => jpg,png
                    [description] => 1x1 ID Picture with white background
                )

            [2] => Array
                (
                    [name] => enrollment_proof
                    [label] => Proof of Enrollment
                    [type] => file
                    [required] => 1
                    [allowed_types] => pdf,jpg,png
                    [description] => Upload your proof of enrollment
                )

        )

    [instructions] => Please provide your student ID number and upload the required documents.
)

[13-Mar-2025 19:05:50 Europe/Berlin] Formatting requirements: Array
(
    [fields] => Array
        (
            [0] => Array
                (
                    [name] => student_id
                    [label] => Student ID Number
                    [type] => text
                    [required] => 1
                    [description] => Enter your student ID number
                )

            [1] => Array
                (
                    [name] => id_picture
                    [label] => 1x1 ID Picture
                    [type] => file
                    [required] => 1
                    [allowed_types] => jpg,png
                    [description] => 1x1 ID Picture with white background
                )

            [2] => Array
                (
                    [name] => enrollment_proof
                    [label] => Proof of Enrollment
                    [type] => file
                    [required] => 1
                    [allowed_types] => pdf,jpg,png
                    [description] => Upload your proof of enrollment
                )

        )

    [instructions] => Please provide your student ID number and upload the required documents.
)

[13-Mar-2025 19:05:50 Europe/Berlin] Requirements is an array
[13-Mar-2025 19:05:50 Europe/Berlin] Requirements already has fields key
[13-Mar-2025 19:05:50 Europe/Berlin] Formatted requirements: Array
(
    [fields] => Array
        (
            [0] => Array
                (
                    [name] => student_id
                    [label] => Student ID Number
                    [type] => text
                    [required] => 1
                    [description] => Enter your student ID number
                )

            [1] => Array
                (
                    [name] => id_picture
                    [label] => 1x1 ID Picture
                    [type] => file
                    [required] => 1
                    [allowed_types] => jpg,png
                    [description] => 1x1 ID Picture with white background
                )

            [2] => Array
                (
                    [name] => enrollment_proof
                    [label] => Proof of Enrollment
                    [type] => file
                    [required] => 1
                    [allowed_types] => pdf,jpg,png
                    [description] => Upload your proof of enrollment
                )

        )

    [instructions] => Please provide your student ID number and upload the required documents.
)

[13-Mar-2025 19:05:50 Europe/Berlin] Processing type: PE Uniform Request, Requirements: Array
(
    [fields] => Array
        (
            [0] => Array
                (
                    [name] => student_id
                    [label] => Student ID Number
                    [type] => text
                    [required] => 1
                    [description] => Enter your student ID number
                )

            [1] => Array
                (
                    [name] => uniform_size
                    [label] => PE Uniform Size
                    [type] => select
                    [required] => 1
                    [description] => Select your PE uniform size
                    [options] => Array
                        (
                            [0] => XS
                            [1] => S
                            [2] => M
                            [3] => L
                            [4] => XL
                            [5] => XXL
                        )

                )

        )

    [instructions] => Please provide your student ID number and select your PE uniform size.
)

[13-Mar-2025 19:05:50 Europe/Berlin] Processing type: School Uniform Request, Requirements: Array
(
    [fields] => Array
        (
            [0] => Array
                (
                    [name] => student_id
                    [label] => Student ID Number
                    [type] => text
                    [required] => 1
                    [description] => Enter your student ID number
                )

            [1] => Array
                (
                    [name] => uniform_size
                    [label] => School Uniform Size
                    [type] => select
                    [required] => 1
                    [description] => Select your school uniform size
                    [options] => Array
                        (
                            [0] => XS
                            [1] => S
                            [2] => M
                            [3] => L
                            [4] => XL
                            [5] => XXL
                        )

                )

        )

    [instructions] => Please provide your student ID number and select your school uniform size.
)

[13-Mar-2025 19:05:50 Europe/Berlin] Processing type: Transcript of Records, Requirements: Array
(
    [fields] => Array
        (
            [0] => Array
                (
                    [name] => student_id
                    [label] => Student ID Number
                    [type] => text
                    [required] => 1
                    [description] => Enter your student ID number
                )

            [1] => Array
                (
                    [name] => clearance_form
                    [label] => Clearance Form
                    [type] => file
                    [required] => 1
                    [allowed_types] => pdf,jpg,png
                    [description] => Upload your completed clearance form
                )

            [2] => Array
                (
                    [name] => request_letter
                    [label] => Request Letter
                    [type] => file
                    [required] => 1
                    [allowed_types] => pdf,doc,docx
                    [description] => Upload your formal request letter
                )

        )

    [instructions] => Please submit all required documents in the specified format.
)

[13-Mar-2025 19:05:50 Europe/Berlin] Formatting requirements: Array
(
    [fields] => Array
        (
            [0] => Array
                (
                    [name] => student_id
                    [label] => Student ID Number
                    [type] => text
                    [required] => 1
                    [description] => Enter your student ID number
                )

            [1] => Array
                (
                    [name] => clearance_form
                    [label] => Clearance Form
                    [type] => file
                    [required] => 1
                    [allowed_types] => pdf,jpg,png
                    [description] => Upload your completed clearance form
                )

            [2] => Array
                (
                    [name] => request_letter
                    [label] => Request Letter
                    [type] => file
                    [required] => 1
                    [allowed_types] => pdf,doc,docx
                    [description] => Upload your formal request letter
                )

        )

    [instructions] => Please submit all required documents in the specified format.
)

[13-Mar-2025 19:05:50 Europe/Berlin] Requirements is an array
[13-Mar-2025 19:05:50 Europe/Berlin] Requirements already has fields key
[13-Mar-2025 19:05:50 Europe/Berlin] Formatted requirements: Array
(
    [fields] => Array
        (
            [0] => Array
                (
                    [name] => student_id
                    [label] => Student ID Number
                    [type] => text
                    [required] => 1
                    [description] => Enter your student ID number
                )

            [1] => Array
                (
                    [name] => clearance_form
                    [label] => Clearance Form
                    [type] => file
                    [required] => 1
                    [allowed_types] => pdf,jpg,png
                    [description] => Upload your completed clearance form
                )

            [2] => Array
                (
                    [name] => request_letter
                    [label] => Request Letter
                    [type] => file
                    [required] => 1
                    [allowed_types] => pdf,doc,docx
                    [description] => Upload your formal request letter
                )

        )

    [instructions] => Please submit all required documents in the specified format.
)

[13-Mar-2025 19:05:50 Europe/Berlin] Successfully fetched 7 request types
[13-Mar-2025 19:07:55 Europe/Berlin] Attempting to connect to database: mysql:host=localhost;dbname=upang_link
[13-Mar-2025 19:07:55 Europe/Berlin] Database connection successful
[13-Mar-2025 19:07:55 Europe/Berlin] Initializing RequestController
[13-Mar-2025 19:07:55 Europe/Berlin] Attempting to connect to database: mysql:host=localhost;dbname=upang_link
[13-Mar-2025 19:07:55 Europe/Berlin] Database connection successful
[13-Mar-2025 19:07:55 Europe/Berlin] RequestController initialized successfully
[13-Mar-2025 19:07:55 Europe/Berlin] Handling request: Method=GET, Endpoint=requests/types
[13-Mar-2025 19:07:55 Europe/Berlin] Normalized endpoint: types
[13-Mar-2025 19:07:55 Europe/Berlin] Getting request types
[13-Mar-2025 19:07:55 Europe/Berlin] Processing type: Course Module Request, Raw requirements: {"fields":[{"name":"student_id","label":"Student ID Number","type":"text","required":true,"description":"Enter your student ID number"},{"name":"course_code","label":"Course Code","type":"text","required":true,"description":"Enter the course code for the module"},{"name":"year_level","label":"Year Level","type":"select","required":true,"description":"Select your current year level","options":["1st Year","2nd Year","3rd Year","4th Year","5th Year"]},{"name":"proof_of_enrollment","label":"Proof of Enrollment","type":"file","required":true,"allowed_types":"pdf,jpg,png","description":"Upload your proof of enrollment"}],"instructions":"Please provide all required information and documents for the course module request."}
[13-Mar-2025 19:07:55 Europe/Berlin] Successfully decoded JSON requirements for Course Module Request
[13-Mar-2025 19:07:55 Europe/Berlin] Final requirements for Course Module Request: Array
(
    [fields] => Array
        (
            [0] => Array
                (
                    [name] => student_id
                    [label] => Student ID Number
                    [type] => text
                    [required] => 1
                    [description] => Enter your student ID number
                )

            [1] => Array
                (
                    [name] => course_code
                    [label] => Course Code
                    [type] => text
                    [required] => 1
                    [description] => Enter the course code for the module
                )

            [2] => Array
                (
                    [name] => year_level
                    [label] => Year Level
                    [type] => select
                    [required] => 1
                    [description] => Select your current year level
                    [options] => Array
                        (
                            [0] => 1st Year
                            [1] => 2nd Year
                            [2] => 3rd Year
                            [3] => 4th Year
                            [4] => 5th Year
                        )

                )

            [3] => Array
                (
                    [name] => proof_of_enrollment
                    [label] => Proof of Enrollment
                    [type] => file
                    [required] => 1
                    [allowed_types] => pdf,jpg,png
                    [description] => Upload your proof of enrollment
                )

        )

    [instructions] => Please provide all required information and documents for the course module request.
)

[13-Mar-2025 19:07:55 Europe/Berlin] Processing type: Enrollment Certificate, Raw requirements: {"fields":[{"name":"student_id","label":"Student ID Number","type":"text","required":true,"description":"Enter your student ID number"},{"name":"year_level","label":"Year Level","type":"select","required":true,"description":"Select your current year level","options":["1st Year","2nd Year","3rd Year","4th Year","5th Year"]},{"name":"purpose","label":"Purpose","type":"text","required":true,"description":"State the purpose for requesting the certificate"}],"instructions":"Please provide your student ID, year level, and purpose for requesting the certificate."}
[13-Mar-2025 19:07:55 Europe/Berlin] Successfully decoded JSON requirements for Enrollment Certificate
[13-Mar-2025 19:07:55 Europe/Berlin] Final requirements for Enrollment Certificate: Array
(
    [fields] => Array
        (
            [0] => Array
                (
                    [name] => student_id
                    [label] => Student ID Number
                    [type] => text
                    [required] => 1
                    [description] => Enter your student ID number
                )

            [1] => Array
                (
                    [name] => year_level
                    [label] => Year Level
                    [type] => select
                    [required] => 1
                    [description] => Select your current year level
                    [options] => Array
                        (
                            [0] => 1st Year
                            [1] => 2nd Year
                            [2] => 3rd Year
                            [3] => 4th Year
                            [4] => 5th Year
                        )

                )

            [2] => Array
                (
                    [name] => purpose
                    [label] => Purpose
                    [type] => text
                    [required] => 1
                    [description] => State the purpose for requesting the certificate
                )

        )

    [instructions] => Please provide your student ID, year level, and purpose for requesting the certificate.
)

[13-Mar-2025 19:07:55 Europe/Berlin] Processing type: ID Replacement, Raw requirements: {"fields":[{"name":"student_id","label":"Student ID Number","type":"text","required":true,"description":"Enter your student ID number"},{"name":"affidavit_loss","label":"Affidavit of Loss","type":"file","required":true,"allowed_types":"pdf","description":"Upload notarized affidavit of loss"},{"name":"id_picture","label":"1x1 ID Picture","type":"file","required":true,"allowed_types":"jpg,png","description":"1x1 ID Picture with white background"}],"instructions":"Please provide your student ID number and upload the required documents."}
[13-Mar-2025 19:07:55 Europe/Berlin] Successfully decoded JSON requirements for ID Replacement
[13-Mar-2025 19:07:55 Europe/Berlin] Final requirements for ID Replacement: Array
(
    [fields] => Array
        (
            [0] => Array
                (
                    [name] => student_id
                    [label] => Student ID Number
                    [type] => text
                    [required] => 1
                    [description] => Enter your student ID number
                )

            [1] => Array
                (
                    [name] => affidavit_loss
                    [label] => Affidavit of Loss
                    [type] => file
                    [required] => 1
                    [allowed_types] => pdf
                    [description] => Upload notarized affidavit of loss
                )

            [2] => Array
                (
                    [name] => id_picture
                    [label] => 1x1 ID Picture
                    [type] => file
                    [required] => 1
                    [allowed_types] => jpg,png
                    [description] => 1x1 ID Picture with white background
                )

        )

    [instructions] => Please provide your student ID number and upload the required documents.
)

[13-Mar-2025 19:07:55 Europe/Berlin] Processing type: New Student ID, Raw requirements: {"fields":[{"name":"id_picture","label":"1x1 ID Picture","type":"file","required":true,"allowed_types":"jpg,png","description":"1x1 ID Picture (white background, formal attire)"},{"name":"supporting_document","label":"Supporting Document","type":"file","required":true,"allowed_types":"pdf,jpg,png","description":"Schedule or enrollment receipt"},{"name":"student_id","label":"Student ID","type":"text","required":true,"description":"Enter your student ID number"},{"name":"course_code","label":"Course Code","type":"text","required":true,"description":"Enter your course code (e.g., BSIT, BSCS)"},{"name":"address","label":"Address","type":"text","required":true,"description":"Enter your complete address"},{"name":"birthdate","label":"Birthdate","type":"text","required":true,"description":"Enter your birthdate (MM\/DD\/YYYY)"},{"name":"emergency_name","label":"Emergency Contact Name","type":"text","required":true,"description":"Full name of emergency contact"},{"name":"emergency_phone","label":"Emergency Contact Phone","type":"text","required":true,"description":"Phone number of emergency contact"}],"instructions":"Please ensure your ID picture has a white background and you are wearing formal attire. Upload your schedule or enrollment receipt as supporting document. Fill in all required personal information accurately."}
[13-Mar-2025 19:07:55 Europe/Berlin] Successfully decoded JSON requirements for New Student ID
[13-Mar-2025 19:07:55 Europe/Berlin] Final requirements for New Student ID: Array
(
    [fields] => Array
        (
            [0] => Array
                (
                    [name] => id_picture
                    [label] => 1x1 ID Picture
                    [type] => file
                    [required] => 1
                    [allowed_types] => jpg,png
                    [description] => 1x1 ID Picture (white background, formal attire)
                )

            [1] => Array
                (
                    [name] => supporting_document
                    [label] => Supporting Document
                    [type] => file
                    [required] => 1
                    [allowed_types] => pdf,jpg,png
                    [description] => Schedule or enrollment receipt
                )

            [2] => Array
                (
                    [name] => student_id
                    [label] => Student ID
                    [type] => text
                    [required] => 1
                    [description] => Enter your student ID number
                )

            [3] => Array
                (
                    [name] => course_code
                    [label] => Course Code
                    [type] => text
                    [required] => 1
                    [description] => Enter your course code (e.g., BSIT, BSCS)
                )

            [4] => Array
                (
                    [name] => address
                    [label] => Address
                    [type] => text
                    [required] => 1
                    [description] => Enter your complete address
                )

            [5] => Array
                (
                    [name] => birthdate
                    [label] => Birthdate
                    [type] => text
                    [required] => 1
                    [description] => Enter your birthdate (MM/DD/YYYY)
                )

            [6] => Array
                (
                    [name] => emergency_name
                    [label] => Emergency Contact Name
                    [type] => text
                    [required] => 1
                    [description] => Full name of emergency contact
                )

            [7] => Array
                (
                    [name] => emergency_phone
                    [label] => Emergency Contact Phone
                    [type] => text
                    [required] => 1
                    [description] => Phone number of emergency contact
                )

        )

    [instructions] => Please ensure your ID picture has a white background and you are wearing formal attire. Upload your schedule or enrollment receipt as supporting document. Fill in all required personal information accurately.
)

[13-Mar-2025 19:07:55 Europe/Berlin] Processing type: PE Uniform Request, Raw requirements: {"fields":[{"name":"student_id","label":"Student ID Number","type":"text","required":true,"description":"Enter your student ID number"},{"name":"uniform_size","label":"PE Uniform Size","type":"select","required":true,"description":"Select your PE uniform size","options":["XS","S","M","L","XL","XXL"]}],"instructions":"Please provide your student ID number and select your PE uniform size."}
[13-Mar-2025 19:07:55 Europe/Berlin] Successfully decoded JSON requirements for PE Uniform Request
[13-Mar-2025 19:07:55 Europe/Berlin] Final requirements for PE Uniform Request: Array
(
    [fields] => Array
        (
            [0] => Array
                (
                    [name] => student_id
                    [label] => Student ID Number
                    [type] => text
                    [required] => 1
                    [description] => Enter your student ID number
                )

            [1] => Array
                (
                    [name] => uniform_size
                    [label] => PE Uniform Size
                    [type] => select
                    [required] => 1
                    [description] => Select your PE uniform size
                    [options] => Array
                        (
                            [0] => XS
                            [1] => S
                            [2] => M
                            [3] => L
                            [4] => XL
                            [5] => XXL
                        )

                )

        )

    [instructions] => Please provide your student ID number and select your PE uniform size.
)

[13-Mar-2025 19:07:55 Europe/Berlin] Processing type: School Uniform Request, Raw requirements: {"fields":[{"name":"student_id","label":"Student ID Number","type":"text","required":true,"description":"Enter your student ID number"},{"name":"uniform_size","label":"School Uniform Size","type":"select","required":true,"description":"Select your school uniform size","options":["XS","S","M","L","XL","XXL"]}],"instructions":"Please provide your student ID number and select your school uniform size."}
[13-Mar-2025 19:07:55 Europe/Berlin] Successfully decoded JSON requirements for School Uniform Request
[13-Mar-2025 19:07:55 Europe/Berlin] Final requirements for School Uniform Request: Array
(
    [fields] => Array
        (
            [0] => Array
                (
                    [name] => student_id
                    [label] => Student ID Number
                    [type] => text
                    [required] => 1
                    [description] => Enter your student ID number
                )

            [1] => Array
                (
                    [name] => uniform_size
                    [label] => School Uniform Size
                    [type] => select
                    [required] => 1
                    [description] => Select your school uniform size
                    [options] => Array
                        (
                            [0] => XS
                            [1] => S
                            [2] => M
                            [3] => L
                            [4] => XL
                            [5] => XXL
                        )

                )

        )

    [instructions] => Please provide your student ID number and select your school uniform size.
)

[13-Mar-2025 19:07:55 Europe/Berlin] Processing type: Transcript of Records, Raw requirements: {"fields":[{"name":"student_id","label":"Student ID Number","type":"text","required":true,"description":"Enter your student ID number"},{"name":"clearance_form","label":"Clearance Form","type":"file","required":true,"allowed_types":"pdf,jpg,png","description":"Upload your completed clearance form"},{"name":"request_letter","label":"Request Letter","type":"file","required":true,"allowed_types":"pdf,doc,docx","description":"Upload your formal request letter"}],"instructions":"Please submit all required documents in the specified format."}
[13-Mar-2025 19:07:55 Europe/Berlin] Successfully decoded JSON requirements for Transcript of Records
[13-Mar-2025 19:07:55 Europe/Berlin] Final requirements for Transcript of Records: Array
(
    [fields] => Array
        (
            [0] => Array
                (
                    [name] => student_id
                    [label] => Student ID Number
                    [type] => text
                    [required] => 1
                    [description] => Enter your student ID number
                )

            [1] => Array
                (
                    [name] => clearance_form
                    [label] => Clearance Form
                    [type] => file
                    [required] => 1
                    [allowed_types] => pdf,jpg,png
                    [description] => Upload your completed clearance form
                )

            [2] => Array
                (
                    [name] => request_letter
                    [label] => Request Letter
                    [type] => file
                    [required] => 1
                    [allowed_types] => pdf,doc,docx
                    [description] => Upload your formal request letter
                )

        )

    [instructions] => Please submit all required documents in the specified format.
)

[13-Mar-2025 19:07:55 Europe/Berlin] Processing type: Course Module Request, Requirements: Array
(
    [fields] => Array
        (
            [0] => Array
                (
                    [name] => student_id
                    [label] => Student ID Number
                    [type] => text
                    [required] => 1
                    [description] => Enter your student ID number
                )

            [1] => Array
                (
                    [name] => course_code
                    [label] => Course Code
                    [type] => text
                    [required] => 1
                    [description] => Enter the course code for the module
                )

            [2] => Array
                (
                    [name] => year_level
                    [label] => Year Level
                    [type] => select
                    [required] => 1
                    [description] => Select your current year level
                    [options] => Array
                        (
                            [0] => 1st Year
                            [1] => 2nd Year
                            [2] => 3rd Year
                            [3] => 4th Year
                            [4] => 5th Year
                        )

                )

            [3] => Array
                (
                    [name] => proof_of_enrollment
                    [label] => Proof of Enrollment
                    [type] => file
                    [required] => 1
                    [allowed_types] => pdf,jpg,png
                    [description] => Upload your proof of enrollment
                )

        )

    [instructions] => Please provide all required information and documents for the course module request.
)

[13-Mar-2025 19:07:55 Europe/Berlin] Formatting requirements: Array
(
    [fields] => Array
        (
            [0] => Array
                (
                    [name] => student_id
                    [label] => Student ID Number
                    [type] => text
                    [required] => 1
                    [description] => Enter your student ID number
                )

            [1] => Array
                (
                    [name] => course_code
                    [label] => Course Code
                    [type] => text
                    [required] => 1
                    [description] => Enter the course code for the module
                )

            [2] => Array
                (
                    [name] => year_level
                    [label] => Year Level
                    [type] => select
                    [required] => 1
                    [description] => Select your current year level
                    [options] => Array
                        (
                            [0] => 1st Year
                            [1] => 2nd Year
                            [2] => 3rd Year
                            [3] => 4th Year
                            [4] => 5th Year
                        )

                )

            [3] => Array
                (
                    [name] => proof_of_enrollment
                    [label] => Proof of Enrollment
                    [type] => file
                    [required] => 1
                    [allowed_types] => pdf,jpg,png
                    [description] => Upload your proof of enrollment
                )

        )

    [instructions] => Please provide all required information and documents for the course module request.
)

[13-Mar-2025 19:07:55 Europe/Berlin] Requirements is an array
[13-Mar-2025 19:07:55 Europe/Berlin] Requirements already has fields key
[13-Mar-2025 19:07:55 Europe/Berlin] Formatted requirements: Array
(
    [fields] => Array
        (
            [0] => Array
                (
                    [name] => student_id
                    [label] => Student ID Number
                    [type] => text
                    [required] => 1
                    [description] => Enter your student ID number
                )

            [1] => Array
                (
                    [name] => course_code
                    [label] => Course Code
                    [type] => text
                    [required] => 1
                    [description] => Enter the course code for the module
                )

            [2] => Array
                (
                    [name] => year_level
                    [label] => Year Level
                    [type] => select
                    [required] => 1
                    [description] => Select your current year level
                    [options] => Array
                        (
                            [0] => 1st Year
                            [1] => 2nd Year
                            [2] => 3rd Year
                            [3] => 4th Year
                            [4] => 5th Year
                        )

                )

            [3] => Array
                (
                    [name] => proof_of_enrollment
                    [label] => Proof of Enrollment
                    [type] => file
                    [required] => 1
                    [allowed_types] => pdf,jpg,png
                    [description] => Upload your proof of enrollment
                )

        )

    [instructions] => Please provide all required information and documents for the course module request.
)

[13-Mar-2025 19:07:55 Europe/Berlin] Processing type: Enrollment Certificate, Requirements: Array
(
    [fields] => Array
        (
            [0] => Array
                (
                    [name] => student_id
                    [label] => Student ID Number
                    [type] => text
                    [required] => 1
                    [description] => Enter your student ID number
                )

            [1] => Array
                (
                    [name] => year_level
                    [label] => Year Level
                    [type] => select
                    [required] => 1
                    [description] => Select your current year level
                    [options] => Array
                        (
                            [0] => 1st Year
                            [1] => 2nd Year
                            [2] => 3rd Year
                            [3] => 4th Year
                            [4] => 5th Year
                        )

                )

            [2] => Array
                (
                    [name] => purpose
                    [label] => Purpose
                    [type] => text
                    [required] => 1
                    [description] => State the purpose for requesting the certificate
                )

        )

    [instructions] => Please provide your student ID, year level, and purpose for requesting the certificate.
)

[13-Mar-2025 19:07:55 Europe/Berlin] Formatting requirements: Array
(
    [fields] => Array
        (
            [0] => Array
                (
                    [name] => student_id
                    [label] => Student ID Number
                    [type] => text
                    [required] => 1
                    [description] => Enter your student ID number
                )

            [1] => Array
                (
                    [name] => year_level
                    [label] => Year Level
                    [type] => select
                    [required] => 1
                    [description] => Select your current year level
                    [options] => Array
                        (
                            [0] => 1st Year
                            [1] => 2nd Year
                            [2] => 3rd Year
                            [3] => 4th Year
                            [4] => 5th Year
                        )

                )

            [2] => Array
                (
                    [name] => purpose
                    [label] => Purpose
                    [type] => text
                    [required] => 1
                    [description] => State the purpose for requesting the certificate
                )

        )

    [instructions] => Please provide your student ID, year level, and purpose for requesting the certificate.
)

[13-Mar-2025 19:07:55 Europe/Berlin] Requirements is an array
[13-Mar-2025 19:07:55 Europe/Berlin] Requirements already has fields key
[13-Mar-2025 19:07:55 Europe/Berlin] Formatted requirements: Array
(
    [fields] => Array
        (
            [0] => Array
                (
                    [name] => student_id
                    [label] => Student ID Number
                    [type] => text
                    [required] => 1
                    [description] => Enter your student ID number
                )

            [1] => Array
                (
                    [name] => year_level
                    [label] => Year Level
                    [type] => select
                    [required] => 1
                    [description] => Select your current year level
                    [options] => Array
                        (
                            [0] => 1st Year
                            [1] => 2nd Year
                            [2] => 3rd Year
                            [3] => 4th Year
                            [4] => 5th Year
                        )

                )

            [2] => Array
                (
                    [name] => purpose
                    [label] => Purpose
                    [type] => text
                    [required] => 1
                    [description] => State the purpose for requesting the certificate
                )

        )

    [instructions] => Please provide your student ID, year level, and purpose for requesting the certificate.
)

[13-Mar-2025 19:07:55 Europe/Berlin] Processing type: ID Replacement, Requirements: Array
(
    [fields] => Array
        (
            [0] => Array
                (
                    [name] => student_id
                    [label] => Student ID Number
                    [type] => text
                    [required] => 1
                    [description] => Enter your student ID number
                )

            [1] => Array
                (
                    [name] => affidavit_loss
                    [label] => Affidavit of Loss
                    [type] => file
                    [required] => 1
                    [allowed_types] => pdf
                    [description] => Upload notarized affidavit of loss
                )

            [2] => Array
                (
                    [name] => id_picture
                    [label] => 1x1 ID Picture
                    [type] => file
                    [required] => 1
                    [allowed_types] => jpg,png
                    [description] => 1x1 ID Picture with white background
                )

        )

    [instructions] => Please provide your student ID number and upload the required documents.
)

[13-Mar-2025 19:07:55 Europe/Berlin] Formatting requirements: Array
(
    [fields] => Array
        (
            [0] => Array
                (
                    [name] => student_id
                    [label] => Student ID Number
                    [type] => text
                    [required] => 1
                    [description] => Enter your student ID number
                )

            [1] => Array
                (
                    [name] => affidavit_loss
                    [label] => Affidavit of Loss
                    [type] => file
                    [required] => 1
                    [allowed_types] => pdf
                    [description] => Upload notarized affidavit of loss
                )

            [2] => Array
                (
                    [name] => id_picture
                    [label] => 1x1 ID Picture
                    [type] => file
                    [required] => 1
                    [allowed_types] => jpg,png
                    [description] => 1x1 ID Picture with white background
                )

        )

    [instructions] => Please provide your student ID number and upload the required documents.
)

[13-Mar-2025 19:07:55 Europe/Berlin] Requirements is an array
[13-Mar-2025 19:07:55 Europe/Berlin] Requirements already has fields key
[13-Mar-2025 19:07:55 Europe/Berlin] Formatted requirements: Array
(
    [fields] => Array
        (
            [0] => Array
                (
                    [name] => student_id
                    [label] => Student ID Number
                    [type] => text
                    [required] => 1
                    [description] => Enter your student ID number
                )

            [1] => Array
                (
                    [name] => affidavit_loss
                    [label] => Affidavit of Loss
                    [type] => file
                    [required] => 1
                    [allowed_types] => pdf
                    [description] => Upload notarized affidavit of loss
                )

            [2] => Array
                (
                    [name] => id_picture
                    [label] => 1x1 ID Picture
                    [type] => file
                    [required] => 1
                    [allowed_types] => jpg,png
                    [description] => 1x1 ID Picture with white background
                )

        )

    [instructions] => Please provide your student ID number and upload the required documents.
)

[13-Mar-2025 19:07:55 Europe/Berlin] Processing type: New Student ID, Requirements: Array
(
    [fields] => Array
        (
            [0] => Array
                (
                    [name] => id_picture
                    [label] => 1x1 ID Picture
                    [type] => file
                    [required] => 1
                    [allowed_types] => jpg,png
                    [description] => 1x1 ID Picture (white background, formal attire)
                )

            [1] => Array
                (
                    [name] => supporting_document
                    [label] => Supporting Document
                    [type] => file
                    [required] => 1
                    [allowed_types] => pdf,jpg,png
                    [description] => Schedule or enrollment receipt
                )

            [2] => Array
                (
                    [name] => student_id
                    [label] => Student ID
                    [type] => text
                    [required] => 1
                    [description] => Enter your student ID number
                )

            [3] => Array
                (
                    [name] => course_code
                    [label] => Course Code
                    [type] => text
                    [required] => 1
                    [description] => Enter your course code (e.g., BSIT, BSCS)
                )

            [4] => Array
                (
                    [name] => address
                    [label] => Address
                    [type] => text
                    [required] => 1
                    [description] => Enter your complete address
                )

            [5] => Array
                (
                    [name] => birthdate
                    [label] => Birthdate
                    [type] => text
                    [required] => 1
                    [description] => Enter your birthdate (MM/DD/YYYY)
                )

            [6] => Array
                (
                    [name] => emergency_name
                    [label] => Emergency Contact Name
                    [type] => text
                    [required] => 1
                    [description] => Full name of emergency contact
                )

            [7] => Array
                (
                    [name] => emergency_phone
                    [label] => Emergency Contact Phone
                    [type] => text
                    [required] => 1
                    [description] => Phone number of emergency contact
                )

        )

    [instructions] => Please ensure your ID picture has a white background and you are wearing formal attire. Upload your schedule or enrollment receipt as supporting document. Fill in all required personal information accurately.
)

[13-Mar-2025 19:07:55 Europe/Berlin] Formatting requirements: Array
(
    [fields] => Array
        (
            [0] => Array
                (
                    [name] => id_picture
                    [label] => 1x1 ID Picture
                    [type] => file
                    [required] => 1
                    [allowed_types] => jpg,png
                    [description] => 1x1 ID Picture (white background, formal attire)
                )

            [1] => Array
                (
                    [name] => supporting_document
                    [label] => Supporting Document
                    [type] => file
                    [required] => 1
                    [allowed_types] => pdf,jpg,png
                    [description] => Schedule or enrollment receipt
                )

            [2] => Array
                (
                    [name] => student_id
                    [label] => Student ID
                    [type] => text
                    [required] => 1
                    [description] => Enter your student ID number
                )

            [3] => Array
                (
                    [name] => course_code
                    [label] => Course Code
                    [type] => text
                    [required] => 1
                    [description] => Enter your course code (e.g., BSIT, BSCS)
                )

            [4] => Array
                (
                    [name] => address
                    [label] => Address
                    [type] => text
                    [required] => 1
                    [description] => Enter your complete address
                )

            [5] => Array
                (
                    [name] => birthdate
                    [label] => Birthdate
                    [type] => text
                    [required] => 1
                    [description] => Enter your birthdate (MM/DD/YYYY)
                )

            [6] => Array
                (
                    [name] => emergency_name
                    [label] => Emergency Contact Name
                    [type] => text
                    [required] => 1
                    [description] => Full name of emergency contact
                )

            [7] => Array
                (
                    [name] => emergency_phone
                    [label] => Emergency Contact Phone
                    [type] => text
                    [required] => 1
                    [description] => Phone number of emergency contact
                )

        )

    [instructions] => Please ensure your ID picture has a white background and you are wearing formal attire. Upload your schedule or enrollment receipt as supporting document. Fill in all required personal information accurately.
)

[13-Mar-2025 19:07:55 Europe/Berlin] Requirements is an array
[13-Mar-2025 19:07:55 Europe/Berlin] Requirements already has fields key
[13-Mar-2025 19:07:55 Europe/Berlin] Formatted requirements: Array
(
    [fields] => Array
        (
            [0] => Array
                (
                    [name] => id_picture
                    [label] => 1x1 ID Picture
                    [type] => file
                    [required] => 1
                    [allowed_types] => jpg,png
                    [description] => 1x1 ID Picture (white background, formal attire)
                )

            [1] => Array
                (
                    [name] => supporting_document
                    [label] => Supporting Document
                    [type] => file
                    [required] => 1
                    [allowed_types] => pdf,jpg,png
                    [description] => Schedule or enrollment receipt
                )

            [2] => Array
                (
                    [name] => student_id
                    [label] => Student ID
                    [type] => text
                    [required] => 1
                    [description] => Enter your student ID number
                )

            [3] => Array
                (
                    [name] => course_code
                    [label] => Course Code
                    [type] => text
                    [required] => 1
                    [description] => Enter your course code (e.g., BSIT, BSCS)
                )

            [4] => Array
                (
                    [name] => address
                    [label] => Address
                    [type] => text
                    [required] => 1
                    [description] => Enter your complete address
                )

            [5] => Array
                (
                    [name] => birthdate
                    [label] => Birthdate
                    [type] => text
                    [required] => 1
                    [description] => Enter your birthdate (MM/DD/YYYY)
                )

            [6] => Array
                (
                    [name] => emergency_name
                    [label] => Emergency Contact Name
                    [type] => text
                    [required] => 1
                    [description] => Full name of emergency contact
                )

            [7] => Array
                (
                    [name] => emergency_phone
                    [label] => Emergency Contact Phone
                    [type] => text
                    [required] => 1
                    [description] => Phone number of emergency contact
                )

        )

    [instructions] => Please ensure your ID picture has a white background and you are wearing formal attire. Upload your schedule or enrollment receipt as supporting document. Fill in all required personal information accurately.
)

[13-Mar-2025 19:07:55 Europe/Berlin] Processing type: PE Uniform Request, Requirements: Array
(
    [fields] => Array
        (
            [0] => Array
                (
                    [name] => student_id
                    [label] => Student ID Number
                    [type] => text
                    [required] => 1
                    [description] => Enter your student ID number
                )

            [1] => Array
                (
                    [name] => uniform_size
                    [label] => PE Uniform Size
                    [type] => select
                    [required] => 1
                    [description] => Select your PE uniform size
                    [options] => Array
                        (
                            [0] => XS
                            [1] => S
                            [2] => M
                            [3] => L
                            [4] => XL
                            [5] => XXL
                        )

                )

        )

    [instructions] => Please provide your student ID number and select your PE uniform size.
)

[13-Mar-2025 19:07:55 Europe/Berlin] Processing type: School Uniform Request, Requirements: Array
(
    [fields] => Array
        (
            [0] => Array
                (
                    [name] => student_id
                    [label] => Student ID Number
                    [type] => text
                    [required] => 1
                    [description] => Enter your student ID number
                )

            [1] => Array
                (
                    [name] => uniform_size
                    [label] => School Uniform Size
                    [type] => select
                    [required] => 1
                    [description] => Select your school uniform size
                    [options] => Array
                        (
                            [0] => XS
                            [1] => S
                            [2] => M
                            [3] => L
                            [4] => XL
                            [5] => XXL
                        )

                )

        )

    [instructions] => Please provide your student ID number and select your school uniform size.
)

[13-Mar-2025 19:07:55 Europe/Berlin] Processing type: Transcript of Records, Requirements: Array
(
    [fields] => Array
        (
            [0] => Array
                (
                    [name] => student_id
                    [label] => Student ID Number
                    [type] => text
                    [required] => 1
                    [description] => Enter your student ID number
                )

            [1] => Array
                (
                    [name] => clearance_form
                    [label] => Clearance Form
                    [type] => file
                    [required] => 1
                    [allowed_types] => pdf,jpg,png
                    [description] => Upload your completed clearance form
                )

            [2] => Array
                (
                    [name] => request_letter
                    [label] => Request Letter
                    [type] => file
                    [required] => 1
                    [allowed_types] => pdf,doc,docx
                    [description] => Upload your formal request letter
                )

        )

    [instructions] => Please submit all required documents in the specified format.
)

[13-Mar-2025 19:07:55 Europe/Berlin] Formatting requirements: Array
(
    [fields] => Array
        (
            [0] => Array
                (
                    [name] => student_id
                    [label] => Student ID Number
                    [type] => text
                    [required] => 1
                    [description] => Enter your student ID number
                )

            [1] => Array
                (
                    [name] => clearance_form
                    [label] => Clearance Form
                    [type] => file
                    [required] => 1
                    [allowed_types] => pdf,jpg,png
                    [description] => Upload your completed clearance form
                )

            [2] => Array
                (
                    [name] => request_letter
                    [label] => Request Letter
                    [type] => file
                    [required] => 1
                    [allowed_types] => pdf,doc,docx
                    [description] => Upload your formal request letter
                )

        )

    [instructions] => Please submit all required documents in the specified format.
)

[13-Mar-2025 19:07:55 Europe/Berlin] Requirements is an array
[13-Mar-2025 19:07:55 Europe/Berlin] Requirements already has fields key
[13-Mar-2025 19:07:55 Europe/Berlin] Formatted requirements: Array
(
    [fields] => Array
        (
            [0] => Array
                (
                    [name] => student_id
                    [label] => Student ID Number
                    [type] => text
                    [required] => 1
                    [description] => Enter your student ID number
                )

            [1] => Array
                (
                    [name] => clearance_form
                    [label] => Clearance Form
                    [type] => file
                    [required] => 1
                    [allowed_types] => pdf,jpg,png
                    [description] => Upload your completed clearance form
                )

            [2] => Array
                (
                    [name] => request_letter
                    [label] => Request Letter
                    [type] => file
                    [required] => 1
                    [allowed_types] => pdf,doc,docx
                    [description] => Upload your formal request letter
                )

        )

    [instructions] => Please submit all required documents in the specified format.
)

[13-Mar-2025 19:07:55 Europe/Berlin] Successfully fetched 7 request types
